INdex,INdex.1,INdex.1.1,Magnitude,Station Name,Epicenter distance,Hypocenter distance,Focal depth,Station_Lon,Station_Lat,Epicenter_Lon,Epicenter_Lat,PGA,Tau_p,Tau_c,Origin Time,Rec Start Time,Vs30,Vs_20,Vs_10,Vs_5,PI_v,T_va,RSSC Vel,CAV,CAD,ID_2,IV_2,Arias intensity UD,Arias intensity NS,Arias intensity EW,PGV UD 3 sec,PGD UD 3 sec,PGA UD 3 sec,Max Acc Index UD,Max Acc Index NS,Max Acc Index EW,Max Vel Index UD,Max Disp Index UD,Total PGV UD,Total PGD UD,Total PGV NS,Total PGD NS,Total PGV EW,Total PGD EW,V VS ACC
0,0,0,3.6,HRS002,55.06508144,56.35745908,12,133.2755,34.8951,133.297,35.39,6.411,1.5,3.230168205,07:40:00,07:40:56,833,555,278,175,-8.338710396,1.006709349,0.089777621,1.406416838,0.665501614,2.12E-05,8.03E-05,0.512579827,1.717400446,4.310719752,0.008146163,0.005520617,0.050842729,28,2,2,289,299,0.001015537,6.87E-05,0.005047277,0.000147831,0.003938851,0.000222354,0.160222769
1,1,1,3.6,HRS021,51.28022818,52.66556562,12,133.1171,34.9529,133.297,35.39,2.351,0.01010101,1.799248523,07:40:00,07:40:49,690,460,230,141,-10.93306866,0.113596546,0.004831385,0.070523486,0.020809956,1.91E-08,2.33E-07,0.003024153,0.059842428,0.003679344,0.000691947,0.000148572,0.038272544,15,156,262,179,299,0.000644561,4.32E-05,0.00086767,6.81E-05,0.000654176,4.69E-05,0.018079452
2,2,2,3.6,OKY005,57.85633392,59.08769224,12,133.7317,35.0098,133.297,35.39,3.544,1.5,3.139861759,07:40:00,07:40:57,464,309,155,92,-9.468282901,1.382456205,0.052330928,0.80798677,0.373731239,6.81E-06,2.73E-05,0.172399826,0.005524872,0.025560274,0.00518795,0.003284381,0.023578939,37,71,119,294,299,0.000593202,4.44E-05,0.000476826,2.14E-05,0.00072167,4.72E-05,0.220024739
7,7,7,3.6,TTR009,25.26647568,27.97132091,12,133.3063,35.1629,133.297,35.39,4.068,1.5,1.886227627,07:40:00,07:40:48,559,373,307,257,-4.927568866,0.071137005,0.068164534,0.917127916,0.312723693,4.19E-06,4.65E-05,0.151898261,0.273117335,0.190200371,0.012603606,0.001897413,1.113215131,89,84,140,16,269,0.000323215,2.31E-05,0.000492354,3.63E-05,0.000537844,3.40E-05,0.011321806
17,17,17,3.6,HRS002,55.06508144,56.35745908,12,133.2755,34.8951,133.297,35.39,6.411,1.5,3.230168205,07:40:00,07:40:56,833,555,278,175,-8.338710396,1.006709349,0.089777621,1.406416838,0.665501614,2.12E-05,8.03E-05,0.512579827,1.717400446,4.310719752,0.008146163,0.005520617,0.050842729,28,2,2,289,299,0.001015537,6.87E-05,0.005047277,0.000147831,0.003938851,0.000222354,0.160222769
18,18,18,3.6,HRS021,51.28022818,52.66556562,12,133.1171,34.9529,133.297,35.39,2.351,0.01010101,1.799248523,07:40:00,07:40:49,690,460,230,141,-10.93306866,0.113596546,0.004831385,0.070523486,0.020809956,1.91E-08,2.33E-07,0.003024153,0.059842428,0.003679344,0.000691947,0.000148572,0.038272544,15,156,262,179,299,0.000644561,4.32E-05,0.00086767,6.81E-05,0.000654176,4.69E-05,0.018079452
19,19,19,3.6,OKY005,57.85633392,59.08769224,12,133.7317,35.0098,133.297,35.39,3.544,1.5,3.139861759,07:40:00,07:40:57,464,309,155,92,-9.468282901,1.382456205,0.052330928,0.80798677,0.373731239,6.81E-06,2.73E-05,0.172399826,0.005524872,0.025560274,0.00518795,0.003284381,0.023578939,37,71,119,294,299,0.000593202,4.44E-05,0.000476826,2.14E-05,0.00072167,4.72E-05,0.220024739
24,24,24,3.6,TTR009,25.26647568,27.97132091,12,133.3063,35.1629,133.297,35.39,4.068,1.5,1.886227627,07:40:00,07:40:48,559,373,307,257,-4.927568866,0.071137005,0.068164534,0.917127916,0.312723693,4.19E-06,4.65E-05,0.151898261,0.273117335,0.190200371,0.012603606,0.001897413,1.113215131,89,84,140,16,269,0.000323215,2.31E-05,0.000492354,3.63E-05,0.000537844,3.40E-05,0.011321806
35,35,35,3.6,HRS002,43.14583771,45.67891539,15,133.2755,34.8951,133.325,35.281,10.321,1.5,3.214123748,17:29:00,17:29:23,833,555,278,175,-8.351204852,0.587014895,0.049716628,0.77108717,0.367512368,6.44E-06,2.46E-05,0.156962505,8.204583087,3.476434636,0.004863802,0.003055815,0.052060294,283,3,2,284,299,0.000692065,4.48E-05,0.003762963,0.000279773,0.002615452,0.000178719,0.093426322
36,36,36,3.6,HRS005,56.1872152,58.15499249,15,133.2807,34.777,133.325,35.281,11.656,1.5,2.788900991,17:29:00,17:29:27,730,487,266,172,-5.470916481,0.228005366,0.048692215,0.596445145,0.338219225,4.67E-06,2.37E-05,0.567689708,0.054430097,0.047413297,0.013080729,0.001789544,0.360468013,8,287,65,7,58,0.000469191,3.74E-05,0.000457554,2.64E-05,0.000466606,2.91E-05,0.036288181
37,37,37,3.6,HRS021,41.09237225,43.74452031,15,133.1171,34.9529,133.325,35.281,4.942,1.5,3.185525692,17:29:00,17:29:23,690,460,230,141,-7.978063639,1.206412443,0.101041114,1.56521992,0.733724802,2.61E-05,0.000101641,0.60849063,0.496564116,0.008605893,0.009512943,0.006277552,0.049544899,2,36,26,299,299,0.00122192,7.48E-05,0.002224186,0.00015974,0.000380244,3.23E-05,0.192006504
38,38,38,3.6,OKY004,39.36155555,42.12282108,15,133.5018,34.9579,133.325,35.281,7.123,1.5,2.201242667,17:29:00,17:29:22,733,488,244,161,-6.172088289,0.127488035,0.032841916,0.430376737,0.178911745,1.32E-06,1.08E-05,0.027376686,0.269282609,0.059601044,0.008014375,0.001074107,0.394984529,9,232,22,8,217,0.000517786,2.82E-05,0.000403821,2.85E-05,0.000373886,3.06E-05,0.020290351
44,44,44,3.6,HRS002,52.41711804,53.18415426,9,133.2755,34.8951,133.302,35.366,14.826,1.5,1.449980543,06:33:00,06:33:20,833,555,278,175,-6.683693153,0.058167452,0.021021171,0.277754433,0.07200757,2.35E-07,4.42E-06,0.009884244,0.022271993,0.023444406,0.004217414,0.000505683,0.455560527,88,108,85,16,184,0.000469152,3.64E-05,0.000695697,4.07E-05,0.000499587,2.52E-05,0.009257638
45,45,45,3.6,HRS005,65.52249075,66.13771084,9,133.2807,34.777,133.302,35.366,4.744,0.010869565,1.380510439,06:33:00,06:33:24,730,487,266,172,-6.535853978,0.084361954,0.033948285,0.457588911,0.113578519,5.56E-07,1.15E-05,0.056117087,0.074812263,0.041933399,0.006922539,0.000864166,0.515583068,53,127,58,69,296,0.000430456,3.79E-05,0.000355447,3.00E-05,0.000501786,3.32E-05,0.013426622
46,46,46,3.6,HRS021,48.91342872,49.73453035,9,133.1171,34.9529,133.302,35.366,6.434,1.5,3.201580301,06:33:00,06:33:20,690,460,230,141,-6.291747737,0.67856285,0.258464138,4.01301576,1.888819846,0.000172742,0.000665317,4.117048938,18.52179068,0.001994137,0.023505477,0.016051297,0.217650089,14,11,3,295,299,0.003396254,0.000215377,0.007772955,0.000598701,0.001244061,4.31E-05,0.107996632
47,47,47,3.6,OKY004,48.87847807,49.70015713,9,133.5018,34.9579,133.302,35.366,7.606,1.5,3.105867983,06:33:00,06:33:19,733,488,244,161,-8.882141399,1.289074478,0.049573519,0.745696345,0.355477732,5.96E-06,2.44E-05,0.265558054,0.242885812,0.01235513,0.005977985,0.003109954,0.029137795,14,39,64,299,299,0.000815256,5.36E-05,0.000667662,4.94E-05,0.000411615,2.73E-05,0.205162575
48,48,48,3.6,OKY005,55.62017295,56.3436211,9,133.7317,35.0098,133.302,35.366,2.492,1.5,1.470725926,06:33:00,06:33:22,464,309,155,92,-5.268546376,0.101533548,0.058950401,0.795286663,0.215742512,1.90E-06,3.47E-05,0.196587086,0.13168726,0.143059639,0.011380058,0.001188883,0.704230443,95,62,44,5,289,0.000607686,3.70E-05,0.000649617,3.89E-05,0.000373365,2.25E-05,0.016159566
51,51,51,3.6,TTR005,47.94682879,48.78420227,9,133.8253,35.429,133.302,35.366,4.252,1.5,3.199124501,06:33:00,06:33:19,330,220,110,106,-10.01932677,0.648267193,0.032586984,0.509347678,0.237711133,2.74E-06,1.06E-05,0.051223384,0.000661039,0.05098236,0.003133607,0.001985777,0.030371785,14,256,34,294,299,0.000566288,5.23E-05,0.000522332,2.93E-05,0.000506315,3.27E-05,0.103174928
54,54,54,3.6,HRS001,82.87412724,83.60096271,11,132.9018,35.0337,133.717,35.368,3.344,1.5,3.016870784,10:40:00,10:41:15,591,394,197,122,-4.460118149,0.142739368,0.099728415,1.338196562,0.742635869,2.29E-05,9.94E-05,1.257003154,0.066287567,0.042637233,0.02291468,0.004451854,1.008671818,2,17,16,4,296,0.000395697,3.34E-05,0.001398631,0.000116569,0.000445348,3.11E-05,0.022717676
57,57,57,3.6,TTR003,44.56779599,45.90521147,11,134.2075,35.3432,133.717,35.368,2.728,1.5,1.636042389,10:40:00,10:41:05,830,553,277,175,-6.405187843,0.065982426,0.03241589,0.410447212,0.111668794,7.11E-07,1.05E-05,0.032445239,0.035053878,0.029168075,0.005554271,0.001283576,0.528906196,196,127,280,85,299,0.00058424,2.27E-05,0.000776604,3.12E-05,0.000577638,3.14E-05,0.010501429
61,61,61,3.6,HRS021,38.65988969,39.93228106,10,133.1171,34.9529,133.422,35.195,6.568,1.5,3.184269986,20:04:00,20:05:03,690,460,230,141,-6.314068054,0.582644111,0.161564293,2.486786748,1.169607596,6.68E-05,0.000259948,1.62469036,1.153473916,6.349444457,0.015641364,0.010079607,0.168675158,174,54,2,280,299,0.001913103,0.000134188,0.00201917,0.000108443,0.003633978,0.000272069,0.09273069
62,62,62,3.6,TTR005,44.90154354,46.00161532,10,133.8253,35.429,133.422,35.195,2.672,1.5,2.22786001,20:04:00,20:05:05,330,220,110,106,-7.281751146,0.0968639,0.022035889,0.303089778,0.115194739,6.09E-07,4.84E-06,0.048094401,0.022437576,0.017882742,0.003975538,0.000879439,0.2578777,288,133,234,95,299,0.000568277,2.83E-05,0.000825493,4.58E-05,0.000823745,3.92E-05,0.015416369
84,84,84,3.6,SMN008,29.60462912,30.20652356,6,132.5308,34.8523,132.785,35.018,3.741,1.5,3.300511241,10:22:00,10:23:02,698,465,233,159,-9.503629656,0.987028714,0.046011315,0.725804727,0.350172936,5.82E-06,2.11E-05,0.124113898,0.091313681,0.009319751,0.00398149,0.002739396,0.025345197,5,11,72,279,299,0.000630117,4.38E-05,0.000574767,4.95E-05,0.000298673,1.54E-05,0.157090499
85,85,85,3.6,HRS006,109.2120408,109.6689102,10,132.4077,34.6659,133.38,35.24,3.153,0.010204082,1.392080251,08:30:00,08:31:21,719,480,240,145,-8.148166387,0.093964237,0.015974845,0.217777406,0.053703623,1.25E-07,2.55E-06,0.013385051,0.031736991,0.057313456,0.002856187,0.000333736,0.190987023,47,37,7,7,47,0.0033121,0.000142904,0.003260207,8.85E-05,0.005446305,0.000171248,0.014954873
86,86,86,3.6,HRS021,39.89009339,41.12443983,10,133.1171,34.9529,133.38,35.24,3.667,1.5,2.773957563,08:30:00,08:31:02,690,460,230,141,-7.453210838,0.101973734,0.0185675,0.278112775,0.116818908,6.72E-07,3.45E-06,0.029459185,0.177765031,0.162754928,0.003524106,0.001108709,0.21714033,297,268,295,296,298,0.001783169,2.86E-05,0.001851201,0.000137169,0.000767676,3.84E-05,0.016229624
87,87,87,3.6,SMN001,38.54237375,39.8185205,10,133.1612,35.5372,133.38,35.24,15.613,0.230769231,0.835665219,08:30:00,08:31:02,531,354,177,117,-5.881617935,0.138493173,0.038106142,0.363134149,0.070239878,2.57E-07,1.45E-05,0.059933499,0.028461427,0.118382412,0.011157692,0.000604723,0.50620434,250,288,266,253,250,0.000548463,2.99E-05,0.000598317,3.51E-05,0.000631808,3.68E-05,0.022041873
88,88,88,3.6,SMN003,26.93700799,28.73329774,10,133.0929,35.1795,133.38,35.24,7.062,3,2.431027661,08:30:00,08:30:58,544,363,181,102,-9.807509046,0.152916231,0.009796763,0.13573036,0.047245562,1.44E-07,9.59E-07,0.003147107,0.01340574,0.007041611,0.001405622,0.000509472,0.057755699,35,195,50,244,298,0.000508839,3.39E-05,0.000576043,3.62E-05,0.00069901,5.01E-05,0.024337374
89,89,89,3.6,SMN008,88.51356791,89.07666195,10,132.5308,34.8523,133.38,35.24,2.76,1.5,3.076598138,08:30:00,08:31:15,698,465,233,159,-9.672126932,1.08226393,0.037957108,0.561869891,0.263706731,3.44E-06,1.43E-05,0.107235289,0.07595733,0.035719368,0.004033021,0.002437129,0.023414082,10,206,21,275,299,0.000608572,4.04E-05,0.000456531,3.93E-05,0.00047813,4.24E-05,0.172247654
90,90,90,3.6,SMN016,51.59788928,52.55798872,10,132.8146,35.1957,133.38,35.24,3.151,1.5,3.038733388,08:30:00,08:31:05,432,288,144,86,-7.264316587,0.120781608,0.03896213,0.601898012,0.26744993,3.53E-06,1.51E-05,0.099489062,0.040963302,1.191347337,0.004774499,0.002402169,0.248374397,168,249,172,247,299,0.001837211,3.42E-05,0.001317031,4.24E-05,0.00168772,0.000112337,0.01922299
91,91,91,3.6,TTR006,37.68777351,38.99190008,10,133.6303,35.5106,133.38,35.24,4.84,1.5,2.195337675,08:30:00,08:31:01,457,304,228,151,-10.06541754,0.091183427,0.006296973,0.088973777,0.033372414,4.82E-08,3.95E-07,0.000933866,0.016818915,0.006708053,0.001006408,0.000212033,0.069348625,107,103,92,136,216,0.00052843,2.77E-05,0.001729803,4.72E-05,0.000980406,3.09E-05,0.014512293
94,94,94,3.6,HRS001,50.69417028,51.48688085,9,132.9018,35.0337,133.424,35.193,6.9,1.5,2.264963963,01:08:00,01:08:53,591,394,197,122,-4.803480031,0.12714961,0.064656757,0.808986917,0.362681059,5.43E-06,4.18E-05,0.376369246,0.21919128,0.07780696,0.016713879,0.002250786,0.825927795,1,33,23,3,297,0.000348866,2.05E-05,0.00074127,6.71E-05,0.00040296,3.65E-05,0.020236489
95,95,95,3.6,SMN001,45.08557365,45.97509056,9,133.1612,35.5372,133.424,35.193,14.017,1.5,1.918489935,01:08:00,01:08:52,531,354,177,117,-6.078105444,0.072101613,0.045658396,0.639718282,0.210235127,1.94E-06,2.08E-05,0.173681574,0.184303731,0.044418333,0.006782705,0.001674377,0.591068483,24,232,40,81,299,0.000471263,3.95E-05,0.000620179,4.82E-05,0.000584617,4.46E-05,0.011475328
97,97,97,3.6,HRS001,48.58211104,49.23638404,8,132.9018,35.0337,133.385,35.22,7.003,1.5,2.046802807,06:21:00,06:21:14,591,394,197,122,-5.803820315,0.107677955,0.039572543,0.526488625,0.197408309,1.66E-06,1.57E-05,0.109661632,0.034033221,0.494341944,0.009272147,0.001340365,0.541044988,1,24,49,3,283,0.00049773,3.37E-05,0.000627566,5.24E-05,0.000588593,3.14E-05,0.017137479
98,98,98,3.6,SMN004,44.64934111,45.36037545,8,132.9004,35.2881,133.385,35.22,3.41,1.5,3.229667022,06:21:00,06:21:13,438,292,157,91,-7.783554941,0.229091707,0.049065704,0.755527049,0.36365473,6.34E-06,2.40E-05,0.171138311,0.12083518,0.677919852,0.004607924,0.003013674,0.126379261,100,40,213,293,299,0.001056758,6.25E-05,0.001072238,5.70E-05,0.001568366,7.76E-05,0.036461078
99,99,99,3.6,SMN016,51.89320662,52.50623671,8,132.8146,35.1957,133.385,35.22,3.831,1.5,2.579177969,06:21:00,06:21:15,432,288,144,86,-6.774422784,0.142969736,0.041543512,0.580594993,0.263359967,2.91E-06,1.73E-05,0.109323323,0.043850657,0.135023103,0.007415162,0.001574971,0.325879021,45,119,68,4,298,0.000534845,4.47E-05,0.000424071,3.28E-05,0.000460104,2.83E-05,0.02275434
124,124,124,3.6,HRS001,48.48543773,49.50593573,10,132.9018,35.0337,133.35,35.27,8.638,1.5,2.680799617,10:44:00,10:44:37,591,394,197,122,-3.343299229,0.123415211,0.121010543,1.585344536,0.795766989,2.66E-05,0.000146319,1.326396712,0.246290438,0.52565627,0.031554178,0.004767267,1.606453103,5,35,19,3,289,0.000407654,3.35E-05,0.000695313,5.63E-05,0.000541398,2.58E-05,0.019642141
125,125,125,3.6,HRS005,55.18110483,56.07989239,10,133.2807,34.777,133.35,35.27,3.804,1.5,1.728432918,10:44:00,10:44:39,730,487,266,172,-3.950770447,0.116694745,0.081448293,0.993027764,0.343586824,5.02E-06,6.63E-05,0.555447335,0.537191082,0.108985632,0.025113483,0.002431178,1.352183137,12,53,22,10,299,0.00072654,4.17E-05,0.000753887,4.68E-05,0.000597138,4.07E-05,0.018572546
126,126,126,3.6,OKY005,45.18560905,46.27892895,10,133.7317,35.0098,133.35,35.27,3.403,1.5,3.257547335,10:44:00,10:44:36,464,309,155,92,-9.107320189,0.633850719,0.038851533,0.606466853,0.289738647,4.04E-06,1.50E-05,0.069335616,0.105816654,0.2154977,0.003769754,0.002283681,0.037368518,10,37,31,253,299,0.00074035,4.25E-05,0.00056783,3.55E-05,0.000921685,5.28E-05,0.100880475
127,127,127,3.6,SMN001,34.28657795,35.71511484,10,133.1612,35.5372,133.35,35.27,2.781,0.2,0.588674976,10:44:00,10:44:34,531,354,177,117,-6.24128885,0.09547294,0.031635441,0.426806933,0.040394419,8.78E-08,1.00E-05,0.022514151,0.052799234,0.089613026,0.007532508,0.000522078,0.495723118,13,25,293,243,250,0.000425797,3.23E-05,0.000526661,2.67E-05,0.00037028,1.89E-05,0.01519499
132,132,132,3.6,HRS001,47.16142927,48.6641594,12,132.9018,35.0337,133.317,35.288,3.857,1.5,2.976245824,14:22:00,14:22:58,591,394,197,122,-4.149135968,0.188785732,0.101166423,1.340328143,0.748077007,2.29E-05,0.000102127,1.230742311,0.286545661,0.676285814,0.027280444,0.004333988,0.907950422,3,71,11,6,294,0.000402931,2.68E-05,0.000570442,3.51E-05,0.000598591,4.68E-05,0.030046182
133,133,133,3.6,HRS002,43.85134569,45.46361753,12,133.2755,34.8951,133.317,35.288,4.777,1.5,3.198131066,14:22:00,14:22:57,833,555,278,175,-8.490732513,1.128622324,0.079153615,1.228148728,0.575957033,1.62E-05,6.24E-05,0.364665609,1.162742733,0.002794803,0.007197434,0.004888464,0.040069036,64,26,278,292,299,0.001215894,7.74E-05,0.00184529,0.00012081,0.00092223,2.61E-05,0.179625822
134,134,134,3.6,HRS005,56.91664862,58.16790258,12,133.2807,34.777,133.317,35.288,7.079,1.5,2.284646998,14:22:00,14:23:01,730,487,266,172,-5.63497849,0.125598244,0.056747212,0.777605412,0.319217932,4.24E-06,3.21E-05,0.210215089,0.126606273,0.059919117,0.011397055,0.002055692,0.570149773,117,135,28,8,299,0.000369461,2.95E-05,0.000498123,2.89E-05,0.000452877,3.28E-05,0.019989581
135,135,135,3.6,HRS021,41.46040896,43.16208418,12,133.1171,34.9529,133.317,35.288,5.018,1.5,2.766977709,14:22:00,14:22:57,690,460,230,141,-10.95483915,0.193735714,0.008199462,0.115506224,0.047413043,1.30E-07,6.69E-07,0.001760926,0.191348208,0.560600264,0.000998689,0.000448471,0.032389202,17,0,70,251,299,0.000435111,1.98E-05,0.001743245,0.000113944,0.000984217,6.32E-05,0.030833997
136,136,136,3.6,OKY001,39.04387913,40.84635232,12,133.7314,35.1945,133.317,35.288,8.488,1.5,3.131857722,14:22:00,14:22:56,344,229,128,69,-7.806495445,0.602049287,0.081132739,1.249865441,0.575043476,1.63E-05,6.55E-05,0.400601636,0.106706429,0.446133588,0.007810915,0.005090601,0.081517291,78,58,15,290,299,0.000892734,5.96E-05,0.000564669,2.49E-05,0.001081218,6.04E-05,0.09581912
137,137,137,3.6,OKY004,40.37043872,42.1161765,12,133.5018,34.9579,133.317,35.288,15.064,0.01,1.903985286,14:22:00,14:22:57,733,488,244,161,-6.097169003,0.105795806,0.049140114,0.657472317,0.230229225,2.22E-06,2.41E-05,0.320602282,0.361848092,0.167387033,0.008514573,0.001530481,0.505678275,2,122,15,5,297,0.000567183,5.24E-05,0.000589481,4.11E-05,0.000630203,4.43E-05,0.016837925
138,138,138,3.6,OKY005,48.77033155,50.22494639,12,133.7317,35.0098,133.317,35.288,3.224,0.107142857,1.344086513,14:22:00,14:22:59,464,309,155,92,-6.191086711,0.098355672,0.038355464,0.514986814,0.125531959,6.73E-07,1.47E-05,0.0812216,0.064482465,0.072872606,0.008205534,0.000755259,0.524188312,290,136,115,84,265,0.000680973,3.24E-05,0.000449926,2.71E-05,0.000414606,3.51E-05,0.015653791
139,139,139,3.6,OKY007,62.48101015,63.62292534,12,133.6121,34.7807,133.317,35.288,5.619,1.5,3.189097669,14:22:00,14:23:02,512,342,183,104,-9.055562913,1.056241431,0.055530932,0.858973797,0.404064162,7.91E-06,3.07E-05,0.176210368,0.869651426,0.037592537,0.005191616,0.003405431,0.030882981,227,207,202,299,299,0.000825117,7.93E-05,0.001446634,9.61E-05,0.000667977,2.71E-05,0.168106045
140,140,140,3.6,OKY009,81.67447602,82.55131758,12,134.0923,34.9176,133.317,35.288,3.663,1.5,3.231221104,14:22:00,14:23:07,602,401,201,119,-6.496941997,0.298206232,0.120085952,1.862695763,0.88779428,3.80E-05,0.000143612,0.930282524,15.93088247,1.770695086,0.010946168,0.007360434,0.230635018,102,2,63,293,299,0.001706879,0.000110525,0.005322286,0.00041261,0.002165065,0.000150864,0.047460996
141,141,141,3.6,SMN001,31.09956245,33.33440842,12,133.1612,35.5372,133.317,35.288,2.146,1.5,3.117778613,14:22:00,14:22:54,531,354,177,117,-9.686481241,1.046057155,0.03669222,0.565796084,0.259845294,3.30E-06,1.34E-05,0.088318335,0.018626569,0.017062072,0.00364649,0.002329344,0.02190279,162,67,265,278,299,0.000560118,4.29E-05,0.00038859,2.58E-05,0.000640654,4.91E-05,0.166485167
142,142,142,3.6,SMN002,30.40841518,32.69054472,12,133.0682,35.4714,133.317,35.288,4.295,1.5,3.108231611,14:22:00,14:22:53,184,123,81,49,-8.185658625,0.523633248,0.054707127,0.832478752,0.387515359,7.30E-06,2.98E-05,0.174037598,0.014692076,0.090815676,0.006113868,0.003218233,0.073361582,150,142,41,270,299,0.002516606,9.77E-05,0.00141367,9.80E-05,0.001285046,7.27E-05,0.08333882
144,144,144,3.6,TTR006,37.67036318,39.53550635,12,133.6303,35.5106,133.317,35.288,5.999,1.5,3.180467053,14:22:00,14:22:56,457,304,228,151,-8.095477664,0.468081321,0.053566796,0.823698115,0.385151752,7.32E-06,2.86E-05,0.178113344,2.678504414,0.041339526,0.005383343,0.003300609,0.072262109,235,274,245,249,299,0.000922115,5.60E-05,0.00246479,0.000156797,0.002482325,4.02E-05,0.074497456
153,153,153,3.7,HRS003,68.26438482,69.14496536,11,132.8418,34.8143,133.37,35.25,4.146,1.5,2.034248367,04:56:00,04:56:25,519,346,173,103,-5.755611814,0.113884925,0.047413418,0.604705393,0.241091593,2.36E-06,2.25E-05,0.163371343,0.221340178,0.464109819,0.010415261,0.001282811,0.574624055,23,78,35,25,264,0.000275132,1.81E-05,0.000496249,2.94E-05,0.000478004,2.89E-05,0.018125349
154,154,154,3.7,HRS006,109.1276548,109.6806503,11,132.4077,34.6659,133.37,35.25,2.952,3,1.527816444,04:56:00,04:56:36,719,480,240,145,-7.855982894,0.102420227,0.02352196,0.332855845,0.091342117,3.27E-07,5.53E-06,0.09004057,0.018688488,0.092697131,0.00344659,0.000535093,0.211438339,97,47,37,108,252,0.002801573,7.26E-05,0.003806467,9.12E-05,0.005681908,0.000111189,0.016300685
155,155,155,3.7,HRS021,40.25784645,41.73360997,11,133.1171,34.9529,133.37,35.25,8.965,1.5,3.106616265,04:56:00,04:56:17,690,460,230,141,-8.796037457,1.435473121,0.058532752,0.89826846,0.41328041,8.33E-06,3.41E-05,0.230173051,0.547439882,0.005181887,0.006150687,0.00371964,0.026922069,2,3,285,296,299,0.000782173,4.64E-05,0.001007435,6.96E-05,0.000421025,2.15E-05,0.228462643
156,156,156,3.7,OKY005,42.37137158,43.77594236,11,133.7317,35.0098,133.37,35.25,6.089,0.088235294,0.425019646,04:56:00,04:56:17,464,309,155,92,-4.847192993,0.056433546,0.041028468,0.555178671,0.042092356,7.65E-08,1.67E-05,0.04682285,0.05569355,0.054861873,0.009754537,0.000364613,1.086048385,54,64,70,55,298,0.000519376,3.14E-05,0.000609836,4.85E-05,0.000449507,2.55E-05,0.008981678
157,157,157,3.7,SMN001,37.12243375,38.71789105,11,133.1612,35.5372,133.37,35.25,7.353,1.5,3.259820937,04:56:00,04:56:16,531,354,177,117,-9.119901392,0.967128907,0.058763062,0.924612121,0.440957643,9.26E-06,3.44E-05,0.191849965,0.018894091,0.003872971,0.005474352,0.003538046,0.035565445,21,178,154,297,299,0.000835956,5.62E-05,0.001224659,5.78E-05,0.001419118,3.66E-05,0.153923346
158,158,158,3.7,SMN003,26.36574691,28.5683848,11,133.0929,35.1795,133.37,35.25,11.776,1.5,3.198477764,04:56:00,04:56:09,544,363,181,102,-9.2574967,1.178075694,0.048632207,0.752565352,0.358048521,6.10E-06,2.35E-05,0.166746553,0.144817361,0.05298049,0.00495191,0.003027353,0.026410672,80,114,96,295,299,0.000715805,5.33E-05,0.00069178,4.46E-05,0.000442229,3.68E-05,0.18749657
159,159,159,3.7,SMN008,88.26735097,88.95012786,11,132.5308,34.8523,133.37,35.25,2.899,0.010948905,0.473548241,04:56:00,04:56:30,698,465,233,159,-5.435890082,0.080939243,0.049272478,0.641862511,0.053959987,1.38E-07,2.43E-05,0.05415368,0.094562686,0.039771212,0.009524183,0.000484596,0.739347259,47,156,88,49,294,0.000523497,2.81E-05,0.000538905,2.90E-05,0.000524707,3.17E-05,0.012881881
160,160,160,3.7,TTR006,37.37101538,38.95629334,11,133.6303,35.5106,133.37,35.25,7.403,0.010135135,1.305601008,04:56:00,04:56:16,457,304,228,151,-6.485965085,0.108354002,0.037720459,0.503910406,0.121688618,6.13E-07,1.42E-05,0.084376913,0.149697459,0.227920355,0.006639834,0.001147508,0.385027856,260,116,295,261,299,0.000390518,2.54E-05,0.001249814,8.12E-05,0.000945975,6.24E-05,0.017245075
163,163,163,3.6,HRS001,56.80063417,58.05438866,12,132.9018,35.0337,133.402,35.34,9.527,0.01,2.439045779,06:13:00,06:13:33,591,394,197,122,-11.45601687,0.243985821,0.006039457,0.087095588,0.034102704,5.50E-08,3.65E-07,0.001398305,0.473242884,0.026238481,0.000777158,0.000252645,0.020013569,170,120,248,262,215,0.000432521,2.84E-05,0.004434797,0.000291802,0.000523606,3.49E-05,0.038831549
164,164,164,3.6,HRS021,50.23688768,51.65021668,12,133.1171,34.9529,133.402,35.34,3.245,3,2.694754864,06:13:00,06:13:25,690,460,230,141,-10.84216518,0.421812389,0.013539128,0.20749302,0.084317145,3.36E-07,1.83E-06,0.063815791,8.903622718,0.005694175,0.001288331,0.000516072,0.019190575,189,1,251,113,154,0.000742671,5.76E-05,0.002752634,0.000195693,0.000336872,2.31E-05,0.067133527
165,165,165,3.6,OKY001,34.00115029,36.05659747,12,133.7314,35.1945,133.402,35.34,5.032,1.5,3.201865006,06:13:00,06:13:22,344,229,128,69,-6.795148825,0.888481836,0.138662905,2.142739935,1.015400587,4.97E-05,0.000191473,1.297313127,0.127587948,0.373098436,0.01304464,0.008627206,0.092249368,199,194,197,297,299,0.00149564,0.000112096,0.000579189,5.25E-05,0.000986538,7.22E-05,0.141406276
166,166,166,3.6,SMN001,30.93093356,33.17714048,12,133.1612,35.5372,133.402,35.34,6.463,0.01,1.921084435,06:13:00,06:13:26,531,354,177,117,-5.7071782,0.071003016,0.056816802,0.761421789,0.259893404,2.98E-06,3.19E-05,0.113598851,0.118694902,0.238896974,0.009071354,0.001757199,0.80274049,295,289,71,299,284,0.000507992,3.31E-05,0.000624951,3.72E-05,0.000457882,3.32E-05,0.011300481
167,167,167,3.6,TTR006,28.06728196,30.52494581,12,133.6303,35.5106,133.402,35.34,9.368,3,2.564325844,06:13:00,06:13:25,457,304,228,151,-10.70218509,0.250605167,0.008482917,0.113039143,0.044873869,1.20E-07,7.19E-07,0.002622605,0.003419444,0.006815862,0.001207629,0.000400848,0.030277738,268,0,131,274,290,0.000568281,4.08E-05,0.000603322,3.52E-05,0.000593052,3.26E-05,0.039885051
187,187,187,3.7,HRS001,50.32940531,51.51746343,11,132.9018,35.0337,133.414,35.205,5.75,0.011070111,0.738344839,09:57:00,09:58:02,591,394,197,122,-4.767622425,0.095479299,0.0651951,0.824601107,0.119167653,5.86E-07,4.25E-05,0.210224654,0.387292518,0.07700432,0.014870998,0.000764817,0.978612496,21,30,21,18,168,0.000519198,4.08E-05,0.001227869,0.000111825,0.000503587,3.55E-05,0.015196002
188,188,188,3.7,HRS002,36.69325804,38.30659454,11,133.2755,34.8951,133.414,35.205,14.215,1.5,3.276659546,09:57:00,09:57:59,833,555,278,175,-8.618083277,1.084955164,0.070375942,1.116176602,0.532084789,1.34E-05,4.94E-05,0.279673121,0.021776113,0.000683269,0.00602889,0.004154022,0.034914468,12,38,34,285,299,0.000754619,5.33E-05,0.000713427,4.72E-05,0.00056381,2.03E-05,0.172675977
189,189,189,3.7,HRS006,109.5805405,110.131262,11,132.4077,34.6659,133.414,35.205,2.474,3,2.173662241,09:57:00,09:58:19,719,480,240,145,-8.655092718,0.101584541,0.01834359,0.272624742,0.088553986,4.02E-07,3.36E-06,0.051349032,0.023108603,0.047697898,0.002470425,0.000590101,0.152800221,5,258,12,244,237,0.002173261,5.40E-05,0.001872448,3.70E-05,0.004254435,8.24E-05,0.016167682
190,190,190,3.7,HRS021,38.93239271,40.45653473,11,133.1171,34.9529,133.414,35.205,5.712,0.056603774,0.182666352,09:57:00,09:58:00,690,460,230,141,-3.973416354,0.054242167,0.07450656,0.851273067,0.032852676,4.68E-08,5.54E-05,0.127402985,7.371201701,0.02133561,0.016439687,0.000265482,1.90430438,106,172,102,105,245,0.000534216,3.63E-05,0.003007295,0.000262738,0.000720193,3.87E-05,0.008632909
191,191,191,3.7,OKY001,28.86341545,30.8884566,11,133.7314,35.1945,133.414,35.205,6.076,1.5,3.03381417,09:57:00,09:57:53,344,229,128,69,-8.94394103,0.302925783,0.025541455,0.375037324,0.175227886,1.51E-06,6.49E-06,0.052647264,0.116732875,0.029348824,0.002964518,0.001641721,0.061489041,52,287,90,275,299,0.00075658,4.33E-05,0.001103647,7.02E-05,0.000518136,2.08E-05,0.048212136
192,192,192,3.7,OKY005,36.14299813,37.77984005,11,133.7317,35.0098,133.414,35.205,7.545,0.011406844,0.953268526,09:57:00,09:57:59,464,309,155,92,-5.889400481,0.060434462,0.036786388,0.49950862,0.069561565,3.11E-07,1.35E-05,0.036088092,0.060842394,0.033653962,0.007426148,0.000745112,0.772073779,216,273,258,218,243,0.000564166,3.66E-05,0.000613437,3.38E-05,0.000404819,2.90E-05,0.009618443
193,193,193,3.7,OKY008,58.08330468,59.11573634,11,133.9036,34.8701,133.414,35.205,2.556,3,2.278215711,09:57:00,09:58:05,707,471,266,170,-7.706920822,0.067218865,0.016250635,0.22964766,0.08132226,3.47E-07,2.64E-06,0.008859654,0.00583722,0.034158154,0.002739157,0.000696919,0.256038684,13,109,263,12,273,0.000404575,3.08E-05,0.000328414,1.68E-05,0.000378493,2.67E-05,0.010698215
194,194,194,3.7,SMN001,43.47273034,44.84281753,11,133.1612,35.5372,133.414,35.205,4.188,1.5,2.576218837,09:57:00,09:58:01,531,354,177,117,-7.325862865,0.124524912,0.024985315,0.348814508,0.15392701,1.05E-06,6.24E-06,0.047976619,0.017681271,0.052630616,0.004137721,0.001060811,0.208778033,19,209,43,18,287,0.000435773,3.32E-05,0.00039015,2.66E-05,0.000526224,3.64E-05,0.019818755
211,211,211,3.7,HRS002,37.64526573,38.7061498,9,133.2755,34.8951,132.884,35.003,4.107,1.5,3.042626355,17:28:00,17:28:54,833,555,278,175,-8.581122975,0.557899699,0.044061075,0.667901627,0.300972118,4.53E-06,1.93E-05,0.125710438,1.47668417,0.094918267,0.004560556,0.002803424,0.051361949,224,11,274,284,299,0.000543476,4.23E-05,0.001749114,0.00013935,0.00074068,3.81E-05,0.088792495
215,215,215,3.7,HRS001,111.0524887,111.8108011,13,132.9018,35.0337,133.96,35.535,2.347,0.011111111,0.804479034,20:53:00,20:53:47,591,394,197,122,-8.352559296,0.090295423,0.015277833,0.203001785,0.029103804,3.83E-08,2.33E-06,0.006641036,0.012883718,0.018633367,0.002440161,0.000244531,0.169797983,85,134,103,89,296,0.002465743,5.26E-05,0.002642037,5.99E-05,0.003328907,8.94E-05,0.014370963
216,216,216,3.7,HRS005,104.4881163,105.2937152,13,133.2807,34.777,133.96,35.535,2.452,0.115384615,0.334098559,20:53:00,20:53:45,730,487,266,172,-5.701918606,0.110309174,0.062427288,0.784375835,0.04730489,1.10E-07,3.90E-05,0.084910214,0.067246074,0.056142188,0.010874682,0.000380944,0.619419425,60,175,127,62,242,0.000402711,1.42E-05,0.000621945,1.96E-05,6.80E-05,3.81E-06,0.01755625
217,217,217,3.7,HYG007,67.29207846,68.53629566,13,134.5459,35.1637,133.96,35.535,2.992,1.5,2.73673343,20:53:00,20:53:35,1321,881,440,319,-5.812457079,0.105113444,0.032259119,0.429277253,0.218260569,1.97E-06,1.04E-05,0.104926483,0.094309796,0.161064251,0.008286302,0.001317014,0.49531603,1,10,1,7,299,5.72E-05,5.06E-06,7.13E-05,4.02E-06,4.70E-05,3.15E-06,0.016729324
218,218,218,3.7,HYG013,94.9028948,95.78914052,13,134.7634,34.989,133.96,35.535,2.432,0.042253521,0.347012484,20:53:00,20:53:43,506,337,212,143,-6.41373625,0.052493454,0.023397885,0.324889458,0.019621108,1.66E-08,5.44E-06,0.011926875,0.016841154,0.04461368,0.004328136,0.00014302,0.518054691,40,136,52,48,266,0.000209707,4.28E-06,0.000447717,2.77E-05,0.000313353,1.47E-05,0.008354593
219,219,219,3.7,HYG017,92.01010676,92.92394603,13,134.5445,34.8593,133.96,35.535,2.155,0.010273973,1.080326552,20:53:00,20:53:42,926,617,309,216,-5.648159249,0.094140419,0.034926486,0.413006122,0.095146623,3.61E-07,1.22E-05,0.045263389,0.029441494,0.02793454,0.008974422,0.000561834,0.598977085,25,69,49,28,45,0.000298265,1.78E-05,0.000669907,4.62E-05,0.000302902,1.42E-05,0.014982913
220,220,220,3.7,HYG019,110.7707882,111.531016,13,134.8236,34.832,133.96,35.535,5.678,1.5,3.066824858,20:53:00,20:53:47,588,392,196,151,-6.413979007,0.180679588,0.050969838,0.759376898,0.357044783,6.11E-06,2.56E-05,0.153275227,0.00847935,1.450707838,0.008229705,0.003040095,0.286190388,275,277,290,299,299,0.003875032,8.32E-05,0.003283369,9.17E-05,0.003539193,0.000128967,0.028756049
221,221,221,3.7,OKY001,43.16487135,45.07999688,13,133.7314,35.1945,133.96,35.535,7.15,1.5,3.197892597,20:53:00,20:53:23,344,229,128,69,-6.24425939,1.165753681,0.221956059,3.434683094,1.6197956,0.000127087,0.000490606,3.137412305,0.907567471,2.129850194,0.020707874,0.013794849,0.11161141,2,2,213,293,299,0.002340094,0.000180846,0.001243638,9.54E-05,0.001918859,0.000150865,0.185535461
222,222,222,3.7,OKY003,52.84779366,54.42324222,13,134.3386,35.1737,133.96,35.535,3.972,1.5,1.651932334,20:53:00,20:53:31,948,632,316,188,-5.891258819,0.082846382,0.035721679,0.477787512,0.144868563,8.82E-07,1.28E-05,0.059135779,0.053174035,0.049126857,0.007253686,0.000896251,0.550129642,51,82,113,50,295,5.07E-05,3.05E-06,0.000278523,1.87E-05,7.50E-05,2.94E-06,0.013185411
223,223,223,3.7,OKY004,76.47980268,77.57680206,13,133.5018,34.9579,133.96,35.535,3.605,1.5,1.592011202,20:53:00,20:53:37,733,488,244,161,-8.164316714,0.085324279,0.015289363,0.198588352,0.059899606,1.50E-07,2.33E-06,0.008310301,0.022903159,0.021075222,0.002816713,0.000344268,0.207419648,93,221,161,35,247,6.80E-05,4.51E-06,0.000150286,3.69E-06,0.00012122,7.57E-06,0.013579781
224,224,224,3.7,OKY015,28.60296021,31.41861443,13,133.9256,35.2793,133.96,35.535,4.392,3,2.108214179,20:53:00,20:53:21,439,293,162,94,-8.997212839,0.128030552,0.01180616,0.159854266,0.05723852,1.57E-07,1.39E-06,0.034173786,0.002840882,0.01642947,0.002219835,0.000374231,0.108939897,114,86,124,117,153,0.001185203,1.85E-05,0.00168762,2.17E-05,0.001816496,3.01E-05,0.020376695
225,225,225,3.7,SMN016,110.5008441,111.2629163,13,132.8146,35.1957,133.96,35.535,1.577,1.5,1.958874835,20:53:00,20:53:47,432,288,144,86,-7.497380758,0.130703037,0.018410272,0.236491893,0.090221852,3.29E-07,3.39E-06,0.0093104,0.038725576,0.057853764,0.004224734,0.000502591,0.203092334,48,56,33,5,240,0.003064131,8.46E-05,0.004463116,0.000109921,0.005705748,0.000152741,0.020802034
227,227,227,3.7,TTR003,30.94503665,33.56479247,13,134.2075,35.3432,133.96,35.535,7.605,0.010869565,1.31672,20:53:00,20:53:25,830,553,277,175,-4.23204269,0.064517298,0.076092956,1.007270235,0.246974084,2.54E-06,5.79E-05,0.214246247,0.168962224,0.218286218,0.017477365,0.001569937,1.702078762,293,145,298,7,278,0.000126105,6.80E-06,0.000119535,7.03E-06,0.00016882,1.29E-05,0.010268247
230,230,230,3.7,TTR006,29.96087394,32.65966881,13,133.6303,35.5106,133.96,35.535,6.145,3,2.503225028,20:53:00,20:53:22,457,304,228,151,-9.929034758,0.07793765,0.006595629,0.098202962,0.040173622,6.90E-08,4.35E-07,0.018671301,0.746561287,0.004888944,0.000849501,0.0002164,0.068485144,69,52,89,68,138,0.000434654,1.86E-05,0.001012844,5.80E-05,0.000573567,1.47E-05,0.012404162
231,231,231,3.7,TTR007,51.19178385,52.81665205,13,133.4876,35.2826,133.96,35.535,1.843,0.15,0.472462328,20:53:00,20:53:30,764,509,255,150,-7.290840249,0.075912231,0.017581492,0.236551875,0.019012149,1.74E-08,3.07E-06,0.008138066,0.017830738,0.048637521,0.004169116,0.00015209,0.345073843,156,291,285,74,140,0.00015985,1.08E-05,0.000476768,3.60E-05,0.000367673,1.87E-05,0.012081807
232,232,232,3.7,HRS001,51.72450697,52.88123127,11,132.9018,35.0337,133.2,35.43,2.084,1.5,2.817397167,03:07:00,03:07:58,591,394,197,122,-4.787459213,0.199424542,0.10617226,1.468385374,0.734410024,2.26E-05,0.000112574,1.172104276,0.52831348,0.416033883,0.019652245,0.004395731,0.619175043,167,99,83,5,290,7.50E-05,4.03E-06,5.66E-05,3.74E-06,6.52E-05,4.32E-06,0.031739402
233,233,233,3.7,HRS004,114.7856194,115.3114843,11,132.2772,34.7262,133.2,35.43,1.517,0.010344828,0.868975215,03:07:00,03:08:16,1407,938,469,302,-8.183831514,0.140883661,0.016675076,0.230888417,0.034776143,5.32E-08,2.78E-06,0.009741355,0.025766348,0.015568812,0.00358913,0.000274133,0.160069455,65,102,36,216,61,0.002443166,9.16E-05,0.004231268,9.50E-05,0.005102698,0.00012689,0.022422331
234,234,234,3.7,HRS005,72.98045592,73.80478945,11,133.2807,34.777,133.2,35.43,2.641,1.5,2.745594845,03:07:00,03:08:04,730,487,266,172,-4.523410408,0.25091795,0.098314791,1.303996497,0.663231126,1.84E-05,9.64E-05,0.930159108,0.365647333,0.253256839,0.024566887,0.003990456,0.615174406,11,39,82,9,292,5.53E-05,4.03E-06,6.02E-05,5.11E-06,4.82E-05,3.85E-06,0.039934832
235,235,235,3.7,HRS021,53.58328743,54.7007193,11,133.1171,34.9529,133.2,35.43,2.155,1.5,3.197643179,03:07:00,03:08:00,690,460,230,141,-8.777656749,1.296166798,0.07187956,1.113958708,0.52472744,1.33E-05,5.14E-05,0.327395596,0.030241046,0.02540662,0.006713783,0.004467389,0.03254515,2,31,10,297,299,0.000791021,5.92E-05,0.000279691,1.93E-05,0.000257413,1.75E-05,0.206291353
236,236,236,3.7,OKY001,54.86925854,55.96101797,11,133.7314,35.1945,133.2,35.43,2.863,1.5,3.205439775,03:07:00,03:07:59,344,229,128,69,-5.378757549,0.632428776,0.237866041,3.683783364,1.740635058,0.000146643,0.000563436,3.553895839,1.400152845,3.680772184,0.022092339,0.014764451,0.219487581,280,5,141,291,299,0.002834215,0.000193906,0.00159538,0.000120586,0.002730655,0.00019797,0.100654166
237,237,237,3.7,OKY004,59.22684736,60.23968333,11,133.5018,34.9579,133.2,35.43,2.277,0.010452962,0.434506037,03:07:00,03:08:01,733,488,244,161,-7.340219765,0.092342438,0.024795337,0.345865901,0.025788076,2.94E-08,6.15E-06,0.014110256,0.069989016,0.056683671,0.004332077,0.000231897,0.294764191,72,68,95,74,72,4.58E-05,3.13E-06,5.31E-05,4.61E-06,5.19E-05,3.14E-06,0.014696755
238,238,238,3.7,OKY005,67.20096582,68.09529945,11,133.7317,35.0098,133.2,35.43,1.88,0.010204082,0.589645656,03:07:00,03:08:03,464,309,155,92,-7.476314648,0.089201162,0.022378363,0.304974128,0.029633172,4.41E-08,5.00E-06,0.016341165,0.054123045,0.04929585,0.003825977,0.00034184,0.269495595,139,149,137,58,67,0.000103207,6.74E-06,0.000148414,9.44E-06,7.36E-05,4.74E-06,0.014196806
241,241,241,3.7,SMN004,31.41836185,33.28833822,11,132.9004,35.2881,133.2,35.43,4.096,1.5,2.201694727,03:07:00,03:07:52,438,292,157,91,-2.81499365,0.120658932,0.19358192,2.587855909,1.048847216,4.60E-05,0.000374608,2.587266292,0.373477449,0.825878599,0.042300768,0.006405464,2.202767428,10,39,13,5,283,9.15E-05,7.59E-06,6.27E-05,3.22E-06,5.72E-05,3.94E-06,0.019203465
243,243,243,3.7,SMN016,43.60764599,44.97362326,11,132.8146,35.1957,133.2,35.43,7.942,1.5,1.493004166,03:07:00,03:07:56,432,288,144,86,-4.065338813,0.098931814,0.122627495,1.624455329,0.449290939,8.49E-06,0.000150302,0.64523736,0.61483481,0.51781068,0.02353728,0.002786671,1.494858784,37,112,46,18,284,6.45E-05,4.26E-06,0.00010948,6.15E-06,7.38E-05,2.57E-06,0.015745487
244,244,244,3.7,TTR007,30.80400225,32.70912036,11,133.4876,35.2826,133.2,35.43,7.003,1.5,2.39125948,03:07:00,03:07:52,764,509,255,150,-3.175350966,0.087452068,0.133400956,1.735545003,0.785927502,2.58E-05,0.000177945,1.264802222,1.115882718,2.191217049,0.031708062,0.004660006,2.278135122,31,32,75,16,267,0.000227622,1.68E-05,0.000155093,9.32E-06,0.000368183,2.57E-05,0.013918429
246,246,246,3.7,HRS001,51.33461159,52.49992712,11,132.9018,35.0337,133.294,35.366,3.236,1.5,3.195881327,17:19:00,17:20:04,591,394,197,122,-9.498523119,1.064364368,0.048066517,0.738405078,0.349358898,5.96E-06,2.30E-05,0.145699721,0.112144138,0.056346087,0.004590507,0.002985984,0.027098806,16,49,21,268,299,0.000732423,4.97E-05,0.001136939,6.55E-05,0.000451703,2.73E-05,0.16939885
249,249,249,3.7,SMN003,27.62862205,29.73786738,11,133.0929,35.1795,133.294,35.366,6.08,1.5,3.053820898,17:19:00,17:19:56,544,363,181,102,-8.497050709,0.106915899,0.02590277,0.402832317,0.182112323,1.58E-06,6.70E-06,0.016795879,0.287012857,0.138349363,0.002996194,0.001350881,0.176078976,290,269,20,234,260,0.001751506,8.85E-05,0.000874477,5.66E-05,0.002259178,0.000121885,0.017016194
251,251,251,3.7,SMN016,47.45763699,48.7157809,11,132.8146,35.1957,133.294,35.366,5.026,1.5,3.204392107,17:19:00,17:20:03,432,288,144,86,-5.44231007,0.52544685,0.333699545,5.157698268,2.439075892,0.000288405,0.001108846,6.860845449,8.336831107,1.587637342,0.030760148,0.020739858,0.367823518,118,156,102,298,299,0.004973508,0.000279998,0.004167666,0.000304822,0.002872331,0.000142859,0.083627464
252,252,252,3.7,TTR005,48.66428726,49.89201194,11,133.8253,35.429,133.294,35.366,2.927,1.5,3.157731595,17:19:00,17:20:03,330,220,110,106,-6.946239901,0.28598189,0.071345212,1.079624318,0.510452945,1.28E-05,5.06E-05,0.312874702,0.474303146,1.972750024,0.007435217,0.004423564,0.163355965,241,233,264,299,299,0.001701909,6.62E-05,0.001257519,6.44E-05,0.001860318,0.00014499,0.045515431
253,253,253,3.7,TTR006,34.44951778,36.16309272,11,133.6303,35.5106,133.294,35.366,3.094,3,2.258144395,17:19:00,17:20:00,457,304,228,151,-10.75195683,0.252411967,0.009250931,0.129783796,0.046180579,1.10E-07,8.55E-07,0.012052856,0.001323947,0.018341434,0.0010873,0.000358899,0.027065699,129,0,137,103,149,0.00056085,2.18E-05,0.000610462,3.25E-05,0.000722186,3.74E-05,0.040172612
257,257,257,3.7,HRS001,46.06442885,46.75394749,8,132.9018,35.0337,133.297,35.293,5.744,1.5,2.997949356,22:10:00,22:11:04,591,394,197,122,-3.011913257,0.152771791,0.18765209,2.482154272,1.383242436,8.01E-05,0.000351863,3.546168366,0.622157996,0.917645942,0.041666283,0.008276541,1.713647355,18,37,35,16,297,0.00061003,4.01E-05,0.000626978,3.80E-05,0.000552702,2.97E-05,0.024314386
258,258,258,3.7,HRS002,44.28767989,45.00442856,8,133.2755,34.8951,133.297,35.293,5.342,1.5,1.737178568,22:10:00,22:11:04,833,555,278,175,-4.777670924,0.050976039,0.042960525,0.558246541,0.186195862,1.41E-06,1.84E-05,0.227391917,0.142867907,0.079702174,0.008875075,0.001453676,1.093920655,46,46,82,45,299,0.000515867,3.95E-05,0.00033567,2.51E-05,0.00048214,3.10E-05,0.008113089
259,259,259,3.7,HRS005,57.39577139,57.95062186,8,133.2807,34.777,133.297,35.293,4.548,1.5,1.801043773,22:10:00,22:11:08,730,487,266,172,-5.331180539,0.11049053,0.074698547,1.029021489,0.323006478,4.58E-06,5.57E-05,0.263714547,0.396340882,0.168378846,0.014448404,0.002363101,0.821626958,42,65,78,28,299,0.000395519,2.89E-05,0.000401464,2.88E-05,0.000428971,1.85E-05,0.017585114
260,260,260,3.7,HRS021,41.20505179,41.97447192,8,133.1171,34.9529,133.297,35.293,2.422,1.5,3.233343186,22:10:00,22:10:58,690,460,230,141,-9.384396782,0.889950786,0.046209623,0.707715414,0.339231128,5.64E-06,2.13E-05,0.127169553,0.223111062,0.0264531,0.004167693,0.002815802,0.029424537,21,182,8,284,299,0.000753393,5.06E-05,0.001060844,6.59E-05,0.000471464,1.94E-05,0.141640067
261,261,261,3.7,OKY005,50.53299248,51.16232333,8,133.7317,35.0098,133.297,35.293,4.304,1.5,2.195220188,22:10:00,22:11:06,464,309,155,92,-5.972943581,0.063352976,0.042743043,0.604146011,0.233179521,2.23E-06,1.83E-05,0.090805394,0.064649436,0.065965852,0.006604047,0.001322029,0.6549724,146,59,62,25,258,0.000344183,2.27E-05,0.000314308,2.21E-05,0.000386661,2.38E-05,0.010082939
262,262,262,3.7,SMN001,29.81232023,30.86704453,8,133.1612,35.5372,133.297,35.293,11.549,1.5,2.153586529,22:10:00,22:11:00,531,354,177,117,-2.961758413,0.090627438,0.137273091,1.700191919,0.737586855,2.21E-05,0.000188223,1.433898789,0.267483126,0.256105812,0.036144069,0.004186042,2.505862296,15,23,19,5,291,0.000407136,2.50E-05,0.000507879,4.16E-05,0.000456112,3.63E-05,0.014423805
263,263,263,3.7,SMN002,28.70133482,29.79541275,8,133.0682,35.4714,133.297,35.293,3.464,0.2,0.410657633,22:10:00,22:10:59,184,123,81,49,-4.60259791,0.076204447,0.044780183,0.565042073,0.042171744,8.56E-08,2.00E-05,0.042656982,0.024529899,0.068521369,0.013027431,0.000417712,1.074133708,293,288,298,294,290,0.000505367,2.43E-05,0.000524494,3.55E-05,0.000458088,3.28E-05,0.012128314
265,265,265,3.7,SMN004,35.99989454,36.87807488,8,132.9004,35.2881,133.297,35.293,3.832,1.5,3.199742431,22:10:00,22:11:01,438,292,157,91,-6.311935794,0.934966669,0.190713812,2.942122914,1.39229025,9.39E-05,0.000362037,2.370882755,2.244765287,1.841379897,0.01833464,0.011878606,0.123212885,12,10,111,299,299,0.00229688,0.000140619,0.002640238,0.000177404,0.002669427,0.000172209,0.148804567
270,270,270,3.7,HRS001,41.41550485,42.8514182,11,132.9018,35.0337,133.294,35.223,7.547,0.076923077,0.748744568,23:39:00,23:39:47,591,394,197,122,-5.51549131,0.071548948,0.051621669,0.700134828,0.092472736,3.77E-07,2.66E-05,0.058368494,0.130950952,0.141566271,0.008808736,0.000602916,0.77355323,164,162,59,166,164,0.000669566,4.48E-05,0.00077959,6.81E-05,0.000372688,2.82E-05,0.011387369
271,271,271,3.7,HRS002,36.49967836,38.12120828,11,133.2755,34.8951,133.294,35.223,22.569,0.75,1.086534696,23:39:00,23:39:46,833,555,278,175,-11.60603594,0.15708838,0.004912627,0.069371189,0.011632047,7.19E-09,2.40E-07,0.0006512,0.005617493,0.003057224,0.000737385,0.000156604,0.029493743,91,2,100,278,299,0.00060703,4.10E-05,0.000411582,2.18E-05,0.000481668,2.39E-05,0.025001392
272,272,272,3.7,HRS005,49.60773117,50.81266566,11,133.2807,34.777,133.294,35.223,4.048,0.12,0.480813925,23:39:00,23:39:50,730,487,266,172,-6.264257848,0.080688235,0.038035653,0.52289563,0.043309458,8.44E-08,1.44E-05,0.030956784,0.396904779,0.138585902,0.007010847,0.000411164,0.54593402,109,57,122,52,55,0.000424802,3.46E-05,0.000413431,2.54E-05,0.000661762,4.38E-05,0.012841931
273,273,273,3.7,OKY001,39.86504527,41.35482843,11,133.7314,35.1945,133.294,35.223,3.732,1.5,2.882951449,23:39:00,23:39:47,344,229,128,69,-10.63740338,0.092046795,0.005457991,0.07918483,0.036440293,6.27E-08,2.98E-07,0.001788257,0.986764277,1.620124842,0.000805158,0.000259287,0.054960709,273,2,14,227,247,0.000446791,2.99E-05,0.001327161,9.33E-05,0.001789789,0.000141508,0.014649702
274,274,274,3.7,SMN001,36.95373773,38.55617632,11,133.1612,35.5372,133.294,35.223,14.705,1.5,3.100799478,23:39:00,23:39:47,531,354,177,117,-8.312002553,1.557326398,0.085488359,1.366040535,0.62408257,1.77E-05,7.27E-05,0.411306585,0.243218873,0.369374843,0.009174079,0.00494214,0.037013715,144,145,27,299,299,0.001893271,0.000185373,0.002234859,0.000193503,0.001931507,0.000184864,0.247856194
275,275,275,3.7,SMN002,34.38483136,36.10147681,11,133.0682,35.4714,133.294,35.223,3.936,0.375,1.43469003,23:39:00,23:39:46,184,123,81,49,-4.998554586,0.086310687,0.066194069,0.886680369,0.228745203,2.28E-06,4.38E-05,0.130937922,0.198152525,0.294124515,0.011826609,0.00154898,0.860945224,1,66,66,2,66,0.000772874,4.23E-05,0.000604147,3.66E-05,0.000515254,2.94E-05,0.013736772
277,277,277,3.7,SMN004,36.46464993,38.08767117,11,132.9004,35.2881,133.294,35.223,3.944,1.5,3.243528241,23:39:00,23:39:46,438,292,157,91,-6.110648782,0.963822558,0.237196888,3.691296787,1.779179225,0.00014927,0.000560141,3.819539828,2.865483115,4.063199641,0.022282634,0.014516251,0.145261094,24,24,24,299,299,0.002916831,0.000212525,0.002210201,0.000184867,0.002964967,0.000236502,0.153397124
279,279,279,3.7,SMN016,43.66001965,45.024408,11,132.8146,35.1957,133.294,35.223,4.092,0.051724138,1.453642843,23:39:00,23:39:48,432,288,144,86,-5.21502415,0.069190956,0.049155899,0.668102528,0.178218692,1.29E-06,2.42E-05,0.110170313,0.06194259,0.069030797,0.009625754,0.00111197,0.8741084,29,32,22,27,281,0.000415672,2.90E-05,0.000633235,4.04E-05,0.000412628,3.07E-05,0.011012083
280,280,280,3.7,TTR006,44.18806384,45.53663345,11,133.6303,35.5106,133.294,35.223,2.659,1.5,2.462144954,23:39:00,23:39:49,457,304,228,151,-4.92700322,0.23226821,0.09001165,1.195327767,0.545451587,1.24E-05,8.10E-05,0.621195146,0.168300925,0.192580933,0.020958922,0.003155375,0.566968648,5,103,80,13,287,0.000570154,2.14E-05,0.000640362,3.53E-05,0.000673497,3.77E-05,0.036966634
284,284,284,3.7,HRS001,68.75678353,75.422114,31,132.9018,35.0337,132.65,34.451,4.059,1.5,2.430753878,21:21:00,21:22:11,591,394,197,122,-6.448201002,0.137568002,0.031350643,0.42548425,0.180538736,1.47E-06,9.80E-06,0.175766815,0.158700018,0.138816965,0.00803153,0.001257616,0.366826511,271,291,296,273,298,0.000766524,4.24E-05,0.001376339,6.13E-05,0.001223741,4.03E-05,0.021894628
285,285,285,3.7,HRS003,44.04391616,53.85969319,31,132.8418,34.8143,132.65,34.451,7.249,1.5,2.974253864,21:21:00,21:22:06,519,346,173,103,-10.72385261,0.311763246,0.010431094,0.154826108,0.069956929,2.44E-07,1.09E-06,0.004977092,0.004274743,0.024314638,0.001313696,0.000472822,0.026475849,217,85,19,173,264,0.000466263,2.14E-05,0.000644475,2.73E-05,0.000608569,3.18E-05,0.049618662
286,286,286,3.7,HRS004,45.83694635,55.33557311,31,132.2772,34.7262,132.65,34.451,8.843,1.5,3.200648544,21:21:00,21:22:06,1407,938,469,302,-9.835075378,0.723731487,0.02811202,0.447333266,0.212513267,2.04E-06,7.86E-06,0.070273891,0.091963463,0.227684126,0.002949188,0.001654681,0.025603826,6,68,13,299,299,0.000624191,4.60E-05,0.000595032,3.86E-05,0.001294931,8.16E-05,0.115185444
287,287,287,3.7,HRS005,68.15635835,74.87515731,31,133.2807,34.777,132.65,34.451,5.834,1.5,3.14670757,21:21:00,21:22:11,730,487,266,172,-8.867410151,0.398770508,0.036216138,0.564997595,0.260460083,3.28E-06,1.31E-05,0.07448392,4.272754584,0.116463682,0.003854454,0.002228716,0.06073229,55,8,2,274,299,0.001196162,4.08E-05,0.004356556,0.000208685,0.001860236,9.20E-05,0.063466298
288,288,288,3.7,HRS006,32.60882006,44.99261212,31,132.4077,34.6659,132.65,34.451,5.127,1.5,2.21329097,21:21:00,21:22:03,719,480,240,145,-4.429541993,0.090820085,0.090972366,1.260076029,0.488320424,1.02E-05,8.24E-05,0.562734384,0.191752356,0.239203549,0.014839085,0.003311069,1.026609073,58,36,30,27,293,0.000417854,3.71E-05,0.000405671,2.31E-05,0.000677567,2.59E-05,0.014454466
289,289,289,3.7,HRS007,49.4297871,58.34641251,31,133.0946,34.7032,132.65,34.451,4.213,1.5,0.993838075,21:21:00,21:22:07,1123,749,374,224,-6.026014912,0.082021386,0.031086987,0.424455208,0.073768727,2.41E-07,9.65E-06,0.026260422,0.044354351,0.038626807,0.007099239,0.000519707,0.543831784,59,65,193,58,269,0.000688576,3.15E-05,0.000748283,5.30E-05,0.00109543,4.78E-05,0.013054109
291,291,291,3.7,HRS009,34.28621788,46.22277292,31,132.2794,34.4926,132.65,34.451,5.353,1.5,3.279303767,21:21:00,21:22:03,583,389,249,163,-9.681394225,1.161114911,0.043441301,0.68441994,0.327673883,5.12E-06,1.88E-05,0.133289316,0.083410204,0.001289101,0.004028345,0.002648252,0.021798735,22,35,121,258,299,0.000550605,4.72E-05,0.000521875,4.61E-05,0.000322526,1.53E-05,0.184797178
294,294,294,3.7,HRS016,50.29405968,59.08038963,31,133.1971,34.4198,132.65,34.451,3.917,1.5,1.111776115,21:21:00,21:22:07,865,577,288,194,-5.445790272,0.079176624,0.044746191,0.610441978,0.108388307,6.27E-07,2.00E-05,0.044558501,0.02333103,0.16200399,0.008973114,0.001018902,0.712075522,28,223,41,9,296,0.000513484,3.99E-05,0.000447335,2.34E-05,0.000864996,5.68E-05,0.012601351
295,295,295,3.7,HRS017,40.0745583,50.6652763,31,133.0832,34.404,132.65,34.451,4.977,0.046875,0.682819515,21:21:00,21:22:05,1146,764,382,191,-5.132664017,0.042667706,0.048407133,0.681340302,0.082281721,2.77E-07,2.34E-05,0.096739837,0.115744677,0.078155669,0.008033298,0.000501537,1.18297201,263,159,210,47,294,0.000471951,2.55E-05,0.000994569,5.51E-05,0.000536597,2.24E-05,0.006790776
296,296,296,3.7,HRS018,26.53232456,40.80397341,31,132.9068,34.3413,132.65,34.451,6.707,1,1.297151342,21:21:00,21:22:03,219,146,142,134,-10.45363814,0.191752027,0.008228635,0.112063984,0.023493346,2.84E-08,6.67E-07,0.003404459,0.060497279,0.060046484,0.001435806,0.000277087,0.047047389,143,141,88,299,299,0.001048826,3.82E-05,0.000789466,6.06E-05,0.000820056,4.52E-05,0.030518283
298,298,298,3.7,HRS021,70.27027848,76.80437512,31,133.1171,34.9529,132.65,34.451,4.664,0.01,2.03426696,21:21:00,21:22:13,690,460,230,141,-9.645179317,0.105512523,0.007078633,0.087472524,0.031736928,5.25E-08,5.01E-07,0.005442604,0.977670703,0.249745603,0.001330647,0.000289991,0.079238924,116,85,10,45,84,0.000845114,4.24E-05,0.002015928,0.000164407,0.001520137,7.16E-05,0.01679284
299,299,299,3.7,SMN008,45.93531312,55.41708213,31,132.5308,34.8523,132.65,34.451,7.549,0.011494253,0.210088809,21:21:00,21:22:06,698,465,233,159,-5.093637499,0.051904316,0.056465295,0.780802202,0.027481255,3.56E-08,3.19E-05,0.070156418,0.053385482,0.040484428,0.010281698,0.000263956,1.244632838,226,231,198,225,226,0.000523949,3.70E-05,0.000584425,3.71E-05,0.000573975,3.66E-05,0.008260828
300,300,300,3.7,SMN016,84.15888822,89.68677978,31,132.8146,35.1957,132.65,34.451,2.82,0.071428571,1.094069505,21:21:00,21:22:15,432,288,144,86,-6.430424165,0.075524369,0.036826219,0.509504792,0.095907588,4.11E-07,1.36E-05,0.050501348,0.068039797,0.044146823,0.00554336,0.00081613,0.461175065,190,192,135,106,297,0.000482406,2.19E-05,0.000660642,2.39E-05,0.000661568,3.40E-05,0.012020077
301,301,301,3.8,HRS001,79.50529139,81.09926855,16,132.9018,35.0337,133.597,34.603,3.802,0.010989011,1.167409925,17:24:00,17:24:42,591,394,197,122,-5.864530904,0.097905909,0.057431962,0.813535979,0.170040887,1.14E-06,3.29E-05,0.076670693,0.124403662,0.056627372,0.009019559,0.000898202,0.578836983,95,235,78,93,212,0.000662099,5.28E-05,0.000448924,2.42E-05,0.000537381,3.32E-05,0.015582209
302,302,302,3.8,HRS002,43.79214557,46.62351353,16,133.2755,34.8951,133.597,34.603,14.681,1.5,3.381087457,17:24:00,17:24:33,833,555,278,175,-10.78647362,0.257186798,0.013506204,0.21666787,0.110969361,5.27E-07,1.82E-06,0.013348706,0.056916964,0.108502489,0.001531131,0.00062901,0.037406206,253,216,84,52,253,0.000430032,2.15E-05,0.000585036,2.57E-05,0.000730254,4.15E-05,0.04093255
303,303,303,3.8,HRS004,121.4793772,122.5285236,16,132.2772,34.7262,133.597,34.603,2.737,1.5,3.192361295,17:24:00,17:24:54,1407,938,469,302,-4.270260319,0.675030989,0.648559879,10.02442279,4.720908755,0.001081233,0.004188467,26.43484847,0.488956572,7.436516015,0.059718911,0.040216596,0.555863345,17,129,88,299,299,0.009349794,0.000594683,0.006284747,0.000135322,0.009781473,0.000335129,0.107434519
304,304,304,3.8,HRS005,34.79444132,38.2969078,16,133.2807,34.777,133.597,34.603,16.155,0.010909091,0.264886264,17:24:00,17:24:26,730,487,266,172,-2.38922002,0.121728451,0.252455964,3.230005757,0.140004077,1.13E-06,0.000636399,1.532787234,1.020534279,3.823923502,0.053989408,0.001552334,2.786739299,12,86,82,21,37,0.00043676,3.79E-05,0.000533138,4.85E-05,0.00050602,2.99E-05,0.019373685
305,305,305,3.8,HRS015,25.25264587,29.89475077,16,133.3615,34.4849,133.597,34.603,5.751,1.5,3.055779952,17:24:00,17:24:28,320,213,146,89,-7.508524982,0.142170889,0.032688992,0.489615009,0.227795126,2.52E-06,1.07E-05,0.069927478,1.260805966,0.041571277,0.00380029,0.001895336,0.16795228,28,30,87,27,293,0.002087633,5.47E-05,0.003144451,0.000128658,0.001397194,3.47E-05,0.0226272
306,306,306,3.8,KGW003,41.50753901,44.48455681,16,133.7896,34.2652,133.597,34.603,4.707,1.5,3.194787575,17:24:00,17:24:32,737,491,246,169,-8.244931432,1.258764918,0.096938701,1.505440218,0.703687044,2.42E-05,9.36E-05,0.544322734,0.042463887,0.044208898,0.008773907,0.00598618,0.043795376,3,148,101,279,299,0.001173459,7.93E-05,0.000475509,3.02E-05,0.000649245,3.61E-05,0.200338659
307,307,307,3.8,KGW005,54.51064305,56.81030018,16,133.6354,34.1138,133.597,34.603,3.9,1.5,3.184391728,17:24:00,17:24:30,272,181,115,67,-9.956274119,0.210809048,0.013205262,0.203282551,0.095973911,4.46E-07,1.74E-06,0.007719752,0.199253045,0.143663816,0.001620391,0.000702162,0.048295909,106,167,44,226,282,0.000592399,2.73E-05,0.000875681,5.56E-05,0.000923197,5.85E-05,0.033551302
308,308,308,3.8,KGW008,57.27668521,59.46947678,16,133.9243,34.1644,133.597,34.603,3.022,0.010752688,0.663799684,17:24:00,17:24:37,769,513,274,212,-4.233607707,0.075774864,0.060366238,0.582500496,0.081842113,4.06E-07,3.64E-05,0.105739436,0.046950691,0.036495951,0.018676569,0.000709395,1.548644747,150,190,182,148,252,0.000601882,3.56E-05,0.000956127,6.30E-05,0.000526065,2.51E-05,0.012059944
309,309,309,3.8,OKY004,40.40951855,43.46181301,16,133.5018,34.9579,133.597,34.603,15.304,0.1,1.491627688,17:24:00,17:24:32,733,488,244,161,-3.713482728,0.070822171,0.113623917,1.470590504,0.417674163,7.28E-06,0.000129092,0.569909984,0.9364318,1.982324769,0.022894767,0.002471128,2.031172764,45,57,52,47,281,0.00035117,1.72E-05,0.000460884,2.61E-05,0.00042268,2.66E-05,0.011271699
310,310,310,3.8,OKY005,46.87608308,49.5314765,16,133.7317,35.0098,133.597,34.603,7.64,0.011538462,0.586634766,17:24:00,17:24:33,464,309,155,92,-5.613852038,0.065477772,0.050178679,0.70042591,0.074365733,2.19E-07,2.52E-05,0.109238201,0.143773169,0.132930163,0.008593298,0.000450357,0.82460478,34,257,288,33,65,0.000445424,2.35E-05,0.000427141,3.08E-05,0.000601901,4.55E-05,0.010421111
311,311,311,3.8,OKY006,63.75481174,65.73184936,16,134.005,35.0684,133.597,34.603,2.713,0.115384615,1.218850601,17:24:00,17:24:39,872,581,291,207,-6.680234961,0.10281301,0.030785589,0.422638551,0.082361347,3.57E-07,9.48E-06,0.021284011,0.060691678,0.017556255,0.005992976,0.000677614,0.366247224,33,79,81,18,293,0.000403314,3.32E-05,0.000506892,3.62E-05,0.000627263,3.69E-05,0.016363199
313,313,313,3.8,OKY008,40.82912032,43.85221849,16,133.9036,34.8701,133.597,34.603,3.25,0.090909091,0.256800476,17:24:00,17:24:32,707,471,266,170,-6.156713254,0.07518356,0.035072769,0.452250626,0.02087893,2.05E-08,1.23E-05,0.027533544,0.103344048,0.068686095,0.007372703,0.000251225,0.616146089,57,72,108,55,294,0.000341293,2.27E-05,0.000390985,2.66E-05,0.000358889,2.26E-05,0.011965835
314,314,314,3.8,OKY009,57.19229143,59.38819916,16,134.0923,34.9176,133.597,34.603,7.124,0.01,1.950634434,17:24:00,17:24:36,602,401,201,119,-6.123719791,0.117850305,0.045504887,0.636138591,0.214742843,1.99E-06,2.07E-05,0.052521248,1.035699411,0.529337787,0.007669755,0.001346489,0.408912741,102,121,164,104,168,0.000519262,3.93E-05,0.000963153,5.74E-05,0.001457138,0.000128633,0.018756459
318,318,318,3.8,HRS021,49.81719271,51.01718033,11,133.1171,34.9529,133.314,35.371,4.073,1.5,3.290368208,08:01:00,08:01:15,690,460,230,141,-9.580502177,0.812228207,0.033928498,0.525626258,0.257717256,3.14E-06,1.15E-05,0.073740784,0.165288573,0.023893297,0.003117412,0.002044543,0.024115484,194,80,156,297,299,0.00057715,4.80E-05,0.002353121,0.00013798,0.000415231,2.17E-05,0.129270134
319,319,319,3.8,OKY005,55.2619946,56.34614492,11,133.7317,35.0098,133.314,35.371,2.842,1.5,3.20929175,08:01:00,08:01:23,464,309,155,92,-9.395051639,1.116196963,0.05421016,0.852215048,0.398956098,7.63E-06,2.93E-05,0.157436481,0.008245838,0.012654707,0.005072775,0.003287227,0.028555165,5,47,170,298,299,0.000612324,4.53E-05,0.000325654,1.54E-05,0.000580581,4.88E-05,0.177648264
322,322,322,3.8,SMN003,29.26213682,31.26136035,11,133.0929,35.1795,133.314,35.371,4.175,1.5,3.113294104,08:01:00,08:01:11,544,363,181,102,-8.002897307,0.521581936,0.059648815,0.906590389,0.419391959,8.69E-06,3.54E-05,0.187823776,0.110986216,0.014373296,0.00631851,0.003712766,0.076115307,244,211,87,290,299,0.000969613,5.03E-05,0.000739067,4.30E-05,0.000706735,4.00E-05,0.083012343
324,324,324,3.8,TTR005,46.78979519,48.06542347,11,133.8253,35.429,133.314,35.371,4.218,0.011952191,0.66722347,08:01:00,08:01:20,330,220,110,106,-5.071392993,0.075238072,0.035805207,0.439772602,0.055986955,1.44E-07,1.28E-05,0.049568798,0.187444798,0.043489354,0.010081076,0.000431144,0.841877864,87,186,115,88,233,0.000458281,2.24E-05,0.000560256,4.01E-05,0.000648827,3.24E-05,0.011974511
328,328,328,3.8,HRS001,50.87359818,51.8471117,10,132.9018,35.0337,133.427,35.191,6.224,1.5,2.93431724,15:58:00,15:59:01,591,394,197,122,-2.419300704,0.175970377,0.236508809,3.054413206,1.713576669,0.000121937,0.00055909,6.565875034,0.433916739,3.037142696,0.061434079,0.010330163,2.193560691,8,27,20,5,298,0.000491925,4.26E-05,0.000648127,5.82E-05,0.000445229,3.58E-05,0.028006555
329,329,329,3.8,HRS002,35.67636906,37.05136042,10,133.2755,34.8951,133.427,35.191,42.228,3,2.808537413,15:58:00,15:58:57,833,555,278,175,-10.08708453,0.244500642,0.014761853,0.215650125,0.092212114,4.35E-07,2.18E-06,0.057511723,0.351753241,0.134394376,0.001559361,0.000628052,0.040072519,207,212,177,159,181,0.000475605,2.92E-05,0.000805485,4.51E-05,0.000865028,4.34E-05,0.038913486
330,330,330,3.8,HRS005,47.92534241,48.95751674,10,133.2807,34.777,133.427,35.191,4.575,0.010869565,1.1628361,15:58:00,15:59:00,730,487,266,172,-4.404962984,0.088677794,0.072721194,0.940022111,0.207584677,1.81E-06,5.28E-05,0.21731756,0.130428215,0.240007607,0.018477155,0.001314908,1.309182205,75,52,52,77,278,0.000435363,2.36E-05,0.000516891,4.87E-05,0.00062412,5.20E-05,0.014113509
331,331,331,3.8,HRS006,109.7450318,110.1996915,10,132.4077,34.6659,133.427,35.191,3.019,1.5,2.351578595,15:58:00,15:59:18,719,480,240,145,-8.468214876,0.080709457,0.017557259,0.241368631,0.097554949,4.31E-07,3.08E-06,0.013469288,0.017337146,0.505454025,0.002811804,0.000761513,0.218897309,0,79,2,6,295,0.002978262,5.84E-05,0.003264115,6.06E-05,0.004833151,8.25E-05,0.012845309
332,332,332,3.8,HRS021,38.68247936,39.95415134,10,133.1171,34.9529,133.427,35.191,6.808,0.012244898,0.86746749,15:58:00,15:58:58,690,460,230,141,-3.398233606,0.050734861,0.149616519,2.082476366,0.313056193,4.26E-06,0.000223662,0.62532483,1.03851173,0.481640363,0.022146963,0.002282211,2.742758535,183,65,99,171,291,0.000521202,4.01E-05,0.000962041,6.06E-05,0.000651763,3.91E-05,0.008074704
333,333,333,3.8,OKY001,27.66370004,29.41564719,10,133.7314,35.1945,133.427,35.191,8.433,1.5,3.117250506,15:58:00,15:58:51,344,229,128,69,-9.15982099,0.218452553,0.022658245,0.35275957,0.158689937,1.26E-06,5.11E-06,0.024362277,0.16978675,0.21722996,0.002197382,0.001355178,0.063201647,236,188,249,275,299,0.00052705,2.36E-05,0.000756825,6.44E-05,0.000671967,4.47E-05,0.034767804
334,334,334,3.8,OKY005,34.26865757,35.69791159,10,133.7317,35.0098,133.427,35.191,7.934,0.075,1.178700277,15:58:00,15:58:56,464,309,155,92,-4.574799641,0.066825466,0.068382908,0.922863766,0.196835038,1.63E-06,4.62E-05,0.195315993,0.129236855,0.087785995,0.014137736,0.001278884,1.329283879,25,69,87,14,294,0.00038171,2.59E-05,0.000630896,5.19E-05,0.000411987,2.26E-05,0.010635603
335,335,335,3.8,OKY008,56.18150529,57.06453835,10,133.9036,34.8701,133.427,35.191,4.289,1.5,1.448078286,15:58:00,15:59:02,707,471,266,170,-6.921116469,0.054010263,0.018796923,0.255174718,0.068017554,1.88E-07,3.53E-06,0.013890783,0.074544691,0.067958571,0.004312156,0.00040547,0.501646744,91,159,56,92,54,0.000470764,2.37E-05,0.000683102,4.51E-05,0.000314584,2.62E-05,0.008596
359,359,359,3.8,OKY001,45.23408381,47.0650862,13,133.7314,35.1945,133.295,35.391,3.484,1.5,3.196298141,10:04:00,10:04:49,344,229,128,69,-8.341370114,0.540391588,0.054304413,0.829459746,0.394736682,7.60E-06,2.94E-05,0.220163823,0.008603183,0.100750993,0.005142329,0.0033947,0.059790356,21,64,55,299,299,0.000634577,3.96E-05,0.000415049,2.21E-05,0.000611856,3.41E-05,0.086005992
360,360,360,3.8,OKY005,58.06150586,59.4990627,13,133.7317,35.0098,133.295,35.391,3.372,1.5,2.333089671,10:04:00,10:04:52,464,309,155,92,-4.190225688,0.130560672,0.088787403,1.160841896,0.51348697,1.09E-05,7.88E-05,0.658976152,0.324557705,0.452171205,0.021192823,0.002961948,1.019896985,40,123,74,42,296,0.000751526,2.39E-05,0.000622532,3.73E-05,0.000452897,2.66E-05,0.020779376
366,366,366,3.8,EHM004,36.06667335,39.45636738,16,132.9982,34.0624,132.697,34.27,3.147,1.5,3.252326445,01:17:00,01:17:36,368,245,186,125,-7.847392388,1.38795186,0.130006957,2.036884238,0.970272965,4.51E-05,0.000168423,1.043706559,0.016795435,0.048831924,0.01119731,0.007902384,0.050689635,15,42,22,283,299,0.001487045,0.000101919,0.000647808,3.39E-05,0.000677446,5.17E-05,0.220899399
367,367,367,3.8,HRS006,51.39369837,53.82668699,16,132.4077,34.6659,132.697,34.27,5.474,0.011320755,0.979516923,01:17:00,01:17:40,719,480,240,145,-5.984377031,0.075414445,0.033621416,0.40528883,0.084019512,2.75E-07,1.13E-05,0.035264909,0.220403447,0.090660745,0.008399681,0.000519496,0.699822893,14,31,26,3,54,0.000315291,1.87E-05,0.000418822,3.34E-05,0.000437648,2.78E-05,0.012002582
368,368,368,3.8,HRS009,45.62109567,48.34546897,16,132.2794,34.4926,132.697,34.27,3.337,0.057692308,1.00586681,01:17:00,01:17:38,583,389,249,163,-5.345639254,0.055789799,0.054562143,0.736707363,0.129914807,7.62E-07,2.97E-05,0.064819723,0.081129458,0.136031262,0.009545533,0.000915828,1.075041525,62,222,69,50,220,0.00043912,2.85E-05,0.000504088,4.12E-05,0.000441641,2.38E-05,0.008879222
370,370,370,3.8,HRS013,25.56264098,30.15706573,16,132.4505,34.3768,132.697,34.27,7.421,1.5,3.228739154,01:17:00,01:17:33,179,119,119,118,-6.352378697,0.662757215,0.255097157,3.977637874,1.887020842,0.000171148,0.000648135,4.126391786,2.024372875,0.144074645,0.023163068,0.015704825,0.219594517,11,11,271,292,299,0.003472854,0.000226207,0.002756007,0.00019132,0.000968472,6.83E-05,0.105481087
371,371,371,3.8,HRS017,38.4631679,41.65831592,16,133.0832,34.404,132.697,34.27,9.503,1.5,3.166276978,01:17:00,01:17:36,1146,764,382,191,-9.61927302,1.343027273,0.048160813,0.759437577,0.349957622,5.87E-06,2.31E-05,0.147119779,0.000811516,0.014236279,0.004690288,0.00298279,0.021942927,17,78,209,283,299,0.000573966,4.07E-05,0.000339325,2.14E-05,0.000393892,1.94E-05,0.213749429
374,374,374,3.8,OKY004,106.1837201,107.3824121,16,133.5018,34.9579,132.697,34.27,3.508,3,1.450566236,01:17:00,01:17:55,733,488,244,161,-8.443750763,0.077509066,0.012725855,0.177650272,0.043534165,8.63E-08,1.62E-06,0.018431839,0.078982427,0.021000686,0.002241023,0.000298007,0.181666,72,133,39,197,220,0.001934838,2.84E-05,0.00333278,6.82E-05,0.002630323,5.27E-05,0.012335951
375,375,375,3.8,HRS005,45.48036774,47.89012268,15,133.2807,34.777,133.445,34.391,5.064,1.5,3.017896042,08:17:00,08:17:30,730,487,266,172,-4.496702914,0.178157781,0.134436933,2.01249581,0.957119237,4.16E-05,0.000180348,1.516005816,0.270836928,0.993036994,0.020047203,0.00749932,0.707015375,118,192,128,46,299,0.000756201,4.34E-05,0.000829506,7.57E-05,0.000409021,2.01E-05,0.028354691
376,376,376,3.8,HRS021,69.30337616,70.90809508,15,133.1171,34.9529,133.445,34.391,19.323,1.5,3.172351547,08:17:00,08:17:36,690,460,230,141,-7.494698494,1.266042832,0.132490002,2.06080777,0.959383723,4.45E-05,0.000174733,1.101861688,0.066962656,0.030643793,0.012899033,0.008264282,0.064016012,29,60,211,297,299,0.001506145,0.000128003,0.000845147,5.86E-05,0.000635996,3.05E-05,0.201496975
377,377,377,3.8,KGW003,34.59757121,37.70930832,15,133.7896,34.2652,133.445,34.391,3.503,1.5,3.158455226,08:17:00,08:17:29,737,491,246,169,-8.985783152,1.084703544,0.063470883,0.971536705,0.456484622,1.01E-05,4.01E-05,0.259024332,0.011454348,0.033172217,0.006321211,0.003978034,0.03661585,3,153,40,297,299,0.000722762,4.62E-05,0.000543649,3.15E-05,0.000506346,3.21E-05,0.172635931
378,378,378,3.8,KGW005,35.44443854,38.48776719,15,133.6354,34.1138,133.445,34.391,4.499,1.5,3.175946826,08:17:00,08:17:27,272,181,115,67,-8.597728665,0.570841541,0.04632032,0.700176054,0.33195038,5.46E-06,2.14E-05,0.129773345,0.546436312,0.598447789,0.004420154,0.002840285,0.048652116,60,85,22,255,299,0.001120462,8.98E-05,0.001275468,8.08E-05,0.001448353,0.000114042,0.090852253
379,379,379,3.8,KGW008,50.73774143,52.90858537,15,133.9243,34.1644,133.445,34.391,3.36,0.0625,0.626318977,08:17:00,08:17:31,769,513,274,212,-6.352987783,0.05739669,0.027978171,0.394722998,0.035908282,7.78E-08,7.83E-06,0.016761648,0.218430275,0.010180591,0.004734817,0.000409269,0.51831794,217,265,280,228,282,0.000472301,2.95E-05,0.001209475,7.76E-05,0.000379742,1.88E-05,0.009134967
380,380,380,3.8,OKY004,63.25003535,65.00436117,15,133.5018,34.9579,133.445,34.391,10.396,1.5,3.340370784,08:17:00,08:17:35,733,488,244,161,-10.04211847,0.43375579,0.023049345,0.370496899,0.181434187,1.50E-06,5.30E-06,0.032397482,0.007314289,0.407161658,0.002094669,0.001293102,0.030342402,19,82,7,271,299,0.000618347,4.13E-05,0.000459568,3.18E-05,0.001193144,0.00010284,0.069034378
381,381,381,3.8,OKY007,45.95341805,48.33959692,15,133.6121,34.7807,133.445,34.391,6.182,1.5,2.913766067,08:17:00,08:17:30,512,342,183,104,-10.03884682,0.18712018,0.013717797,0.201692079,0.088097535,4.03E-07,1.87E-06,0.012364675,0.005227244,0.081587826,0.001590472,0.000852118,0.053405416,132,48,177,267,299,0.000531712,2.34E-05,0.000674434,3.73E-05,0.000813017,4.30E-05,0.029781102
383,383,383,3.8,OKY014,32.01981402,35.35913587,15,133.7876,34.4462,133.445,34.391,5.694,3,2.658803759,08:17:00,08:17:26,611,407,204,131,-9.332712471,0.370025726,0.02685719,0.394903039,0.156407163,1.29E-06,7.20E-06,0.160485574,0.072361435,0.009987748,0.00279247,0.001051601,0.047417256,101,0,261,212,238,0.000669197,3.19E-05,0.000904537,3.85E-05,0.00083525,2.81E-05,0.058891423
385,385,385,3.8,TTR005,45.55710134,46.64171397,10,133.8253,35.429,133.365,35.265,3.91,1.5,2.882525954,14:00:00,14:00:01,330,220,110,106,-8.191918096,0.136247548,0.026164154,0.383221598,0.17034525,1.43E-06,6.81E-06,0.037201446,10.21905716,1.076811922,0.003378504,0.001611617,0.155802931,48,3,222,286,299,0.001588558,4.38E-05,0.005442398,0.000335752,0.002536062,0.000127387,0.021684471
395,395,395,3.8,HRS003,69.3139091,70.52246447,13,132.8418,34.8143,133.36,35.271,4.348,0.0625,0.578436709,07:49:00,07:49:53,519,346,173,103,-4.495554891,0.079635785,0.067284385,0.917544647,0.093380919,3.83E-07,4.52E-05,0.115633406,0.384063857,0.256116362,0.015339834,0.000722612,1.210297836,52,153,120,51,65,0.000421005,2.75E-05,0.000724308,2.88E-05,0.001055269,6.73E-05,0.012674429
396,396,396,3.8,HRS006,109.8028959,110.5697786,13,132.4077,34.6659,133.36,35.271,4.492,3,1.291304661,07:49:00,07:50:03,719,480,240,145,-6.999655568,0.071184314,0.027567569,0.372708901,0.085705548,3.21E-07,7.60E-06,0.107422353,0.113751446,0.041052146,0.004277565,0.000551758,0.377565391,62,96,85,42,116,0.004635239,0.00015061,0.005881911,0.000138442,0.005298196,0.00013653,0.011329335
397,397,397,3.8,HRS021,41.70459118,43.68378333,13,133.1171,34.9529,133.36,35.271,13.19,1.5,2.564745785,07:49:00,07:49:39,690,460,230,141,-9.012592567,0.076347935,0.010211236,0.146380196,0.06437469,1.73E-07,1.04E-06,0.002620102,5.002760212,16.93569239,0.001534107,0.000370322,0.12625198,190,170,3,16,231,0.001019559,3.02E-05,0.003554204,0.000255052,0.006356544,0.000429713,0.012151151
398,398,398,3.8,OKY010,95.43549028,96.31683552,13,134.1884,34.7454,133.36,35.271,4.13,1.5,1.334963412,07:49:00,07:50:00,486,324,187,104,-4.095168256,0.083111398,0.079332082,0.886718996,0.237032072,2.84E-06,6.29E-05,0.167931378,0.063419297,0.545061272,0.018639183,0.00218317,1.409114038,252,286,299,251,299,0.016766422,0.000473954,0.008942514,0.000337363,0.010827772,0.000418879,0.01322759
399,399,399,3.8,SMN001,34.65270017,37.01093931,13,133.1612,35.5372,133.36,35.271,7.905,1.5,3.100871493,07:49:00,07:49:42,531,354,177,117,-8.851598672,0.859909452,0.056048846,0.835146399,0.387145274,7.62E-06,3.13E-05,0.175403079,0.050966699,0.502231501,0.00531146,0.003504956,0.038809768,141,222,11,276,299,0.000688068,3.93E-05,0.000818169,4.04E-05,0.001179739,6.50E-05,0.13685884
400,400,400,3.8,SMN003,26.30876184,29.34537356,13,133.0929,35.1795,133.36,35.271,29.036,1.5,3.201532729,07:49:00,07:49:00,544,363,181,102,-8.481891055,0.450698379,0.044244243,0.702626484,0.328679716,5.06E-06,1.95E-05,0.141556267,0.74614722,0.100019466,0.004406577,0.002759708,0.061432086,35,2,22,285,299,0.00080621,4.29E-05,0.0012238,8.06E-05,0.000835753,5.09E-05,0.071730875
401,401,401,3.8,SMN008,88.67575055,89.62359475,13,132.5308,34.8523,133.36,35.271,5.119,0.011111111,0.263808407,07:49:00,07:49:58,698,465,233,159,-5.078999382,0.098516181,0.061556412,0.85954457,0.036027651,6.68E-08,3.79E-05,0.090418448,0.061432836,0.065564819,0.012051399,0.000376124,0.768616619,67,98,178,46,118,0.004476073,0.000136257,0.000638787,3.14E-05,0.001990443,5.03E-05,0.015679337
402,402,402,3.8,SMN016,50.23855976,51.89328363,13,132.8146,35.1957,133.36,35.271,8.587,1.5,1.774582722,07:49:00,07:49:41,432,288,144,86,-10.51778417,0.113933753,0.006821948,0.097302677,0.028092638,3.71E-08,4.65E-07,0.003772077,0.036757818,0.891933178,0.000955711,0.000242197,0.052705267,50,196,57,103,299,0.000817843,4.25E-05,0.001656572,4.25E-05,0.001548996,9.16E-05,0.01813312
403,403,403,3.8,TTR006,36.19628306,38.45999099,13,133.6303,35.5106,133.36,35.271,18.407,1.5,3.076028307,07:49:00,07:49:43,457,304,228,151,-9.595991551,0.238362909,0.015743226,0.245581943,0.109271621,5.91E-07,2.47E-06,0.014707395,1.824387795,1.190288422,0.001721417,0.000949062,0.045376101,4,17,16,249,299,0.000461451,2.81E-05,0.002438163,0.000158214,0.001962726,0.000109597,0.037936635
405,405,405,3.8,HRS001,49.18505526,50.40009585,11,132.9018,35.0337,133.375,35.248,13.486,0.01,1.797011057,10:27:00,10:27:09,591,394,197,122,-4.663746323,0.106414691,0.125152713,1.76986303,0.551921807,1.28E-05,0.000156621,0.933080804,0.246930394,0.356521999,0.018778322,0.003400378,1.108753662,107,213,96,9,296,0.000350342,1.95E-05,0.000680931,5.04E-05,0.000448747,3.05E-05,0.016936424
406,406,406,3.8,HRS003,68.42937748,69.30786177,11,132.8418,34.8143,133.375,35.248,2.879,1.5,2.638513997,10:27:00,10:27:15,519,346,173,103,-5.990859673,0.138119385,0.046170258,0.603337359,0.301334152,3.76E-06,2.13E-05,0.18385729,0.09030861,0.137164767,0.009688789,0.001697384,0.440752431,5,74,86,7,271,0.000575228,4.95E-05,0.000646227,4.56E-05,0.000402053,2.41E-05,0.021982383
407,407,407,3.8,HRS006,109.363257,109.9150671,11,132.4077,34.6659,133.375,35.248,2.43,0.01119403,0.506196389,10:27:00,10:27:26,719,480,240,145,-8.068818769,0.105231986,0.016420133,0.222019921,0.018430077,1.75E-08,2.69E-06,0.006856921,0.013440007,0.05037971,0.002953861,0.000206738,0.176368979,59,70,89,61,83,0.002796695,7.87E-05,0.003713541,7.51E-05,0.004991229,0.000115996,0.016748191
408,408,408,3.8,HRS009,130.5573996,131.0199779,11,132.2794,34.4926,133.375,35.248,3.442,1.5,3.199540455,10:27:00,10:27:32,583,389,249,163,-4.769194819,0.986576212,0.425465215,6.589056598,3.105893077,0.00046726,0.001801951,11.19188804,5.796673206,0.32581682,0.041161989,0.026342812,0.262147413,5,112,232,294,299,0.006498738,0.00036198,0.005043026,0.000314467,0.005808548,0.000179332,0.157018481
409,409,409,3.8,OKY006,60.65454494,61.6439277,11,134.005,35.0684,133.375,35.248,4.878,3,2.709733084,10:27:00,10:27:12,872,581,291,207,-9.49879599,0.100940776,0.012098426,0.18334476,0.078674219,2.72E-07,1.46E-06,0.054033252,0.00808841,0.341941854,0.001542029,0.000483313,0.095985519,75,3,7,142,160,0.000499191,2.09E-05,0.000623211,2.37E-05,0.000916322,4.80E-05,0.016065223
410,410,410,3.8,OKY008,63.87931741,64.81949701,11,133.9036,34.8701,133.375,35.248,4.813,3,1.077704333,10:27:00,10:27:14,707,471,266,170,-7.026515333,0.067587907,0.022343307,0.311082875,0.055362877,1.47E-07,4.99E-06,0.030875073,0.029091912,0.074142689,0.00389994,0.000363687,0.362550765,145,170,128,27,235,0.000507079,3.54E-05,0.000518723,3.43E-05,0.00064492,3.27E-05,0.010756949
411,411,411,3.8,OKY010,92.80523823,93.45486742,11,134.1884,34.7454,133.375,35.248,4.379,0.081081081,0.808019013,10:27:00,10:27:21,486,324,187,104,-4.967058308,0.076189713,0.054287829,0.723438466,0.104546132,4.87E-07,2.95E-05,0.093456994,0.057634111,0.292461386,0.012210598,0.000670554,1.006979111,19,104,40,21,289,0.000694379,3.69E-05,0.000784481,4.39E-05,0.000778703,4.05E-05,0.012125969
412,412,412,3.8,OKY011,81.91952255,82.65475289,11,133.9067,34.654,133.375,35.248,6.97,1.5,3.100702567,10:27:00,10:27:19,259,172,113,67,-6.774262055,0.295030013,0.078864679,1.210312511,0.554068452,1.51E-05,6.19E-05,0.401163121,5.455868944,2.953988931,0.008418876,0.00478762,0.179294826,278,299,41,280,299,0.002734462,9.12E-05,0.003868142,0.000232127,0.003093033,0.00018589,0.046955485
413,413,413,3.8,SMN001,37.5459645,39.12415431,11,133.1612,35.5372,133.375,35.248,11.749,1.5,3.161291003,10:27:00,10:27:07,531,354,177,117,-9.547648734,0.841351328,0.039115153,0.592148757,0.28163655,3.86E-06,1.52E-05,0.098599995,0.107699134,0.030947637,0.003770133,0.002435555,0.028155232,10,280,129,273,299,0.000593341,4.26E-05,0.000544772,3.48E-05,0.000466094,3.44E-05,0.133905223
414,414,414,3.8,SMN002,37.29764082,38.88591019,11,133.0682,35.4714,133.375,35.248,3.488,1.5,3.205956126,10:27:00,10:27:06,184,123,81,49,-4.902937871,0.748913887,0.446132318,6.900900004,3.264540497,0.000516099,0.001982336,12.75307081,0.807610357,2.564198539,0.042428935,0.027630143,0.355967306,23,66,57,288,299,0.007292311,0.000405321,0.003001895,0.00018586,0.004278257,0.000192287,0.119193347
415,415,415,3.8,SMN003,26.7358709,28.91032329,11,133.0929,35.1795,133.375,35.248,14.731,1.5,3.173889358,10:27:00,10:27:03,544,363,181,102,-8.642683754,1.008266324,0.060874611,0.944036504,0.442808681,9.41E-06,3.69E-05,0.278811729,0.037595411,1.636458476,0.006022086,0.003817978,0.037527669,205,190,61,295,299,0.000762424,5.53E-05,0.000777231,3.24E-05,0.001562266,0.00012483,0.160470569
416,416,416,3.8,SMN008,88.55164708,89.23224865,11,132.5308,34.8523,133.375,35.248,2.999,1.5,1.337277261,10:27:00,10:27:20,698,465,233,159,-5.457279755,0.147171241,0.046351731,0.596199312,0.151623378,9.73E-07,2.15E-05,0.086827583,0.044197258,0.049521735,0.012980423,0.001047066,0.554173518,15,71,136,13,299,0.000316185,1.72E-05,0.000449548,2.86E-05,0.000363186,2.16E-05,0.02342303
417,417,417,3.8,TTR005,45.53471706,46.84453498,11,133.8253,35.429,133.375,35.248,3.319,1.5,3.131132768,10:27:00,10:27:08,330,220,110,106,-8.959912766,0.433177555,0.040541107,0.615517263,0.284434065,4.07E-06,1.64E-05,0.08293838,0.002092659,0.572452346,0.004090978,0.002479908,0.05933911,50,60,233,272,299,0.000623143,3.05E-05,0.000507573,2.95E-05,0.001028311,9.09E-05,0.068942349
418,418,418,3.8,TTR006,37.26063439,38.85041667,11,133.6303,35.5106,133.375,35.248,11.833,0.011538462,0.48556086,10:27:00,10:27:06,457,304,228,151,-6.196540422,0.095876067,0.04437721,0.631025395,0.050866623,1.18E-07,1.97E-05,0.043587657,0.149135839,0.167888086,0.007482268,0.000439204,0.49034635,52,57,68,179,210,0.000560192,3.52E-05,0.00107567,8.38E-05,0.00122702,7.38E-05,0.01525915
434,434,434,3.9,HRS003,38.00320251,39.85277156,12,132.8418,34.8143,132.685,35.131,4.727,0.01,1.165730303,05:31:00,05:32:00,519,346,173,103,-5.488522004,0.077791508,0.039627331,0.532165025,0.114152112,5.40E-07,1.57E-05,0.073896749,0.041481548,0.096811425,0.008097528,0.000822466,0.654033747,24,42,52,23,297,0.000359242,1.78E-05,0.000527664,4.45E-05,0.000401872,1.94E-05,0.012380903
435,435,435,3.9,HRS008,57.93927965,59.16891182,12,132.7193,34.6107,132.685,35.131,3.624,1.5,3.211585443,05:31:00,05:32:06,512,341,228,137,-8.334791396,1.162124056,0.088042012,1.368232197,0.643694664,2.02E-05,7.72E-05,0.478318101,0.002774114,0.004576848,0.008005591,0.005448019,0.04328334,78,88,92,274,299,0.001053976,7.97E-05,0.00062359,3.15E-05,0.000449967,2.33E-05,0.184957788
436,436,436,3.9,SMN004,26.23202241,28.84647292,12,132.9004,35.2881,132.685,35.131,9.961,1.5,3.225828583,05:31:00,05:31:53,438,292,157,91,-7.529294836,1.132207855,0.134435854,2.085483104,0.992870254,4.75E-05,0.000180026,1.149558338,0.00473761,0.268908323,0.012257623,0.00828955,0.068023656,24,14,295,294,299,0.001628653,0.000122162,0.000457437,3.30E-05,0.000895966,6.07E-05,0.180196477
438,438,438,3.9,SMN008,34.02490281,36.07899682,12,132.5308,34.8523,132.685,35.131,5.569,0.078947368,0.790853582,05:31:00,05:31:59,698,465,233,159,-2.646084813,0.066043004,0.217159387,2.76445781,0.392090712,7.46E-06,0.000470981,1.022206466,0.729146769,1.083699496,0.040333104,0.003813679,3.837202296,69,59,64,60,299,0.000357079,2.19E-05,0.000620415,3.43E-05,0.00073436,4.32E-05,0.010511071
439,439,439,3.9,SMN009,44.13072407,45.7331478,12,132.2227,35.0112,132.685,35.131,8.472,1.5,3.176703764,05:31:00,05:32:02,438,292,152,102,-6.197958001,0.417272945,0.169965802,2.630225756,1.231419488,7.35E-05,0.000287537,1.885820035,4.228939334,3.8382656,0.016893406,0.010575249,0.254376423,159,39,18,286,299,0.002858699,0.000145475,0.008412008,0.000262407,0.006044075,0.000219159,0.066411052
441,441,441,3.9,HRS002,34.48850979,35.19172215,7,133.2755,34.8951,132.927,35.016,36.599,3,2.760418532,09:31:00,09:32:02,833,555,278,175,-9.852883471,0.130335701,0.016653461,0.252400997,0.105215324,5.35E-07,2.77E-06,0.13866366,0.106933954,1.386000655,0.001773894,0.000739077,0.085515371,225,1,12,100,124,0.000570134,3.83E-05,0.001109031,3.93E-05,0.001583072,9.20E-05,0.020743571
443,443,443,3.9,HRS005,41.794898,42.37703976,7,133.2807,34.777,132.927,35.016,6.462,0.011583012,0.330615317,09:31:00,09:32:05,730,487,266,172,-5.533359575,0.064307174,0.053324316,0.744401666,0.039851171,7.86E-08,2.84E-05,0.063743911,0.121718417,0.497819565,0.008360404,0.000331366,0.816860167,202,224,232,193,136,0.000407693,3.67E-05,0.000665689,4.96E-05,0.000467217,3.16E-05,0.010234805
445,445,445,3.9,OKY004,52.76126734,53.2235975,7,133.5018,34.9579,132.927,35.016,4.166,1.5,2.32473623,09:31:00,09:32:07,733,488,244,161,-6.014777837,0.113834107,0.041191678,0.529700441,0.240471294,2.32E-06,1.70E-05,0.219643224,0.134465654,0.231271867,0.00821781,0.001330952,0.453590121,57,13,9,3,74,0.000496639,3.65E-05,0.000513406,3.28E-05,0.000395636,2.19E-05,0.018117261
446,446,446,3.9,OKY013,77.50603346,77.82149589,7,133.5099,34.5095,132.927,35.016,3.199,3,0.624803255,09:31:00,09:32:15,678,452,226,133,-8.001785283,0.063715216,0.014724261,0.203149725,0.01934386,2.13E-08,2.15E-06,0.006701901,0.075190849,0.00901254,0.002594026,0.000234834,0.255806227,86,210,218,182,299,0.000427287,2.80E-05,0.000457367,2.40E-05,0.000488224,2.61E-05,0.010140592
448,448,448,3.9,SMN008,40.44473993,41.04603498,7,132.5308,34.8523,132.927,35.016,7.003,0.078947368,1.167216792,09:31:00,09:32:04,698,465,233,159,-2.639673616,0.094458855,0.111594914,1.255863705,0.317719254,4.30E-06,0.000124531,0.376637962,0.139724693,0.132105922,0.040115913,0.002068801,2.668418087,7,39,61,5,295,0.000397145,2.12E-05,0.000526731,3.76E-05,0.000299478,1.60E-05,0.015033594
450,450,450,3.9,EHM002,53.36307111,56.00551186,17,133.3074,33.9216,132.833,34.197,5.83,1.5,1.38170893,03:45:00,03:46:06,1179,786,393,248,-5.475526277,0.062424561,0.049007445,0.67463617,0.166070397,1.16E-06,2.40E-05,0.102705653,0.037799735,0.064771402,0.009278273,0.001039535,0.933880932,269,273,67,268,270,6.28E-05,3.92E-06,7.23E-05,3.26E-06,8.54E-05,4.39E-06,0.009935177
452,452,452,3.9,EHM007,26.71316725,31.6637538,17,132.7722,33.9621,132.833,34.197,14.178,1.5,3.194976098,03:45:00,03:45:55,293,195,176,146,-8.277609774,1.184158766,0.100017015,1.547020014,0.728800392,2.58E-05,9.96E-05,0.633392101,0.324763984,0.016314827,0.009309373,0.006215514,0.04939584,17,12,194,293,299,0.00117205,7.98E-05,0.000993164,6.16E-05,0.000551766,1.75E-05,0.188464721
453,453,453,3.9,EHM008,43.0407627,46.27642222,17,132.7282,33.8198,132.833,34.197,2.5,0.049180328,0.471939699,03:45:00,03:46:00,444,296,185,160,-3.768339644,0.059386909,0.092543814,1.265808471,0.10741599,4.79E-07,8.50E-05,0.20265075,0.053635366,0.070411202,0.018838924,0.000881033,1.993174143,299,149,146,298,299,0.000224268,1.07E-05,0.000202116,1.04E-05,0.000275786,1.38E-05,0.00945172
454,454,454,3.9,EHM015,72.84235509,74.79979074,17,132.4814,33.6105,132.833,34.197,1.929,0.071428571,0.862823414,03:45:00,03:46:12,460,307,276,231,-6.148788434,0.066938326,0.031085813,0.410981834,0.065178376,1.82E-07,9.66E-06,0.056115673,0.074421686,0.028512082,0.005906395,0.000405104,0.554405439,267,222,200,213,124,0.002167738,4.31E-05,0.003316325,0.000119995,0.002077842,6.74E-05,0.010653566
455,455,455,3.9,EHM016,49.29586713,52.14482253,17,132.7088,33.7658,132.833,34.197,2.083,1.5,1.526869113,03:45:00,03:46:02,297,198,156,110,-5.587860842,0.085285443,0.048191425,0.652582752,0.180278942,1.37E-06,2.32E-05,0.118939849,0.011176447,0.006768498,0.010428508,0.00119386,0.768293441,188,232,274,190,284,0.000351757,1.91E-05,0.000290025,1.61E-05,0.000215738,2.16E-05,0.0135736
456,456,456,3.9,HRS001,93.24957472,94.78651373,17,132.9018,35.0337,132.833,34.197,1.736,0.010989011,0.940978208,03:45:00,03:46:14,591,394,197,122,-7.471620599,0.084610478,0.025293907,0.35976657,0.058661522,1.43E-07,6.39E-06,0.016873582,0.063264295,0.009601612,0.003908464,0.000368362,0.290243033,234,89,74,236,269,0.000136868,4.60E-06,5.59E-05,3.31E-06,0.000105347,7.12E-06,0.013466176
457,457,457,3.9,HRS002,87.56774626,89.20263553,17,133.2755,34.8951,132.833,34.197,3.334,0.176470588,0.943230915,03:45:00,03:46:11,833,555,278,175,-7.487295908,0.044936253,0.018179259,0.252240896,0.042542683,7.45E-08,3.30E-06,0.009420806,0.012876271,0.021491961,0.00354679,0.00027407,0.495927812,192,293,199,134,282,8.26E-05,4.45E-06,0.000134499,5.87E-06,0.000132221,9.32E-06,0.007151827
458,458,458,3.9,HRS004,77.84049438,79.67523181,17,132.2772,34.7262,132.833,34.197,1.784,1.5,1.372527457,03:45:00,03:46:09,1407,938,469,302,-7.465995864,0.05653306,0.017866006,0.237503375,0.058835529,1.52E-07,3.19E-06,0.009698343,0.006878138,0.008890299,0.003123743,0.000413991,0.347178374,286,30,276,287,271,6.43E-05,3.98E-06,5.13E-05,3.29E-06,4.93E-05,3.87E-06,0.008997516
459,459,459,3.9,HRS005,76.43968712,78.30725233,17,133.2807,34.777,132.833,34.197,4.197,0.12,0.205662566,03:45:00,03:46:08,730,487,266,172,-6.030885275,0.079844463,0.03771907,0.477281103,0.017263087,1.51E-08,1.41E-05,0.030461444,0.063973336,0.047701488,0.006943285,0.000223625,0.546386589,216,226,252,214,216,5.42E-05,2.71E-06,6.16E-05,5.36E-06,6.42E-05,4.69E-06,0.012707641
460,460,460,3.9,HRS009,60.52758369,62.86961418,17,132.2794,34.4926,132.833,34.197,3.734,0.068181818,1.207780626,03:45:00,03:46:04,583,389,249,163,-4.666396862,0.079847916,0.065937053,0.891464051,0.194980015,1.61E-06,4.35E-05,0.166236535,0.130509865,0.124696572,0.014794951,0.001195671,1.164205957,226,85,93,22,291,5.12E-05,2.95E-06,7.94E-05,4.84E-06,9.81E-05,6.09E-06,0.012708191
461,461,461,3.9,HRS010,47.8942229,50.82181212,17,133.0501,34.5887,132.833,34.197,5.233,0.115384615,1.140232437,03:45:00,03:46:00,388,258,146,80,-5.841513664,0.055860866,0.046075099,0.639538642,0.127064539,6.96E-07,2.11E-05,0.083928717,0.067419684,0.043647923,0.007033547,0.00089136,0.791127756,206,190,209,208,278,0.000445488,2.98E-05,0.000190141,4.56E-06,0.000455629,2.58E-05,0.008890533
462,462,462,3.9,HRS012,26.96360094,31.87531608,17,132.7422,34.4276,132.833,34.197,10.141,0.011363636,0.121712432,03:45:00,03:45:55,506,337,176,111,-3.669613599,0.053466772,0.084498468,1.128255321,0.023291609,2.68E-08,7.14E-05,0.151754618,0.215907887,0.093096012,0.019074798,0.000248102,2.241588334,143,163,189,144,228,0.000320905,1.71E-05,0.000396192,1.62E-05,0.00087296,5.37E-05,0.008509501
463,463,463,3.9,HRS013,40.43030868,43.85897696,17,132.4505,34.3768,132.833,34.197,8.169,1.5,3.159680152,03:45:00,03:45:59,179,119,119,118,-8.89513808,0.489114961,0.038667495,0.599037454,0.28014312,3.77E-06,1.49E-05,0.087275815,0.196184064,0.05170692,0.003778642,0.002303517,0.048540543,225,196,255,233,299,0.001397386,7.04E-05,0.001227939,7.61E-05,0.001135512,6.24E-05,0.077845064
464,464,464,3.9,HRS014,52.11273676,54.81548442,17,132.2766,34.2869,132.833,34.197,4.172,1.5,3.174361886,03:45:00,03:46:03,278,185,160,125,-7.438873621,0.892569609,0.108975304,1.678954442,0.78887865,3.02E-05,0.00011829,0.746870695,0.102596992,0.271809916,0.010829158,0.006724589,0.076231147,23,2,44,295,299,0.002083512,0.000102843,0.001245758,6.11E-05,0.003040561,0.000122772,0.142056865
465,465,465,3.9,HRS016,41.61891364,44.95702362,17,133.1971,34.4198,132.833,34.197,4.234,1.5,1.847203967,03:45:00,03:45:59,865,577,288,194,-5.49948284,0.10195559,0.048006492,0.643719003,0.215456215,1.99E-06,2.30E-05,0.140334609,0.039118583,0.069203064,0.009747185,0.001384639,0.600686758,268,159,234,235,293,5.33E-05,3.23E-06,9.45E-05,7.95E-06,8.14E-05,5.09E-06,0.016226736
466,466,466,3.9,HRS017,32.52694497,36.70152788,17,133.0832,34.404,132.833,34.197,7.59,0.012765957,1.211908799,03:45:00,03:45:56,1146,764,382,191,-4.070355403,0.078399259,0.088991471,1.19814935,0.265068719,2.94E-06,7.89E-05,0.273960073,0.312088549,0.820419305,0.021923944,0.001644852,1.757060007,137,137,87,6,293,9.18E-05,5.12E-06,0.000139879,1.10E-05,0.000104319,4.68E-06,0.01247763
468,468,468,3.9,HRS019,25.32408779,30.50097413,17,132.5647,34.2485,132.833,34.197,7.713,1.5,3.194176125,03:45:00,03:45:55,323,215,137,83,-8.873066713,0.511474429,0.043128169,0.664989359,0.314934272,4.78E-06,1.85E-05,0.119367702,0.562440679,0.110478919,0.004243959,0.002665599,0.052134731,22,5,35,299,299,0.001158718,5.01E-05,0.001241702,8.87E-05,0.000748923,3.83E-05,0.081403684
469,469,469,3.9,HRS020,33.06936163,37.18309668,17,133.1693,34.3027,132.833,34.197,23.04,1.5,2.070294143,03:45:00,03:45:52,649,433,331,247,1.045626094,0.081599245,0.737537212,8.426573474,3.770931128,0.000590194,0.005436137,34.72748454,21.7846862,11.475245,0.231741131,0.022341889,17.8441905,13,49,18,11,288,0.00010208,3.50E-06,0.000154919,1.03E-05,0.000103714,7.26E-06,0.012986923
470,470,470,3.9,HRS021,87.98484876,89.6121287,17,133.1171,34.9529,132.833,34.197,3.182,0.057692308,0.429812503,03:45:00,03:46:11,690,460,230,141,-5.505346452,0.051151271,0.044150145,0.584356207,0.039529834,9.11E-08,1.95E-05,0.042381453,0.023954658,0.095938959,0.007092154,0.000379813,0.871167324,257,295,211,98,263,0.000212695,1.75E-05,0.000202187,1.23E-05,0.000225065,1.41E-05,0.008140978
471,471,471,3.9,KGW003,88.26935146,89.89148128,17,133.7896,34.2652,132.833,34.197,5.861,1.5,2.000973623,03:45:00,03:46:11,737,491,246,169,-5.883397192,0.102165365,0.05119123,0.655139126,0.249210746,2.66E-06,2.62E-05,0.160145816,0.053225481,0.118221168,0.01068774,0.001724828,0.657297641,27,47,195,9,286,0.000113378,6.52E-06,9.93E-05,6.66E-06,0.000128584,9.77E-06,0.016260123
472,472,472,3.9,KGW005,74.41061323,76.32784132,17,133.6354,34.1138,132.833,34.197,3.802,0.010752688,0.75589909,03:45:00,03:46:08,272,181,115,67,-4.785229416,0.079389035,0.080826041,1.121987254,0.147577176,9.44E-07,6.53E-05,0.207109709,0.207694816,0.302661042,0.014160281,0.001054131,1.120704743,65,125,158,64,289,0.000400801,1.72E-05,0.000707049,4.79E-05,0.000704032,4.53E-05,0.012635157
473,473,473,3.9,KOC004,111.1767399,112.4689624,17,133.8771,33.6975,132.833,34.197,2.325,0.010714286,0.92240266,03:45:00,03:46:20,450,300,215,137,-6.848015635,0.066815168,0.030405005,0.412746688,0.066917262,1.99E-07,9.22E-06,0.023482059,0.068751802,0.107429724,0.004911768,0.00049053,0.461894324,299,285,71,272,270,0.00447588,0.000156111,0.00449234,0.000158599,0.004996135,0.000153236,0.010633964
474,474,474,3.9,KOC005,103.8846184,105.2663951,17,133.6921,33.5934,132.833,34.197,2.03,1.5,1.888020023,03:45:00,03:46:19,437,291,183,105,-6.570259241,0.12293457,0.034167929,0.477059041,0.155088024,1.05E-06,1.17E-05,0.033691179,0.10414625,0.0149458,0.006925904,0.001048992,0.353982904,283,264,152,286,289,0.004946265,0.000166836,0.00418612,0.000144039,0.003726775,0.000131121,0.019565644
475,475,475,3.9,KOC008,66.59590656,68.73146856,17,133.3465,33.7758,132.833,34.197,8.013,0.157894737,0.347449306,03:45:00,03:46:06,1376,917,459,264,-5.999856058,0.055165507,0.032355644,0.440196424,0.026044219,3.18E-08,1.04E-05,0.023250929,0.053057725,0.083912371,0.005805007,0.000282295,0.661172811,290,213,257,204,291,4.35E-05,2.67E-06,3.19E-05,1.55E-06,5.91E-05,4.86E-06,0.008779863
476,476,476,3.9,KOC009,75.9863102,77.86475029,17,133.1718,33.5742,132.833,34.197,3.362,0.2,0.387855879,03:45:00,03:46:09,1312,875,437,316,-6.693725237,0.071317349,0.031060057,0.407060496,0.027082201,3.68E-08,9.65E-06,0.022004387,0.031907012,0.018298722,0.005204634,0.000294154,0.458537535,272,267,210,92,286,5.79E-05,4.38E-06,4.80E-05,3.55E-06,8.48E-05,5.99E-06,0.011350509
477,477,477,3.9,OKY004,104.4396041,105.8141337,17,133.5018,34.9579,132.833,34.197,3.736,0.068181818,1.128591257,03:45:00,03:46:16,733,488,244,161,-7.82133872,0.097490718,0.0175516,0.236805467,0.047011258,9.93E-08,3.08E-06,0.019588054,0.027655781,0.029263989,0.003658644,0.000344087,0.235796199,212,258,128,284,299,0.000881542,2.48E-05,0.001008908,2.63E-05,0.000807173,2.20E-05,0.01551613
478,478,478,3.9,OKY005,122.2035343,123.3803217,17,133.7317,35.0098,132.833,34.197,2.758,0.111111111,0.64169332,03:45:00,03:46:21,464,309,155,92,-8.030552759,0.074933932,0.018733321,0.255406355,0.028372102,3.66E-08,3.51E-06,0.008963014,0.074615428,0.048684143,0.002833213,0.000266732,0.237563957,194,183,218,264,296,0.003213495,7.13E-05,0.004708941,0.00010578,0.002697643,7.71E-05,0.011926106
479,479,479,3.9,OKY007,96.49437898,97.98043261,17,133.6121,34.7807,132.833,34.197,1.819,1.5,3.164313015,03:45:00,03:46:16,512,342,183,104,-6.686109579,0.230727567,0.056678043,0.862203115,0.4078573,8.11E-06,3.20E-05,0.202030634,0.043142901,1.287298704,0.007247944,0.003496611,0.197376389,268,266,289,266,299,0.00229942,4.76E-05,0.003819424,7.69E-05,0.003397474,0.000120621,0.036721433
480,480,480,3.9,OKY013,71.19476241,73.19627173,17,133.5099,34.5095,132.833,34.197,2.381,0.054545455,1.285426001,03:45:00,03:46:08,678,452,226,133,-4.707248037,0.072710764,0.05711088,0.776772236,0.179988124,1.36E-06,3.26E-05,0.123705761,0.096602232,0.287412192,0.011659281,0.00108478,1.007518246,29,232,38,30,292,7.81E-05,5.48E-06,0.000180195,1.12E-05,0.000156566,8.91E-06,0.011572278
481,481,481,3.9,OKY014,91.93967582,93.49814966,17,133.7876,34.4462,132.833,34.197,5.37,1.5,1.502786544,03:45:00,03:46:13,611,407,204,131,-5.161531332,0.074714751,0.065713875,0.873613023,0.24322722,2.47E-06,4.32E-05,0.180534319,0.124688631,0.289604793,0.01128266,0.001497435,0.948822624,94,118,117,88,288,6.28E-05,3.01E-06,0.00011924,8.28E-06,0.000123664,5.17E-06,0.011891222
482,482,482,3.9,SMN003,111.8033646,113.0884271,17,133.0929,35.1795,132.833,34.197,3.596,1.5,3.179454918,03:45:00,03:46:18,544,363,181,102,-6.84403419,0.30181214,0.074194404,1.144271344,0.537445217,1.40E-05,5.48E-05,0.348087976,0.090209243,0.039501393,0.007718118,0.004612874,0.16067733,286,253,263,274,299,0.001610069,6.05E-05,0.001725548,3.36E-05,0.001288694,2.17E-05,0.048034894
483,483,483,3.9,SMN008,77.94804728,79.78031132,17,132.5308,34.8523,132.833,34.197,2.819,0.01,1.612592921,03:45:00,03:46:09,698,465,233,159,-5.945120231,0.094239318,0.037748388,0.535191158,0.148917314,9.36E-07,1.42E-05,0.076934159,0.063253411,0.041438623,0.007905919,0.000961565,0.527108574,12,179,167,11,290,4.28E-05,3.64E-06,7.17E-05,5.13E-06,4.30E-05,2.65E-06,0.014998653
484,484,484,3.9,SMN016,111.0631123,112.3566416,17,132.8146,35.1957,132.833,34.197,1.825,0.011583012,1.278910564,03:45:00,03:46:17,432,288,144,86,-8.165932349,0.071992896,0.016120876,0.229321501,0.050203972,1.08E-07,2.59E-06,0.012957855,0.020312877,0.009026559,0.002342428,0.000343729,0.204435578,0,173,230,237,294,0.00043719,1.89E-05,0.00058487,1.71E-05,0.000288585,6.17E-06,0.011458025
485,485,485,3.9,TKS008,130.3361539,131.4401499,17,134.212,33.9344,132.833,34.197,2.477,1.5,3.187507046,03:45:00,03:46:25,726,484,242,140,-3.496396505,0.983730023,0.877056208,13.53845349,6.371882617,0.001970943,0.007658283,48.97079856,45.44968583,2.999620262,0.082453267,0.054394577,0.526637537,227,7,207,299,299,0.011572499,0.000785375,0.013154782,0.000740675,0.008259338,0.000270185,0.156565496
486,486,486,3.9,TKS009,134.5671634,135.6367261,17,134.1995,33.7719,132.833,34.197,1.814,1.5,3.147214645,03:45:00,03:46:27,904,603,414,344,-5.357547892,0.430833154,0.258452115,3.978272278,1.851704396,0.000166867,0.000665086,4.306504663,37.55048687,40.0027746,0.024958707,0.016000098,0.363992837,121,31,196,278,299,0.004467239,0.000232004,0.00993886,0.000596151,0.008961405,0.000688645,0.068569226
487,487,487,3.9,TKS010,114.4558867,115.7114947,17,134.0614,34.038,132.833,34.197,1.701,1.5,3.156487406,03:45:00,03:46:21,389,259,148,82,-4.726797951,0.556537429,0.307812952,4.719210739,2.212776145,0.000238094,0.00094341,5.999978967,0.09479486,0.050507341,0.032707863,0.01901589,0.369264585,289,100,298,295,299,0.008455726,0.000309679,0.006198654,0.000204408,0.007353091,0.00026889,0.088575683
488,488,488,3.9,YMG016,60.45413741,62.79890707,17,132.1766,34.1699,132.833,34.197,3.27,0.272727273,0.532339449,03:45:00,03:46:04,309,206,241,366,-2.677825638,0.072597032,0.137548564,1.829516858,0.176603049,1.35E-06,0.000188419,0.428871513,0.64227751,3.968710724,0.035830185,0.00130071,3.101059137,9,97,17,8,220,0.000155805,1.12E-05,0.000671477,4.25E-05,0.000321661,1.79E-05,0.011554177
536,536,536,3.8,SMN004,26.32147615,28.52753243,11,132.9004,35.2881,132.687,35.128,16.618,1.5,3.188507848,12:47:00,12:47:06,438,292,157,91,-7.489376275,0.473509246,0.081838267,1.258518543,0.59485273,1.72E-05,6.67E-05,0.411329239,0.055489273,0.068851189,0.008180467,0.005080663,0.108549915,212,169,89,285,299,0.001913147,8.29E-05,0.000787516,4.56E-05,0.000847287,4.65E-05,0.075361337
538,538,538,3.8,SMN008,33.79776131,35.54277239,11,132.5308,34.8523,132.687,35.128,4.314,1.5,2.783504062,12:47:00,12:47:12,698,465,233,159,-3.091892759,0.114653843,0.184160012,2.447416295,1.250187582,6.65E-05,0.000338601,3.083782659,0.584078235,0.186065904,0.040131054,0.007949497,2.199235912,4,33,58,6,299,0.000362705,2.04E-05,0.000389885,2.42E-05,0.000411645,2.29E-05,0.018247726
539,539,539,3.8,SMN009,44.20586779,45.55391034,11,132.2227,35.0112,132.687,35.128,6.334,1.5,3.140069033,12:47:00,12:47:14,438,292,152,102,-7.98302427,0.50071375,0.066756412,1.025027977,0.478326295,1.11E-05,4.44E-05,0.317997835,0.007157601,3.2277369,0.006707227,0.004199882,0.084165355,156,296,181,279,299,0.001277742,5.80E-05,0.002047984,5.00E-05,0.003116179,0.000196373,0.079691068
617,617,617,3.9,HRS021,37.74439589,38.58289026,8,133.1171,34.9529,133.422,35.183,8.707,0.012448133,0.201282452,22:57:00,22:57:07,690,460,230,141,-1.542079517,0.042476191,0.257771004,3.395390449,0.115595696,6.82E-07,0.000664346,1.414140643,1.062999857,0.625934968,0.048120741,0.00114887,7.118141413,87,68,63,88,294,0.000682307,4.11E-05,0.001783606,0.00011358,0.000533877,3.78E-05,0.006760296
621,621,621,3.9,OKY004,49.96631538,50.45426317,7,133.5018,34.9579,133.752,35.358,3.531,0.010791367,0.377526538,09:03:00,09:03:10,733,488,244,161,-3.63574382,0.10888836,0.109300564,1.249657566,0.094040561,4.31E-07,0.00011946,0.256431747,2.840716247,3.59560022,0.027770783,0.001308082,1.602457582,16,19,22,3,16,0.000476194,2.82E-05,0.000447236,3.54E-05,0.000517553,4.53E-05,0.017330121
622,622,622,3.9,OKY005,38.7620012,39.38899259,7,133.7317,35.0098,133.752,35.358,19.152,1.5,3.188832453,09:03:00,09:03:13,464,309,155,92,-8.446230938,0.863003716,0.066053801,1.025805334,0.484164317,1.12E-05,4.35E-05,0.366739605,0.026695615,0.25415028,0.006116612,0.004103913,0.044532608,60,290,74,293,299,0.000739051,5.00E-05,0.000659617,4.50E-05,0.000858378,5.52E-05,0.137351307
623,623,623,3.9,OKY006,39.56328561,40.17777456,7,134.005,35.0684,133.752,35.358,3.177,3,0.663869684,09:03:00,09:03:14,872,581,291,207,-5.051680218,0.219574129,0.024766223,0.142340436,0.032747674,5.21E-08,4.67E-06,0.036891055,0.331351272,0.073457508,0.017104467,0.000334053,0.489449891,297,49,46,299,299,0.000491006,3.53E-05,0.001107748,8.47E-05,0.000818091,5.92E-05,0.034946308
624,624,624,3.9,OKY007,65.4432692,65.81657454,7,133.6121,34.7807,133.752,35.358,3.274,1.5,3.315674956,09:03:00,09:03:21,512,342,183,104,-10.13071859,0.17734601,0.012936677,0.200233559,0.100759804,4.66E-07,1.67E-06,0.005863488,0.062278828,0.056286956,0.001356017,0.000648468,0.048042264,289,127,128,196,253,0.000452921,1.46E-05,0.000946911,3.45E-05,0.000727047,4.18E-05,0.028225494
625,625,625,3.9,OKY008,55.97697569,56.41295779,7,133.9036,34.8701,133.752,35.358,3.847,0.010204082,1.048797753,09:03:00,09:03:18,707,471,266,170,-6.587056677,0.089736275,0.025154462,0.314965115,0.062809291,1.76E-07,6.32E-06,0.034877427,0.053040291,1.063635052,0.006067398,0.000428866,0.424829158,93,32,120,8,61,0.00045241,3.42E-05,0.000698992,2.92E-05,0.001707812,0.000119192,0.014281972
626,626,626,3.9,OKY011,79.53910878,79.84653922,7,133.9067,34.654,133.752,35.358,6.397,1.5,3.218566291,09:03:00,09:03:25,259,172,113,67,-5.639390999,0.416776688,0.211518356,3.281442064,1.560414522,0.00011689,0.000445464,2.758725597,0.582619503,0.251221352,0.020436047,0.013010438,0.308086981,23,92,60,297,299,0.004781629,0.000202921,0.002697071,0.000109802,0.002967344,8.65E-05,0.06633207
628,628,628,3.9,TTR003,41.34365444,41.93206128,7,134.2075,35.3432,133.752,35.358,4.089,3,2.485187531,09:03:00,09:03:14,830,553,277,175,-10.76803789,0.15345596,0.008657648,0.125374587,0.05012354,1.17E-07,7.50E-07,0.017716707,0.68238679,0.002563225,0.001119313,0.000325329,0.045829772,1,0,271,152,203,0.0005779,3.16E-05,0.000897736,5.32E-05,0.000511367,2.65E-05,0.024423275
631,631,631,3.9,TTR007,25.41130935,26.35781939,7,133.4876,35.2826,133.752,35.358,4.112,1.5,2.323346208,09:03:00,09:03:09,764,509,255,150,-4.097754891,0.143828202,0.13725985,1.861445138,0.787898923,2.58E-05,0.000188368,2.144282869,2.083980001,5.082958408,0.024173717,0.004558308,1.056037269,8,118,142,15,45,0.000553742,4.18E-05,0.0005496,3.44E-05,0.000569937,3.85E-05,0.022890969
632,632,632,3.9,TTR009,45.10197901,45.64195997,7,133.3113,35.1708,133.752,35.358,6.641,1.5,3.060430655,09:03:00,09:03:15,559,373,307,257,-6.844187191,0.216090526,0.05849273,0.875998911,0.403898227,8.07E-06,3.40E-05,0.204885015,0.454967907,0.188656568,0.006800991,0.003642197,0.197749921,272,210,78,273,299,0.001489181,6.67E-05,0.005827888,0.000111588,0.006818469,0.000133123,0.034391875
655,655,655,3.9,HRS001,51.29946702,52.68429858,12,132.9018,35.0337,133.287,35.371,3.43,1.5,2.17798402,18:32:00,18:32:41,591,394,197,122,-3.195252738,0.132196689,0.149078446,1.899396482,0.798697736,2.67E-05,0.000222187,2.145158863,1.294118024,0.883894124,0.038528372,0.005043772,1.831217589,16,111,57,14,296,0.000527775,4.22E-05,0.000965432,5.10E-05,0.000397743,1.91E-05,0.021039757
656,656,656,3.9,HRS002,52.92799795,54.27129045,12,133.2755,34.8951,133.287,35.371,4.407,1.5,3.220201723,18:32:00,18:32:42,833,555,278,175,-8.229787628,0.126319846,0.026019028,0.390391042,0.189096695,1.77E-06,6.75E-06,0.049625965,1.429292314,1.400121931,0.002789507,0.001539048,0.138750851,82,87,74,236,299,0.000906429,3.37E-05,0.003764169,0.000128593,0.003372329,0.000145011,0.020104428
657,657,657,3.9,HRS005,66.05227456,67.13347135,12,133.2807,34.777,133.287,35.371,4.341,1.5,1.772907482,18:32:00,18:32:46,730,487,266,172,-4.734335668,0.15333497,0.080712305,1.037116577,0.355171173,5.19E-06,6.51E-05,0.266230195,0.247846872,0.22280372,0.018713412,0.001967627,0.76681681,29,63,101,26,257,0.000439742,3.05E-05,0.000438902,2.52E-05,0.000374632,2.22E-05,0.024404018
658,658,658,3.9,HRS021,48.98890923,50.43722066,12,133.1171,34.9529,133.287,35.371,3.512,1.5,3.233364461,18:32:00,18:32:35,690,460,230,141,-9.177833277,0.511404095,0.037017452,0.582475901,0.279438289,3.62E-06,1.37E-05,0.09221413,0.041440192,0.100903745,0.003452509,0.00221352,0.042418032,91,230,226,278,299,0.000727132,3.66E-05,0.001433803,6.56E-05,0.000689334,4.15E-05,0.08139249
659,659,659,3.9,OKY005,56.97516917,58.22516554,12,133.7317,35.0098,133.287,35.371,3.917,0.010909091,1.411004673,18:32:00,18:32:43,464,309,155,92,-4.997572778,0.108307073,0.069127325,0.904883107,0.233974477,2.41E-06,4.77E-05,0.143544205,0.3529953,0.255752153,0.013369993,0.001649835,0.775629313,46,125,40,49,291,0.000387821,3.50E-05,0.000385253,3.76E-05,0.000716657,4.99E-05,0.017237606
662,662,662,3.9,SMN016,47.10183388,48.60640652,12,132.8146,35.1957,133.287,35.371,3.535,1.5,1.951466351,18:32:00,18:32:40,432,288,144,86,-2.48418636,0.144120687,0.153281939,1.703620958,0.739437954,2.27E-05,0.000234917,1.481699314,0.874400431,0.835623677,0.054653516,0.004460682,2.382712533,9,85,35,7,289,0.000846192,4.82E-05,0.000752937,3.90E-05,0.00049238,3.95E-05,0.02293752
666,666,666,3.9,HRS001,49.51477359,50.94813837,12,132.9018,35.0337,133.259,35.37,6.869,1.5,1.894328973,14:23:00,14:23:52,591,394,197,122,-3.316980247,0.124950513,0.148690061,2.008912828,0.694996131,2.01E-05,0.000221087,1.16451028,0.527663875,0.405502387,0.033483521,0.004099354,1.6837319,22,133,39,20,288,0.00034538,3.26E-05,0.001801676,0.000145847,0.000438875,1.96E-05,0.019886492
667,667,667,3.9,HRS002,52.82778371,54.17356118,12,133.2755,34.8951,133.259,35.37,5.244,1.5,1.817097934,14:23:00,14:23:53,833,555,278,175,-4.413526596,0.05731166,0.072995279,0.953041533,0.313854181,4.45E-06,5.32E-05,0.431775574,1.661390326,0.148143441,0.013095041,0.0026001,1.435634014,33,46,79,34,299,0.000627529,3.90E-05,0.001437681,9.69E-05,0.000877449,6.87E-05,0.009121434
668,668,668,3.9,HRS004,114.50936,115.1364127,12,132.2772,34.7262,133.259,35.37,4.126,1.5,3.202483295,14:23:00,14:24:11,1407,938,469,302,-6.201969517,0.308120016,0.115810439,1.786212344,0.847008212,3.47E-05,0.000133715,0.756125575,0.015927323,0.618054897,0.011822234,0.006994556,0.241079068,54,131,174,264,299,0.003533139,0.000149349,0.003880748,6.25E-05,0.005311564,0.000140705,0.049038824
669,669,669,3.9,HRS005,65.96815532,67.05070855,12,133.2807,34.777,133.259,35.37,5.405,0.010909091,1.229262123,14:23:00,14:23:57,730,487,266,172,-3.846073375,0.125997603,0.140021995,1.759601155,0.423661,7.50E-06,0.00019606,0.796659441,0.890234898,0.699814625,0.028228348,0.002639625,1.407677095,31,46,33,10,294,0.000514249,3.67E-05,0.000504931,3.41E-05,0.000440707,3.82E-05,0.020053141
670,670,670,3.9,HRS009,132.2606241,132.8038881,12,132.2794,34.4926,133.259,35.37,3.105,1.5,3.187334205,14:23:00,14:24:15,583,389,249,163,-5.762256351,0.324755439,0.148476071,2.279426858,1.08383058,5.65E-05,0.000219427,1.325416646,1.257985943,2.497271339,0.01531948,0.00906871,0.296392679,100,59,284,255,299,0.00425392,0.00017369,0.005199047,0.00022195,0.006421392,0.000282155,0.051686433
671,671,671,3.9,HRS021,48.13983798,49.61294187,12,133.1171,34.9529,133.259,35.37,7.242,3,2.695445429,14:23:00,14:23:47,690,460,230,141,-10.24160875,0.409049953,0.018887745,0.298463399,0.119150879,6.57E-07,3.57E-06,0.158309195,0.529327879,0.191962813,0.001684069,0.000710635,0.02586803,207,251,9,167,152,0.001119674,5.77E-05,0.004053861,0.000427917,0.000531548,3.44E-05,0.065102322
672,672,672,3.9,OKY004,50.8617514,52.25818362,12,133.5018,34.9579,133.259,35.37,7.576,0.01048951,1.150847799,14:23:00,14:23:53,733,488,244,161,-6.464667211,0.098980436,0.041756714,0.575790201,0.109115777,5.81E-07,1.73E-05,0.03914545,0.200479162,0.099767698,0.007532165,0.000900756,0.478134745,140,88,189,119,292,0.000384985,2.92E-05,0.00051083,3.46E-05,0.00033937,2.20E-05,0.015753226
673,673,673,3.9,OKY005,58.73153712,59.94492015,12,133.7317,35.0098,133.259,35.37,3.614,3,1.399959042,14:23:00,14:23:55,464,309,155,92,-6.911572307,0.081564641,0.029603966,0.414289162,0.102498617,4.35E-07,8.76E-06,0.138652562,0.054099363,0.051579212,0.004447277,0.000659403,0.342587943,79,177,228,4,85,0.000403907,3.53E-05,0.000430431,1.56E-05,0.00067179,4.10E-05,0.012981416
676,676,676,3.9,SMN003,26.00114657,28.63668317,12,133.0929,35.1795,133.259,35.37,10.719,1.5,2.933027433,14:23:00,14:23:46,544,363,181,102,-2.190922911,0.098286375,0.26629449,3.516052328,1.911268533,0.000154218,0.000707722,7.240888954,10.57837921,1.7535307,0.053811153,0.011594325,3.44000319,15,22,31,14,299,0.000787212,5.17E-05,0.000521267,3.71E-05,0.000545974,4.06E-05,0.015642762
677,677,677,3.9,SMN004,33.78201958,35.85003273,12,132.9004,35.2881,133.259,35.37,5.328,1.5,3.176180184,14:23:00,14:23:48,438,292,157,91,-8.107368164,1.026297863,0.077571533,1.190077866,0.557982773,1.53E-05,5.99E-05,0.352655817,0.002609144,0.00236192,0.007503391,0.004819869,0.045937145,18,13,217,292,299,0.001320906,8.55E-05,0.000367296,1.64E-05,0.000575554,3.80E-05,0.163340378
678,678,678,3.9,SMN006,71.8062482,72.80204173,12,132.4978,35.1942,133.259,35.37,2.593,0.15,1.107138562,14:23:00,14:23:59,1126,751,375,282,-6.008098528,0.152408246,0.044338155,0.594253435,0.114149138,6.10E-07,1.97E-05,0.065564601,0.02583776,0.017882453,0.009285508,0.001040123,0.382804519,69,47,87,29,298,0.000360124,2.45E-05,0.000349868,2.78E-05,0.000392939,3.76E-05,0.024256526
679,679,679,3.9,SMN008,87.75656913,88.5732207,12,132.5308,34.8523,133.259,35.37,2.971,0.083333333,1.18415651,14:23:00,14:24:03,698,465,233,159,-5.362115604,0.101231649,0.055783683,0.778448212,0.162773509,1.10E-06,3.10E-05,0.136373145,0.107943663,0.078414764,0.01110687,0.001127672,0.689374541,18,84,130,20,299,0.000527496,5.17E-05,0.00055122,3.80E-05,0.000462318,3.52E-05,0.016111517
681,681,681,3.9,SMN016,44.75245961,46.33338582,12,132.8146,35.1957,133.259,35.37,8.761,0.011363636,0.351775033,14:23:00,14:23:51,432,288,144,86,-4.009344565,0.060643646,0.124157754,1.75564425,0.103294326,4.82E-07,0.000153778,0.390979996,0.54158298,0.473502891,0.017604216,0.000799332,1.823942982,86,263,39,261,284,0.000402472,2.49E-05,0.000581738,3.27E-05,0.000368727,2.38E-05,0.009651736
684,684,684,3.9,HRS002,38.41875695,40.89010743,14,133.2755,34.8951,132.89,35.035,12.173,3,2.778709803,17:57:00,17:58:09,833,555,278,175,-10.1371932,0.222888311,0.011311129,0.166594459,0.072842306,2.50E-07,1.28E-06,0.046431305,0.788022623,6.782747441,0.001307449,0.000462565,0.036856782,57,98,40,127,144,0.000431106,3.21E-05,0.001264412,8.57E-05,0.002581726,0.000212598,0.035473776
686,686,686,3.9,HRS005,45.7423499,47.83683282,14,133.2807,34.777,132.89,35.035,15.034,1.5,2.089073071,17:57:00,17:58:11,730,487,266,172,-4.909520162,0.100141237,0.080463639,1.086481171,0.417129236,7.16E-06,6.47E-05,0.396138359,0.129179629,0.236218327,0.014872919,0.002320418,0.933175094,49,30,21,5,279,0.000545236,3.55E-05,0.000403493,2.76E-05,0.000447476,3.13E-05,0.015937973
687,687,687,3.9,HRS008,49.68647325,51.62117419,14,132.7193,34.6107,132.89,35.035,4.534,1.5,3.000068706,17:57:00,17:58:12,512,341,228,137,-3.966305434,0.19626203,0.124042178,1.643096216,0.914226948,3.50E-05,0.000153725,1.52999616,0.495632847,0.131468659,0.031523105,0.005548109,1.00918913,4,12,54,7,296,0.00048851,2.58E-05,0.00039235,2.41E-05,0.000385798,1.73E-05,0.031236072
688,688,688,3.9,HRS009,82.14955758,83.33396553,14,132.2794,34.4926,132.89,35.035,4.672,1.5,1.972994283,17:57:00,17:58:21,583,389,249,163,-7.681736928,0.078879149,0.022042127,0.313202894,0.109299717,4.79E-07,4.85E-06,0.016463859,0.134516676,0.014782575,0.003131099,0.000641842,0.249410346,154,182,31,167,268,0.000450348,2.58E-05,0.00055407,3.08E-05,0.000460893,2.93E-05,0.012554006
690,690,690,3.9,KGW005,123.0844533,123.8780959,14,133.6354,34.1138,132.89,35.035,2.437,1.5,3.198064577,17:57:00,17:58:33,272,181,115,67,-5.448696855,1.185039906,0.388474612,5.997598838,2.832245859,0.000389356,0.001502906,9.420222053,1.261571357,1.40869412,0.036267325,0.024082181,0.192292529,29,198,125,292,299,0.005097223,0.000326098,0.002406907,0.000132581,0.002532292,0.000176833,0.188604959
691,691,691,3.9,OKY004,56.3840389,58.09612588,14,133.5018,34.9579,132.89,35.035,3.232,1.5,2.13437779,17:57:00,17:58:07,733,488,244,161,-4.332162239,0.117154312,0.083853204,1.118668874,0.427963124,8.10E-06,7.02E-05,0.501696445,0.510282874,0.444534801,0.02104739,0.003609268,1.128807405,3,19,15,5,299,0.000470981,3.02E-05,0.000614134,4.14E-05,0.000566141,3.54E-05,0.018645688
692,692,692,3.9,OKY007,71.66138663,73.01612379,14,133.6121,34.7807,132.89,35.035,4.262,1.5,3.19810298,17:57:00,17:58:18,512,342,183,104,-9.267109967,0.521265661,0.032604902,0.506908805,0.238352634,2.74E-06,1.06E-05,0.063351967,0.141149074,0.216019488,0.003300263,0.002004138,0.039780415,57,241,207,295,299,0.000465495,3.93E-05,0.00083226,5.00E-05,0.000834316,6.61E-05,0.082962007
693,693,693,3.9,OKY009,110.318259,111.2030497,14,134.0923,34.9176,132.89,35.035,2.919,1.5,3.203372721,17:57:00,17:58:29,602,401,201,119,-5.186452706,0.724781339,0.334083341,5.185600926,2.441241416,0.000288895,0.001111436,7.069721582,0.083688502,0.875585634,0.031072454,0.020676865,0.269369495,133,148,231,291,299,0.005697103,0.000278175,0.007943769,0.00020004,0.00515428,0.000227179,0.115352533
694,694,694,3.9,OKY013,81.36485687,82.56052285,14,133.5099,34.5095,132.89,35.035,2.667,0.075,0.708307854,17:57:00,17:58:21,678,452,226,133,-6.646276313,0.053520223,0.020213985,0.269965188,0.032842532,5.19E-08,4.09E-06,0.011232841,0.012173261,0.01778832,0.003939584,0.000250623,0.462500569,15,216,61,17,109,0.000481038,2.12E-05,0.000373514,2.20E-05,0.000464533,2.53E-05,0.008518008
696,696,696,3.9,SMN004,28.15931096,31.44752444,14,132.9004,35.2881,132.89,35.035,3.15,1.5,3.241925469,17:57:00,17:58:06,438,292,157,91,-7.973007999,0.938294864,0.086622755,1.349044185,0.640487721,1.99E-05,7.47E-05,0.453445915,0.003251374,0.142109192,0.00788965,0.005301986,0.052832145,9,15,14,299,299,0.001201371,8.63E-05,0.000516109,3.70E-05,0.000612536,3.43E-05,0.149334266
697,697,697,3.9,SMN008,38.53109554,40.99567445,14,132.5308,34.8523,132.89,35.035,4.185,1.5,2.327017788,17:57:00,17:58:09,698,465,233,159,-5.639736889,0.085933469,0.053070431,0.707830003,0.308977403,3.86E-06,2.82E-05,0.260426729,0.03730185,0.066128397,0.008896382,0.001827226,0.650475541,15,33,129,18,298,0.000421424,3.25E-05,0.000346855,2.81E-05,0.000448866,3.38E-05,0.013676736
711,711,711,3.9,HRS001,83.54080362,84.02419812,9,132.9018,35.0337,133.727,35.365,8.163,0.011029412,0.879825684,01:07:00,01:07:54,591,394,197,122,-5.164295207,0.100360205,0.072318646,0.962087473,0.158830312,1.03E-06,5.23E-05,0.158204464,0.20128525,0.103386196,0.013047972,0.000892432,0.816885795,79,160,57,77,57,0.00039617,3.22E-05,0.000973295,6.18E-05,0.0005498,2.86E-05,0.015972823
712,712,712,3.9,HRS002,66.4528673,67.05955243,9,133.2755,34.8951,133.727,35.365,5.404,1.5,1.681584829,01:07:00,01:07:49,833,555,278,175,-5.061426136,0.191782479,0.060957721,0.743867443,0.254181414,2.66E-06,3.71E-05,0.107788668,0.110994747,0.189651954,0.018614032,0.001428623,0.609833657,10,59,67,5,256,0.000524998,3.74E-05,0.000569865,4.24E-05,0.000383734,3.55E-05,0.030523129
713,713,713,3.9,HRS005,76.97091554,77.49530204,9,133.2807,34.777,133.727,35.365,4.423,0.12,0.472058083,01:07:00,01:07:53,730,487,266,172,-3.936759096,0.112367612,0.122763176,1.658545243,0.132974974,8.49E-07,0.000150479,0.346008268,0.488896499,0.278658836,0.023503001,0.001111135,1.314201723,88,47,83,92,291,0.000410356,1.87E-05,0.000409556,1.72E-05,0.000404082,2.63E-05,0.017883861
714,714,714,3.9,HRS021,71.92973452,72.49059738,9,133.1171,34.9529,133.727,35.365,3.079,0.012195122,1.451845795,01:07:00,01:07:52,690,460,230,141,-5.283677209,0.070820005,0.047557513,0.669351896,0.166952761,1.20E-06,2.25E-05,0.131603389,1.546396157,0.163909822,0.009306108,0.001201527,0.82564247,220,36,118,14,289,0.000515255,2.83E-05,0.001333566,0.000126255,0.000519767,4.02E-05,0.011271354
715,715,715,3.9,KGW002,112.7286139,113.0873131,9,134.3139,34.4727,133.727,35.365,3.554,0.103448276,0.632456287,01:07:00,01:08:03,491,328,164,114,-5.957948011,0.100184483,0.037384957,0.523729807,0.059564485,1.42E-07,1.40E-05,0.041386695,0.118511753,0.040903316,0.007825036,0.000340682,0.490756164,36,38,78,34,84,0.007468646,0.00016246,0.009782984,0.000338842,0.005652114,0.000172856,0.015944856
716,716,716,3.9,KGW006,130.903048,131.2120725,9,134.1856,34.2496,133.727,35.365,2.267,1.5,3.186966831,01:07:00,01:08:08,1005,670,335,321,-6.690603192,0.738657593,0.161367827,2.497592617,1.170230919,6.67E-05,0.000259448,1.636008367,1.559617915,3.90670104,0.015702942,0.009858699,0.133572705,138,5,7,288,299,0.002979558,0.000221739,0.004326831,0.00020142,0.004866112,0.000235177,0.117561007
718,718,718,3.9,OKY002,35.90190151,37.01278877,9,134.05,35.1787,133.727,35.365,3.365,1.5,2.079204614,01:07:00,01:07:41,1101,734,367,258,-3.73892663,0.110407346,0.095896799,1.093401543,0.489753776,1.00E-05,9.17E-05,1.166071905,0.539042699,0.205343526,0.027303524,0.00285684,1.553819639,5,26,48,7,58,0.000490462,3.14E-05,0.000589373,4.38E-05,0.000486537,2.95E-05,0.017571875
719,719,719,3.9,OKY004,49.68135542,50.48997005,9,133.5018,34.9579,133.727,35.365,7.45,1.5,2.927119478,01:07:00,01:07:39,733,488,244,161,-2.33896173,0.159367258,0.311500859,4.325047711,2.234941563,0.000210151,0.000968299,9.28379825,16.91404638,6.116659676,0.060334611,0.013610527,2.378741706,37,18,12,15,299,0.000350405,2.81E-05,0.000417312,2.32E-05,0.000430111,2.02E-05,0.025364087
720,720,720,3.9,OKY005,39.49874732,40.51112242,9,133.7317,35.0098,133.727,35.365,14.768,1.5,3.220362965,01:07:00,01:07:42,464,309,155,92,-9.645249565,0.98486141,0.046352204,0.703294101,0.339410785,5.62E-06,2.14E-05,0.128570339,0.047065738,0.030066806,0.004305933,0.00284717,0.027470844,5,4,295,260,299,0.000720351,6.99E-05,0.000509492,3.19E-05,0.00049847,2.54E-05,0.156745562
721,721,721,3.9,OKY006,41.53908736,42.50289141,9,134.005,35.0684,133.727,35.365,3.916,1.5,3.155456038,01:07:00,01:07:43,872,581,291,207,-9.522964953,1.456802281,0.046023268,0.69440016,0.329664552,5.32E-06,2.11E-05,0.15036818,0.004759647,0.04504572,0.004488523,0.002895331,0.019358992,251,114,284,288,299,0.000610805,4.96E-05,0.000352945,2.53E-05,0.000307329,2.47E-05,0.231857284
722,722,722,3.9,OKY008,57.32663882,58.02881628,9,133.9036,34.8701,133.727,35.365,3.217,1.5,1.537295412,01:07:00,01:07:47,707,471,266,170,-7.350712184,0.088246472,0.024576448,0.336475302,0.09492796,3.62E-07,6.04E-06,0.026155569,0.209752952,0.045507626,0.003910752,0.000534084,0.278447155,238,80,137,87,220,0.000361997,3.09E-05,0.000565619,3.70E-05,0.000550513,4.02E-05,0.014044862
723,723,723,3.9,OKY014,102.3152359,102.7103086,9,133.7876,34.4462,133.727,35.365,2.436,1.5,1.783732161,01:07:00,01:08:00,611,407,204,131,-5.166544929,0.130345973,0.065494926,0.819417662,0.289156052,3.46E-06,4.29E-05,0.202597156,0.139156211,0.059703609,0.014758842,0.001580966,0.711433855,21,68,21,24,298,0.012933729,0.000388716,0.010176669,0.000291271,0.007886799,0.000182256,0.020745206
725,725,725,3.9,SMN008,122.8403012,123.1695563,9,132.5308,34.8523,133.727,35.365,2.211,1.5,2.942226029,01:07:00,01:08:05,698,465,233,159,-6.277434344,0.168505657,0.073244919,1.073808827,0.490738194,1.17E-05,5.36E-05,0.290005717,0.02506449,0.038136493,0.009494681,0.004113091,0.354034624,84,113,169,86,298,0.006269606,0.000135006,0.00382518,7.54E-05,0.004561406,0.000118402,0.026818508
729,729,729,3.9,TTR009,43.48099002,44.40266313,9,133.3113,35.1708,133.727,35.365,10.801,1.5,1.62984557,01:07:00,01:07:43,559,373,307,257,-5.308916555,0.082934737,0.060018717,0.798009271,0.227356287,2.42E-06,3.60E-05,0.173509233,0.279286938,0.193271122,0.011704056,0.001950017,0.886706277,69,91,74,80,299,0.000805276,7.02E-05,0.0008841,7.10E-05,0.000967046,6.74E-05,0.013199473
730,730,730,4.2,HRS005,82.9915099,94.88725265,46,133.2807,34.777,132.607,34.278,5.773,1.5,3.051191375,01:18:00,01:18:55,730,487,266,172,-5.651183516,0.086827614,0.041113085,0.599178401,0.28813669,3.86E-06,1.64E-05,0.117431668,0.034703665,0.002649252,0.010185425,0.002310585,0.737057118,298,293,294,299,297,0.012086397,0.000116846,0.004275474,0.000118466,0.00415857,6.52E-05,0.013819044
731,731,731,4.2,HRS008,38.40107547,59.92197091,46,132.7193,34.6107,132.607,34.278,13.695,0.011111111,0.809298197,01:18:00,01:18:45,512,341,228,137,-3.532963315,0.082386433,0.131955811,1.77646878,0.265349987,2.89E-06,0.000174053,0.625080594,0.670110189,0.711455497,0.02477901,0.001551863,1.889766355,28,134,38,31,286,0.000658844,4.30E-05,0.000690892,4.83E-05,0.000427638,3.72E-05,0.013112208
732,732,732,4.2,HRS018,28.42119819,54.07184579,46,132.9068,34.3413,132.607,34.278,10.445,1.5,2.975851248,01:18:00,01:18:37,219,146,142,134,-7.296952679,0.380528521,0.073486432,1.094995859,0.50614219,1.21E-05,5.39E-05,0.229116996,0.569947182,0.238767093,0.008704057,0.003956742,0.143719059,34,9,15,281,289,0.005331983,0.000257392,0.001971813,0.00011949,0.001767934,9.88E-05,0.060562995
733,733,733,4.2,HRS021,88.37862472,99.63323395,46,133.1171,34.9529,132.607,34.278,3.771,0.012195122,1.323866782,01:18:00,01:18:44,690,460,230,141,-1.96381369,0.055636439,0.203565948,2.727129665,0.666692514,1.84E-05,0.000414299,1.70675489,0.264944131,0.352040928,0.042635326,0.0037302,4.814931691,45,79,79,44,295,0.000485794,3.09E-05,0.000716766,2.48E-05,0.00048134,3.47E-05,0.008854814
734,734,734,4.2,HRS001,73.80842116,74.94453305,13,132.9018,35.0337,132.137,34.816,2.839,0.085714286,1.326348455,13:47:00,13:48:10,591,394,197,122,-5.608684766,0.107106118,0.039738759,0.509316485,0.130582775,7.04E-07,1.58E-05,0.03835403,54.41510083,0.111618173,0.009912289,0.000795092,0.58148638,8,101,119,6,217,0.000510353,2.89E-05,0.000502383,3.56E-05,0.000451492,2.71E-05,0.017046468
736,736,736,4.2,HRS006,29.83907743,32.54797293,13,132.4077,34.6659,132.137,34.816,7.667,1.5,1.576020069,13:47:00,13:47:58,719,480,240,145,-6.164116284,0.086596169,0.033235409,0.441229537,0.124399069,6.95E-07,1.10E-05,0.068182304,0.113188374,0.046253022,0.00666386,0.000988724,0.483511763,38,36,189,10,290,0.000373028,2.63E-05,0.000532375,3.24E-05,0.000459456,3.27E-05,0.013782208
737,737,737,4.2,HRS014,60.20630622,61.59382525,13,132.2766,34.2869,132.137,34.816,3.341,1.5,3.160066313,13:47:00,13:48:07,278,185,160,125,-5.448918079,0.755682424,0.272355398,4.18325187,1.953330293,0.000186833,0.00073862,4.625633435,0.040846139,2.461765747,0.026250993,0.016881666,0.2182661,239,281,4,292,299,0.004776706,0.000272435,0.00316173,0.000126528,0.003398456,0.000177743,0.120270593
738,738,738,4.2,SMN008,36.16795425,38.43333078,13,132.5308,34.8523,132.137,34.816,15.001,0.06122449,0.574295306,13:47:00,13:48:00,698,465,233,159,-3.77896905,0.084241753,0.084041852,1.01179334,0.117047037,5.89E-07,7.05E-05,0.15935496,0.085298877,0.200282871,0.024145189,0.000771613,1.800873001,5,43,22,2,117,0.000476676,2.54E-05,0.000494112,3.02E-05,0.000515413,3.17E-05,0.013407491
740,740,740,4.2,SMN011,29.38671578,32.13376829,13,132.0141,34.5718,132.137,34.816,9.735,1.5,2.217293076,13:47:00,13:47:58,811,541,270,165,-3.571212794,0.123774149,0.084760812,1.056165126,0.462173713,8.92E-06,7.16E-05,0.282871932,0.233765916,0.148929148,0.02555108,0.002710736,1.297057369,12,17,16,11,269,0.00037498,2.80E-05,0.000489516,2.29E-05,0.000484201,3.67E-05,0.019699268
741,741,741,4.2,SMN013,31.22704063,33.82496218,13,131.8458,34.669,132.137,34.816,8.933,1.5,1.614887155,13:47:00,13:47:54,1537,1024,512,339,-2.046998544,0.09920434,0.141032801,1.460614883,0.566527434,1.31E-05,0.000198899,0.849157709,0.187586058,0.158358968,0.048918723,0.003242003,3.098305993,6,29,17,7,298,0.00057118,3.50E-05,0.000352695,2.25E-05,0.000354574,3.07E-05,0.015788861
742,742,742,4.2,YMG016,71.93464698,73.0998867,13,132.1766,34.1699,132.137,34.816,2.967,1.5,3.053598106,13:47:00,13:48:10,309,206,241,366,-7.29634247,0.293274873,0.065504499,0.970227992,0.45094827,1.01E-05,4.27E-05,0.30020201,0.161952563,0.867375279,0.007158386,0.00416991,0.153362838,42,36,35,287,299,0.001853746,7.88E-05,0.002264875,6.38E-05,0.004454211,0.00011247,0.046676146
744,744,744,4.2,HRS002,56.51799585,57.57850168,11,133.2755,34.8951,132.719,35.12,4.411,1.5,1.514189422,01:38:00,01:38:49,833,555,278,175,-4.43290303,0.095856485,0.058813331,0.767202243,0.208132431,2.01E-06,3.45E-05,0.108622166,0.227785416,0.229429686,0.017437018,0.001482709,1.142958811,76,66,81,39,252,0.000387536,2.69E-05,0.000450605,3.40E-05,0.000462116,2.00E-05,0.015256033
745,745,745,4.2,HRS003,35.78667999,37.43910342,11,132.8418,34.8143,132.719,35.12,4.543,0.176470588,0.759601775,01:38:00,01:38:44,519,346,173,103,-3.829550726,0.079465802,0.103861603,1.364353374,0.186303082,1.58E-06,0.000107866,0.259754811,0.351107457,0.679131381,0.023174923,0.001413453,1.832389934,28,95,52,30,293,0.000317304,2.78E-05,0.000473032,4.23E-05,0.000410151,2.76E-05,0.012647375
746,746,746,4.2,HRS005,63.83998763,64.78073804,11,133.2807,34.777,132.719,35.12,4.464,0.068181818,0.194077154,01:38:00,01:38:51,730,487,266,172,-3.409811172,0.071660144,0.11170031,1.414289374,0.044287656,1.19E-07,0.00012475,0.264947942,0.347290054,0.825484559,0.024842728,0.000754294,2.178218673,56,71,73,43,52,0.000593447,2.97E-05,0.00039799,1.89E-05,0.000527453,2.82E-05,0.011405066
747,747,747,4.2,HRS021,40.73005303,42.1893022,11,133.1171,34.9529,132.719,35.12,14.288,0.012244898,0.079843506,01:38:00,01:38:40,690,460,230,141,0.796565621,0.051132249,0.635700873,5.076789585,0.080220188,6.53E-07,0.004041153,8.58552587,2.55029272,1.642886331,0.157956871,0.00194981,19.40990889,228,232,228,224,215,0.000369223,2.33E-05,0.00127652,0.000110318,0.000690453,3.44E-05,0.00813795
748,748,748,4.2,OKY001,92.4090987,93.06149323,11,133.7314,35.1945,132.719,35.12,3.853,1.5,3.22149887,01:38:00,01:38:59,344,229,128,69,-7.839695074,0.70129434,0.074466956,1.161616295,0.548874217,1.45E-05,5.53E-05,0.363993429,1.154452009,0.444463101,0.00676651,0.004583608,0.060623959,266,6,210,275,299,0.00075633,5.20E-05,0.00153872,0.0001207,0.00092743,6.57E-05,0.111614461
749,749,749,4.2,SMN001,61.32962749,62.30829165,11,133.1612,35.5372,132.719,35.12,2.883,1.5,1.339164137,01:38:00,01:38:51,531,354,177,117,-6.144486343,0.07021423,0.044788622,0.638529509,0.146597293,9.11E-07,2.01E-05,0.046401201,0.212324603,0.140102257,0.006823502,0.00097018,0.610607354,72,106,73,31,221,0.00055948,3.35E-05,0.000585797,3.70E-05,0.000275734,1.96E-05,0.011174942
750,750,750,4.2,SMN002,50.3102869,51.49878608,11,133.0682,35.4714,132.719,35.12,8.018,1.5,3.19515095,01:38:00,01:38:48,184,123,81,49,-8.01618165,0.919633223,0.096183717,1.494480317,0.699848871,2.38E-05,9.22E-05,0.551175668,0.00139383,0.016323665,0.008430917,0.005841777,0.057602324,12,178,52,286,299,0.001280283,6.63E-05,0.000687004,4.85E-05,0.000866294,3.56E-05,0.146364173
751,751,751,4.2,SMN003,34.63225942,36.33721774,11,133.0929,35.1795,132.719,35.12,11.306,1.5,1.936581653,01:38:00,01:38:43,544,363,181,102,-3.758337671,0.081817329,0.088882919,1.185179099,0.4069174,7.50E-06,7.90E-05,0.455048639,0.254661134,1.231783189,0.021059069,0.003269954,1.617237286,25,144,144,8,289,0.001539905,5.07E-05,0.000368785,1.75E-05,0.001688359,5.82E-05,0.013021632
753,753,753,4.2,SMN005,26.91208478,29.07336079,11,132.7449,35.3611,132.719,35.12,17.375,1.5,2.356743289,01:38:00,01:38:38,238,159,136,106,-10.71656459,0.167725891,0.008352082,0.117431031,0.038134312,9.81E-08,6.98E-07,0.002027545,0.024124149,0.055768946,0.001129829,0.000374178,0.04232456,43,90,0,213,270,0.000863742,5.64E-05,0.000933755,5.77E-05,0.00082595,5.30E-05,0.026694405
755,755,755,4.2,SMN008,34.35147439,36.06970741,11,132.5308,34.8523,132.719,35.12,8.58,0.085714286,0.285731572,01:38:00,01:38:39,698,465,233,159,-2.2557008,0.067085299,0.210008603,2.72625525,0.137508571,9.12E-07,0.000441033,1.03455337,1.037066729,0.633854172,0.05011938,0.001281606,4.694163349,39,63,70,41,278,0.000553467,3.48E-05,0.000585142,3.94E-05,0.000625288,3.61E-05,0.010676957
756,756,756,4.2,SMN009,46.76150932,48.03788874,11,132.2227,35.0112,132.719,35.12,13.908,1.5,3.147507799,01:38:00,01:38:46,438,292,152,102,-6.494476996,0.198852759,0.090460701,1.379180352,0.649679115,2.04E-05,8.14E-05,0.58690062,6.229508364,0.746210915,0.009605552,0.005660063,0.303508317,79,58,66,298,299,0.003404971,9.80E-05,0.004520219,0.000266518,0.003054767,0.000125975,0.0316484
758,758,758,4.2,TTR009,54.1492841,55.25527096,11,133.3113,35.1708,132.719,35.12,7.446,1.5,1.72045263,01:38:00,01:38:48,559,373,307,257,-4.136681442,0.110072335,0.078671458,1.034987627,0.315984884,4.64E-06,6.19E-05,0.187731053,0.201118355,0.444464878,0.020625866,0.002319053,1.177372489,29,77,54,27,270,0.000445858,2.93E-05,0.000590275,4.26E-05,0.000349297,2.21E-05,0.017518556
844,844,844,4.2,EHM003,32.42392631,60.43435279,51,133.0843,33.9266,132.745,34.003,8.881,1.5,3.217486835,17:02:00,17:02:48,342,228,156,105,-5.875284308,0.501693341,0.166118918,2.573188419,1.222787257,7.21E-05,0.000274877,1.751687733,0.757234531,1.180296934,0.016873045,0.010222739,0.211317269,14,121,16,297,299,0.003141187,0.000147965,0.003628332,0.00019314,0.002649273,0.000128293,0.079846975
845,845,845,4.2,EHM006,47.02576677,69.37162777,51,133.0082,33.641,132.745,34.003,10.279,1.5,2.634706381,17:02:00,17:02:51,1222,815,407,280,-5.141400117,0.088032738,0.059106503,0.805098893,0.378177279,6.12E-06,3.48E-05,0.249674696,0.051315126,0.046095547,0.010259269,0.002536952,0.732237701,15,21,53,16,279,0.00043809,4.12E-05,0.000482266,3.70E-05,0.000378786,2.73E-05,0.014010845
847,847,847,4.2,EHM009,41.48045743,65.739093,51,132.7963,33.6324,132.745,34.003,7.253,0.011363636,0.671777114,17:02:00,17:02:49,736,491,260,187,-5.416645167,0.065659498,0.051433815,0.724188026,0.084529252,3.02E-07,2.64E-05,0.065774569,0.052187035,0.058195489,0.008392308,0.00059854,0.80308911,25,25,110,182,228,0.000376274,2.46E-05,0.00053375,3.85E-05,0.000437186,2.56E-05,0.010450034
848,848,848,4.2,EHM010,61.64906115,80.0100415,51,132.6881,33.4506,132.745,34.003,4.476,0.011070111,0.638129121,17:02:00,17:02:53,518,345,226,152,-5.576564538,0.083156258,0.054145653,0.719295978,0.087402731,3.02E-07,2.93E-05,0.111200054,0.199203936,0.125129183,0.01010395,0.000560512,0.763442113,42,143,110,127,42,0.000432909,1.98E-05,0.000500223,3.35E-05,0.000603789,3.62E-05,0.01323473
849,849,849,4.2,EHM011,67.9406207,84.95250403,51,132.4336,33.4496,132.745,34.003,3.914,1.5,3.143859375,17:02:00,17:02:55,346,231,175,118,-8.501353785,0.287137052,0.038969114,0.586007373,0.27297372,3.79E-06,1.51E-05,0.080969699,0.177413519,0.339805746,0.003939466,0.00224446,0.086204123,135,209,18,258,293,0.001161891,7.06E-05,0.001306609,8.77E-05,0.001298179,6.20E-05,0.045699281
850,850,850,4.2,EHM012,88.32957342,101.9956545,51,132.5727,33.2217,132.745,34.003,3.163,1.5,2.888475166,17:02:00,17:02:59,1164,776,388,242,-5.753855625,0.154487297,0.077129842,1.154824376,0.514965134,1.25E-05,5.94E-05,0.395672958,0.203823047,0.098458395,0.011206513,0.004198707,0.455782429,33,33,23,62,299,0.000355484,2.52E-05,0.0003056,2.45E-05,0.000432347,2.34E-05,0.024587417
851,851,851,4.2,EHM016,26.58627587,57.51373805,51,132.7088,33.7658,132.745,34.003,4.478,1.5,3.197031227,17:02:00,17:02:47,297,198,156,110,-7.996469487,0.804587781,0.077458386,1.205171496,0.570918039,1.55E-05,5.97E-05,0.435325676,0.072602494,0.025049043,0.007897557,0.004862298,0.061673583,2,142,116,299,299,0.00112699,7.78E-05,0.000770785,3.98E-05,0.000558253,2.14E-05,0.128054123
852,852,852,4.2,HRS003,90.64845359,104.0102982,51,132.8418,34.8143,132.745,34.003,3.599,0.010989011,0.844866257,17:02:00,17:03:00,519,346,173,103,-4.512827604,0.096329153,0.057073898,0.71319695,0.110700566,5.89E-07,3.26E-05,0.124193856,0.137065086,0.150618867,0.016961708,0.001119925,1.106347906,24,55,41,22,35,0.014139981,0.000315492,0.018713804,0.000486879,0.016155864,0.000310051,0.015331261
853,853,853,4.2,HRS004,91.16126402,104.4575323,51,132.2772,34.7262,132.745,34.003,3.723,1.5,1.844395165,17:02:00,17:02:59,1407,938,469,302,-5.620374852,0.086538744,0.04758464,0.641295577,0.209183436,1.95E-06,2.26E-05,0.150125964,0.068636426,0.115882013,0.008137541,0.001675982,0.590829935,66,72,53,34,297,0.000538607,3.57E-05,0.000342842,2.18E-05,0.000374342,2.98E-05,0.013773069
854,854,854,4.2,HRS005,99.11272627,111.4644899,51,133.2807,34.777,132.745,34.003,3.499,0.010714286,1.088019986,17:02:00,17:03:02,730,487,266,172,-5.678628876,0.092357529,0.062019091,0.827776332,0.159865135,1.15E-06,3.85E-05,0.127222795,0.433922369,0.201358019,0.009523957,0.001085831,0.647925405,117,119,87,59,180,0.009056749,0.000377811,0.017726531,0.00077993,0.017626276,0.000275112,0.014699157
855,855,855,4.2,HRS006,79.9531308,94.83408209,51,132.4077,34.6659,132.745,34.003,8.61,0.085714286,0.685323218,17:02:00,17:02:57,719,480,240,145,-5.495618564,0.0873018,0.050752521,0.700649753,0.083619033,3.06E-07,2.57E-05,0.09781162,0.410464445,0.13640472,0.010371504,0.000609762,0.746446042,141,289,20,7,98,0.000584582,3.56E-05,0.00038916,2.58E-05,0.000334135,1.94E-05,0.013894513
856,856,856,4.2,HRS008,67.61437449,84.69181565,51,132.7193,34.6107,132.745,34.003,11.557,1.5,3.183695305,17:02:00,17:02:54,512,341,228,137,-9.261553382,0.714013176,0.041643633,0.657186739,0.305417179,4.43E-06,1.72E-05,0.101051838,0.018428078,0.251556061,0.004329941,0.002575611,0.038102692,32,42,20,299,299,0.000686648,4.08E-05,0.000490431,2.08E-05,0.000879219,6.47E-05,0.113638726
857,857,857,4.2,HRS009,69.24782731,86.00152084,51,132.2794,34.4926,132.745,34.003,19.544,1.5,3.063897239,17:02:00,17:02:45,583,389,249,163,-2.09128583,0.184503899,0.330149951,4.419380248,2.488657312,0.000258892,0.001088754,12.54688969,3.40598826,1.766270662,0.07110382,0.014856968,2.421403988,7,15,138,14,299,0.000469497,3.62E-05,0.000454038,2.73E-05,0.000885064,7.42E-05,0.029364708
858,858,858,4.2,HRS011,77.31720488,92.62262235,51,133.2362,34.5676,132.745,34.003,3.325,1.5,3.189136042,17:02:00,17:02:57,789,526,330,221,-5.481815007,0.892313998,0.320214289,4.952008477,2.324313335,0.000263089,0.001021214,6.064859518,3.425959131,107.998132,0.029359629,0.019835032,0.206734386,3,58,10,284,299,0.003773888,0.000270025,0.003649365,0.000190089,0.014523905,0.001061944,0.142016184
859,859,859,4.2,HRS012,47.21406783,69.49941151,51,132.7422,34.4276,132.745,34.003,16.593,1.5,3.232799119,17:02:00,17:02:50,506,337,176,111,-6.23970986,0.484824333,0.140331071,2.179634965,1.039710598,5.19E-05,0.000196097,1.224917945,0.084241316,2.22827511,0.013223386,0.008634435,0.171371315,210,91,126,269,299,0.002674091,0.000123437,0.00198301,7.45E-05,0.002727966,0.000156689,0.077162189
860,860,860,4.2,HRS013,49.61200668,71.15020173,51,132.4505,34.3768,132.745,34.003,13.866,1.5,3.192924998,17:02:00,17:02:43,179,119,119,118,-3.962427693,0.804136903,0.707663846,10.93270371,5.154531055,0.001287417,0.004985418,31.48938765,4.131691778,78.94183674,0.067596334,0.043905794,0.528169139,30,29,3,293,299,0.010331171,0.00059748,0.00450471,0.000220373,0.013031897,0.000939195,0.127982363
861,861,861,4.2,HRS014,53.42871842,73.86222277,51,132.2766,34.2869,132.745,34.003,20.775,1.5,3.199132281,17:02:00,17:02:51,278,185,160,125,-5.673448624,0.79345446,0.212104197,3.287850771,1.544987536,0.000116098,0.000447837,2.655062638,8.327929519,0.061578002,0.021515647,0.013121814,0.170377513,288,5,10,290,299,0.002961743,0.000167894,0.003616212,0.000257264,0.001727798,6.52E-05,0.126282199
862,862,862,4.2,HRS017,54.36467604,74.54205525,51,133.0832,34.404,132.745,34.003,19.718,1.5,1.483265812,17:02:00,17:02:44,1146,764,382,191,-1.438082709,0.094644895,0.203718302,2.064336117,0.740200383,2.31E-05,0.000414549,1.509859458,1.228548023,0.758692724,0.093320422,0.004208542,6.195257602,14,30,22,16,276,0.000360992,2.29E-05,0.000496761,3.43E-05,0.000477732,2.53E-05,0.015063203
863,863,863,4.2,HRS021,110.994215,122.1503818,51,133.1171,34.9529,132.745,34.003,3.334,1.5,3.183737719,17:02:00,17:03:05,690,460,230,141,-1.890099545,0.201671726,0.797963471,12.28401517,5.80031228,0.001629428,0.006346295,39.33205234,0.905049968,16.47874612,0.077509054,0.049101002,2.414834058,61,159,138,296,299,0.019652552,0.000776861,0.013622664,0.000341157,0.01553579,0.000535362,0.032097052
864,864,864,4.2,KOC008,60.99862975,79.50995429,51,133.3465,33.7758,132.745,34.003,7.045,3,0.723787993,17:02:00,17:02:53,1376,917,459,264,-5.265047914,0.055340271,0.04548944,0.622548792,0.069456872,2.74E-07,2.07E-05,0.059866157,0.083131241,0.172798241,0.008900496,0.000705992,1.010538358,121,154,50,20,288,0.000481663,3.76E-05,0.000412078,3.00E-05,0.000558738,4.04E-05,0.008807678
865,865,865,4.2,KOC009,61.87955853,80.18777814,51,133.1718,33.5742,132.745,34.003,3.389,0.058823529,0.646315445,17:02:00,17:02:54,1312,875,437,316,-3.418597687,0.115435872,0.081458878,0.782793634,0.119812597,7.01E-07,6.63E-05,0.260508363,0.0897038,0.139116028,0.032556537,0.001027511,1.772055338,18,39,25,7,40,0.000443386,2.53E-05,0.000629656,3.94E-05,0.00044755,2.81E-05,0.01837219
866,866,866,4.2,YMG010,74.63531156,90.39596081,51,131.9822,34.2304,132.745,34.003,23.81,0.051724138,1.162500531,17:02:00,17:02:55,749,499,250,148,-3.885174967,0.05077082,0.093219355,1.315069471,0.267479646,2.97E-06,8.68E-05,0.215776505,0.099182567,0.206860632,0.016598831,0.001628028,2.054202233,117,35,123,116,276,0.000494396,3.47E-05,0.000602691,3.93E-05,0.000551826,3.11E-05,0.008080427
867,867,867,4.2,YMG013,111.5824732,122.6851593,51,131.5348,34.031,132.745,34.003,4.106,1.5,1.419285543,17:02:00,17:03:04,258,172,102,63,-6.938721594,0.068188629,0.030968637,0.421618727,0.099990961,4.89E-07,9.58E-06,0.03954037,0.211190032,0.106638152,0.005255962,0.000898566,0.484306339,174,203,249,281,294,0.005037812,0.00016919,0.007270945,0.000294357,0.011334983,0.00065386,0.010852557
868,868,868,4.2,YMG015,62.52604316,80.68770707,51,132.0758,34.0966,132.745,34.003,7.66,1.5,3.199824297,17:02:00,17:02:53,755,503,252,198,-5.016782295,0.948911851,0.441709538,6.841027095,3.224637564,0.000503911,0.001942948,12.43962624,7.227903449,0.510051365,0.040592432,0.027431866,0.268781315,21,21,244,289,299,0.005406604,0.000381708,0.004422776,0.000285451,0.002401297,7.64E-05,0.151024012
869,869,869,4.2,YMG016,55.53687073,75.40122022,51,132.1766,34.1699,132.745,34.003,14.849,1.5,3.041257212,17:02:00,17:02:44,309,206,241,366,-9.481779468,0.278698081,0.018306697,0.260688063,0.124521139,7.82E-07,3.34E-06,0.026036695,0.290429766,0.080134292,0.001992635,0.001077864,0.044923512,42,149,280,43,299,0.00096203,4.01E-05,0.001264094,8.22E-05,0.000807614,4.91E-05,0.044356177
870,870,870,4.2,YMG017,59.51985368,78.38120299,51,132.1011,33.9649,132.745,34.003,8.56,1.5,2.601362308,17:02:00,17:02:44,177,118,74,43,-9.068733197,0.300840525,0.02229291,0.31247317,0.129887521,8.47E-07,4.94E-06,0.02561892,0.004781384,0.118413367,0.003255461,0.001207421,0.067991719,76,41,217,289,299,0.001986601,6.91E-05,0.000719208,4.19E-05,0.001717849,8.41E-05,0.047880257
871,871,871,4.2,YMG018,37.35794101,63.21879275,51,132.3561,33.9091,132.745,34.003,8.042,0.010309278,0.707788471,17:02:00,17:02:48,590,393,197,98,-3.706112362,0.068716862,0.11337441,1.571670443,0.197180542,1.63E-06,0.000128481,0.277381526,0.19415406,0.399003632,0.018984496,0.001348206,1.735863689,8,227,30,7,234,0.00042839,2.93E-05,0.000529649,3.70E-05,0.000701791,5.43E-05,0.010936628
872,872,872,4.2,YMG019,60.4462585,79.08697849,51,132.1205,33.8388,132.745,34.003,4.471,0.010752688,0.511126116,17:02:00,17:02:52,1531,1021,618,356,-4.278197377,0.082046064,0.072113041,0.967700653,0.082024599,3.43E-07,5.19E-05,0.116837559,0.211542255,0.175143213,0.01530551,0.000967898,1.172114195,124,162,76,123,296,0.00042275,2.37E-05,0.00061491,3.71E-05,0.000633184,3.82E-05,0.013058037
873,873,873,4,HRS003,68.37454632,69.59941511,13,132.8418,34.8143,133.342,35.273,6.822,1.5,3.150144798,19:57:00,19:57:44,519,346,173,103,-8.068654345,0.599374227,0.059134578,0.902152116,0.422565251,8.75E-06,3.48E-05,0.204801279,0.912358488,3.079103759,0.00592074,0.003690298,0.062066581,111,7,4,286,299,0.000905733,4.32E-05,0.002144067,0.000116125,0.002693311,0.000188176,0.095393371
874,874,874,4,HRS006,108.6486334,109.4236059,13,132.4077,34.6659,133.342,35.273,3.15,1.5,3.147810728,19:57:00,19:57:54,719,480,240,145,-6.788730902,0.195436575,0.059907313,0.909359053,0.425336716,8.98E-06,3.58E-05,0.165943243,0.011652848,0.254483232,0.00700995,0.00356478,0.225366299,220,237,222,284,299,0.002844349,6.78E-05,0.004471862,9.01E-05,0.006283114,9.77E-05,0.031104697
875,875,875,4,HRS008,92.97855336,93.88296643,13,132.7193,34.6107,133.342,35.273,2.959,0.096774194,0.469184417,19:57:00,19:57:51,512,341,228,137,-6.915420936,0.094900963,0.029315505,0.374404598,0.030934445,4.78E-08,8.57E-06,0.024215555,0.039928818,0.046144158,0.005851056,0.000289674,0.387385647,154,112,131,142,299,0.005283091,0.00013791,0.00951802,0.00022552,0.007681402,0.000218705,0.015103957
876,876,876,4,HRS021,41.05332783,43.06246308,13,133.1171,34.9529,133.342,35.273,6.456,1.5,3.192739025,19:57:00,19:57:31,690,460,230,141,-6.56308796,0.730210554,0.135083328,2.088321417,0.986165244,4.69E-05,0.000181677,1.187590849,1.280986295,0.112291282,0.013106656,0.00841549,0.112777811,284,116,126,285,299,0.001422344,0.00010814,0.001949721,0.00010026,0.000746814,3.60E-05,0.116216619
877,877,877,4,SMN004,40.12010512,42.17372209,13,132.9004,35.2881,133.342,35.273,8.236,1.5,3.181680394,19:57:00,19:57:35,438,292,157,91,-4.955108634,0.308246789,0.249319289,3.86468726,1.813767094,0.000158681,0.00061883,4.103837281,3.145658464,2.546536076,0.024318646,0.015487832,0.495702037,161,203,174,298,299,0.003753717,0.000191101,0.002281205,0.000169217,0.002715744,0.000182147,0.049059
878,878,878,4,SMN016,48.665548,50.37197199,13,132.8146,35.1957,133.342,35.273,7.66,1.5,3.206912231,19:57:00,19:57:38,432,288,144,86,-4.552514677,0.847203117,0.517257217,8.011319485,3.784939148,0.000694043,0.002664233,16.47122662,40.09596264,17.30259559,0.047721121,0.032003323,0.353918254,36,3,3,291,299,0.007104362,0.000422769,0.009665134,0.000646095,0.008616195,0.000444318,0.134836564
879,879,879,4,TTR005,47.13952041,48.89922683,13,133.8253,35.429,133.342,35.273,3.763,1.5,3.229026926,19:57:00,19:57:38,330,220,110,106,-7.260279504,0.713297757,0.102534132,1.58991868,0.755362033,2.77E-05,0.000104771,0.601971529,2.306557016,7.180963755,0.009273634,0.00619881,0.081688135,296,7,2,287,299,0.00148311,9.73E-05,0.002917639,0.000159143,0.0040789,0.00029899,0.113524864
882,882,882,4,SMN001,25.40228724,26.34912137,7,133.1612,35.5372,133.294,35.336,13.163,0.1,0.762184324,06:08:00,06:08:30,531,354,177,117,-3.19652031,0.083290169,0.194456003,2.604991027,0.328861922,5.56E-06,0.000377864,0.90276917,1.383469704,1.167593425,0.032424605,0.003003484,2.446024548,77,105,93,35,230,0.000564542,3.49E-05,0.000762484,4.90E-05,0.00058206,3.29E-05,0.013256042
883,883,883,4,SMN004,36.10897794,36.78122195,7,132.9004,35.2881,133.294,35.336,3.221,1.5,3.209389726,06:08:00,06:08:33,438,292,157,91,-6.464037435,0.87287846,0.166652899,2.587326223,1.223976847,7.22E-05,0.000276537,1.803207273,2.316297978,1.241337751,0.015531843,0.010351673,0.111801871,14,9,271,296,299,0.001986331,0.000142123,0.002238728,0.00016066,0.001590533,0.000129247,0.138922922
885,885,885,4,SMN016,46.235476,46.76236992,7,132.8146,35.1957,133.294,35.336,4.187,1.5,3.162038195,06:08:00,06:08:30,432,288,144,86,-7.785055719,0.193222225,0.048681613,0.761085925,0.350918126,5.98E-06,2.36E-05,0.151090509,0.034576385,0.006309009,0.004464122,0.002989653,0.145163989,39,27,93,299,299,0.001383282,5.12E-05,0.000931188,3.48E-05,0.000510162,3.86E-05,0.030752272
886,886,886,4,TTR005,49.26398222,49.75881775,7,133.8253,35.429,133.294,35.336,2.504,0.073170732,1.023689289,06:08:00,06:08:37,330,220,110,106,-6.239579215,0.073760569,0.040165543,0.554468586,0.099185123,4.28E-07,1.61E-05,0.047504832,0.039435884,0.041475372,0.006517193,0.000657639,0.555157487,77,57,164,165,213,0.000448674,2.96E-05,0.000546337,3.32E-05,0.000463061,1.77E-05,0.011739359
887,887,887,4,HRS001,28.61562827,29.99756959,9,132.9018,35.0337,132.717,35.242,12.445,1.5,1.840159084,12:23:00,12:23:23,591,394,197,122,-3.073017907,0.102872568,0.154394802,1.903976716,0.704621375,2.04E-05,0.000238349,1.367299097,0.818670038,0.476730639,0.036727498,0.00404572,2.243218771,27,46,25,14,264,5.45E-05,2.57E-06,7.11E-05,4.10E-06,5.68E-05,2.74E-06,0.016372678
888,888,888,4,HRS003,48.89682136,49.71819727,9,132.8418,34.8143,132.717,35.242,4.008,0.010714286,1.74239871,12:23:00,12:23:33,519,346,173,103,-5.100458549,0.134677901,0.04538667,0.577964769,0.195732169,1.58E-06,2.06E-05,0.096124682,0.079937018,0.36083733,0.013724659,0.001140922,0.640302338,6,83,67,5,291,0.000107456,6.88E-06,0.000188464,5.82E-06,0.000305345,1.62E-05,0.021434654
889,889,889,4,HRS005,72.86370648,73.41743473,9,133.2807,34.777,132.717,35.242,1.823,1.5,1.622703012,12:23:00,12:23:41,730,487,266,172,-5.406856432,0.126833477,0.060596997,0.792759218,0.243858494,2.45E-06,3.67E-05,0.238032724,0.111323592,2.530736267,0.012527666,0.001386916,0.620606216,60,23,11,62,273,0.000427255,2.21E-05,0.000381482,2.37E-05,0.000198427,1.08E-05,0.020186175
890,890,890,4,HRS021,48.56270797,49.38964067,9,133.1171,34.9529,132.717,35.242,2.16,1.5,2.179225176,12:23:00,12:23:34,690,460,230,141,-7.730226057,0.060779753,0.016711896,0.235163417,0.082465386,3.35E-07,2.79E-06,0.010506266,0.460412692,0.042583625,0.002529486,0.000716265,0.261488837,126,232,108,100,299,0.00200546,2.13E-05,0.001085083,6.95E-05,0.001149435,2.83E-05,0.009673398
891,891,891,4,OKY001,92.30090711,92.73865134,9,133.7314,35.1945,132.717,35.242,2.297,1.5,3.200107109,12:23:00,12:23:45,344,229,128,69,-6.962839704,0.207639405,0.073345866,1.134500519,0.536177678,1.39E-05,5.36E-05,0.3477385,0.385171756,1.349777829,0.006982661,0.004555552,0.211295885,105,35,163,286,299,0.001307252,5.75E-05,0.001049049,6.48E-05,0.001867651,0.000118881,0.033046838
892,892,892,4,OKY004,78.0728412,78.58987551,9,133.5018,34.9579,132.717,35.242,2.027,0.010600707,1.316775473,12:23:00,12:23:41,733,488,244,161,-7.523969992,0.107407943,0.025635195,0.356476928,0.081206227,2.88E-07,6.57E-06,0.033915811,0.27740013,0.075928031,0.003981072,0.000551664,0.232886048,17,53,72,23,67,0.000130523,7.52E-06,0.000221137,1.48E-05,0.000109959,7.09E-06,0.017094505
893,893,893,4,OKY005,95.8254889,96.24720423,9,133.7317,35.0098,132.717,35.242,2.026,1.5,3.194044841,12:23:00,12:23:46,464,309,155,92,-8.664873486,1.196632916,0.080800648,1.249651086,0.587878563,1.68E-05,6.50E-05,0.397300242,0.252403294,0.002317392,0.007436525,0.005011061,0.039047118,4,298,277,289,299,0.000973309,6.67E-05,0.000789339,5.28E-05,0.000444313,1.07E-05,0.190450044
894,894,894,4,SMN001,51.95048737,52.72431259,9,133.1612,35.5372,132.717,35.242,2.029,0.010344828,1.05705264,12:23:00,12:23:34,531,354,177,117,-4.960382805,0.123448567,0.057104902,0.767310073,0.1466531,9.23E-07,3.26E-05,0.110065548,0.243543209,0.389309134,0.013961418,0.00097798,0.710596943,14,98,76,12,276,6.93E-05,4.61E-06,9.56E-05,5.11E-06,7.51E-05,4.27E-06,0.01964745
899,899,899,4,SMN009,51.7635488,52.54012737,9,132.2227,35.0112,132.717,35.242,6.007,1.5,3.148899333,12:23:00,12:23:33,438,292,152,102,-7.881505329,0.370390725,0.057032169,0.876779719,0.408933662,8.13E-06,3.24E-05,0.214205671,0.01107113,2.807548767,0.006031006,0.003524445,0.102307985,23,163,22,285,299,0.001028184,5.33E-05,0.001657498,3.50E-05,0.002790567,0.000173458,0.058949515
900,900,900,4,SMN015,43.33718415,44.26185186,9,133.1704,35.3644,132.717,35.242,2.513,1.5,1.519092489,12:23:00,12:23:31,995,663,462,455,-6.259249537,0.09822886,0.033802838,0.467640741,0.126868824,6.68E-07,1.14E-05,0.042961071,0.019901417,0.075611804,0.006969002,0.000818555,0.445770519,0,5,291,28,264,0.000269935,1.69E-05,7.52E-05,2.23E-06,8.17E-05,3.85E-06,0.015633609
902,902,902,4,TTR005,102.6616847,103.0554293,9,133.8253,35.429,132.717,35.242,2.548,1.5,3.177970848,12:23:00,12:23:48,330,220,110,106,-7.330366053,0.56214507,0.076610357,1.178763945,0.554986742,1.50E-05,5.85E-05,0.372994776,0.003597246,0.998976602,0.008245195,0.00476435,0.092157864,288,54,285,290,299,0.001531387,6.43E-05,0.000701383,1.69E-05,0.001731899,0.000110518,0.089468167
903,903,903,4,TTR007,70.11011237,70.68541474,9,133.4876,35.2826,132.717,35.242,4.577,1.5,3.213734859,12:23:00,12:23:38,764,509,255,150,-9.714785308,0.788771208,0.03606706,0.559078036,0.265214485,3.39E-06,1.30E-05,0.084353209,0.05597874,0.035882759,0.003377372,0.002243107,0.026903434,73,220,6,299,299,0.000472701,3.29E-05,0.000466089,2.54E-05,0.000460006,1.97E-05,0.125536837
904,904,904,4,TTR008,59.25191306,59.93153762,9,133.3301,35.4258,132.717,35.242,4.612,1.5,2.984394565,12:23:00,12:23:36,179,120,92,63,-8.19533932,0.242223904,0.026684566,0.392292503,0.183039411,1.60E-06,7.10E-06,0.036982168,0.098139263,0.009470108,0.003688524,0.001480369,0.095678744,296,264,229,267,297,0.001678305,6.76E-05,0.001206545,6.89E-05,0.001081004,5.44E-05,0.038551132
921,921,921,4.1,HRS001,49.36809312,50.57873682,11,132.9018,35.0337,133.319,35.318,10.165,1.5,3.070516406,14:43:00,14:43:41,591,394,197,122,-7.779466356,0.260941687,0.04811327,0.734736478,0.334062783,5.51E-06,2.31E-05,0.133185084,2.476925511,12.52055773,0.004996306,0.002883429,0.12030549,5,5,55,263,299,0.001588476,6.56E-05,0.003720295,0.000214797,0.005924601,0.000380893,0.041530159
922,922,922,4.1,HRS002,47.19053022,48.45561002,11,133.2755,34.8951,133.319,35.318,12.274,1.5,3.071238944,14:43:00,14:43:46,833,555,278,175,-6.671900448,0.259793859,0.077019927,1.139679458,0.530463306,1.41E-05,5.90E-05,0.376874219,129.0354003,4.897149608,0.008363775,0.004872903,0.202280175,234,3,238,286,299,0.001538379,7.93E-05,0.016215742,0.001176361,0.006880842,0.000279236,0.041347477
923,923,923,4.1,HRS003,70.87454296,71.72308443,11,132.8418,34.8143,133.319,35.318,3.694,1.5,3.185713073,14:43:00,14:43:54,519,346,173,103,-6.242902338,1.381587859,0.263215007,4.07870544,1.912895274,0.000177341,0.00068985,4.358867076,1.538226956,1.342438238,0.024757554,0.016397351,0.112592403,2,11,6,293,299,0.003467997,0.00022904,0.002628484,0.000151074,0.003582653,0.00014508,0.219886537
924,924,924,4.1,HRS009,131.9491494,132.4068655,11,132.2794,34.4926,133.319,35.318,3.216,1.5,3.182248638,14:43:00,14:44:10,583,389,249,163,-5.134923439,0.379623149,0.240852101,3.743782265,1.757059057,0.000148283,0.000578072,3.687594175,29.14632524,5.760939969,0.024419047,0.014759697,0.404162382,87,15,133,286,299,0.006847544,0.0003037,0.020329545,0.000770097,0.015358414,0.000957588,0.060418901
925,925,925,4.1,HYG013,136.3157347,136.7588372,11,134.7634,34.989,133.319,35.318,2.591,1.5,2.553827279,14:43:00,14:44:14,506,337,212,143,-5.532226812,0.070189538,0.047333582,0.669812544,0.27313551,3.69E-06,2.23E-05,0.113238289,51.25152099,11.31409857,0.008277951,0.002372466,0.741020723,252,18,261,251,299,0.006007057,0.000122169,0.013406181,0.000720749,0.008591939,0.000408572,0.011171012
926,926,926,4.1,OKY002,68.16386232,69.0457249,11,134.05,35.1787,133.319,35.318,3.444,1.5,3.255294983,14:43:00,14:43:52,1101,734,367,258,-8.227059539,0.402460892,0.049395842,0.777041848,0.368960977,6.52E-06,2.43E-05,0.139591511,3.591605972,1.549768049,0.004791937,0.003001092,0.074811316,72,11,3,278,299,0.001104276,5.36E-05,0.003232341,0.000244797,0.002323935,0.000132619,0.06405364
927,927,927,4.1,OKY005,50.81199159,51.98902277,11,133.7317,35.0098,133.319,35.318,6.556,1.5,3.153807901,14:43:00,14:43:41,464,309,155,92,-4.994818632,0.287157692,0.172270142,2.636364212,1.237483276,7.45E-05,0.000295607,1.944809438,1.291616391,0.860280325,0.020071947,0.010708575,0.439186434,285,273,248,287,299,0.005068539,0.000141341,0.010813052,0.00025096,0.009152926,0.000266349,0.045702566
928,928,928,4.1,OKY007,65.43191002,66.35009306,11,133.6121,34.7807,133.319,35.318,3.651,1.5,3.236594705,14:43:00,14:43:52,512,342,183,104,-7.761137142,0.318764499,0.063364789,1.000509427,0.473151695,1.06E-05,4.00E-05,0.210979168,1.699049046,2.089470616,0.005779645,0.00375303,0.113922922,50,3,5,295,299,0.001308156,5.81E-05,0.00360733,0.000152049,0.003882848,0.000151286,0.050732946
929,929,929,4.1,OKY009,83.24165174,83.96530584,11,134.0923,34.9176,133.319,35.318,3.255,1.5,3.096475878,14:43:00,14:43:57,602,401,201,119,-8.267838071,0.195159561,0.03733147,0.571422108,0.262134827,3.37E-06,1.39E-05,0.088049171,1.657067026,0.480327679,0.003933211,0.002318161,0.126630196,116,32,295,299,299,0.001016127,3.20E-05,0.002293486,0.000158347,0.002262602,9.78E-05,0.031060609
930,930,930,4.1,OKY013,91.57064285,92.2289685,11,133.5099,34.5095,133.319,35.318,2.952,1.5,3.076622458,14:43:00,14:44:00,678,452,226,133,-5.092750909,0.230882255,0.118026188,1.760570079,0.826387972,3.29E-05,0.000137373,0.825588973,3.30605941,0.027013076,0.019640027,0.006975137,0.53447991,285,292,289,299,299,0.008064956,0.00021984,0.012754258,0.000318114,0.008905206,0.000248255,0.036746052
931,931,931,4.1,SMN002,28.42118197,30.47562279,11,133.0682,35.4714,133.319,35.318,8.712,1.5,3.201886912,14:43:00,14:43:41,184,123,81,49,-5.923095015,1.160178319,0.278319862,4.308738737,2.035553047,0.00020026,0.000771154,4.938807902,0.152428698,0.331595823,0.026325508,0.01716636,0.142571227,13,172,6,299,299,0.003424578,0.000269487,0.002216612,0.000178387,0.002967231,0.00015862,0.184648114
932,932,932,4.1,SMN003,25.66559939,27.92352041,11,133.0929,35.1795,133.319,35.318,17.521,1.5,3.179558878,14:43:00,14:43:37,544,363,181,102,-4.60880858,0.737646116,0.371967885,5.726513796,2.699986654,0.000352671,0.001377196,9.247672062,0.053297286,28.89794511,0.036972078,0.023242148,0.314923933,226,135,295,297,299,0.004916939,0.000273758,0.004719091,9.44E-05,0.007962418,0.000561892,0.117400026
933,933,933,4.1,SMN004,38.13185788,39.68675579,11,132.9004,35.2881,133.319,35.318,7.73,1.5,3.195825539,14:43:00,14:43:43,438,292,157,91,-4.848631221,0.889785094,0.380956454,5.894180372,2.776556594,0.000373889,0.001445227,9.055209619,1.296381248,0.620064361,0.035622768,0.023683481,0.25154889,258,211,180,296,299,0.004273539,0.000307422,0.006256377,0.000157402,0.005538516,0.000152291,0.141613696
934,934,934,4.1,SMN008,88.45916543,89.14047312,11,132.5308,34.8523,133.319,35.318,4.075,1.5,3.196790571,14:43:00,14:43:58,698,465,233,159,-5.030628149,1.071951256,0.419186799,6.485228915,3.055878616,0.000452963,0.001749822,11.02545995,26.92458482,6.945188579,0.038892239,0.025996186,0.22796479,47,4,16,297,299,0.005206032,0.000362636,0.009198045,0.000541241,0.004859353,0.000293633,0.170606341
935,935,935,4.1,SMN016,47.77517347,49.02516905,11,132.8146,35.1957,133.319,35.318,6.085,1.5,3.169612895,14:43:00,14:43:46,432,288,144,86,-6.551404915,0.157454011,0.091781849,1.427981772,0.667524965,2.14E-05,8.39E-05,0.524599589,7.912852441,2.436770107,0.009572442,0.005576191,0.38198726,118,124,158,297,299,0.004193604,0.000103989,0.006455302,0.000304028,0.004262525,0.00022475,0.025059584
936,936,936,4.1,TTR005,47.53541809,48.79155637,11,133.8253,35.429,133.319,35.318,7.885,1.5,3.184176692,14:43:00,14:43:46,330,220,110,106,-5.663239479,0.695246467,0.274036543,4.230814845,1.99024968,0.000192009,0.000747629,4.821108669,0.101780578,1.146895143,0.025812491,0.017032623,0.233276502,34,2,162,299,299,0.003925184,0.000242855,0.003735817,0.000106364,0.002918643,0.000138429,0.110651912
937,937,937,4.1,TTR006,35.41875397,37.08757383,11,133.6303,35.5106,133.319,35.318,6.297,1.5,3.00451318,14:43:00,14:43:43,457,304,228,151,-8.372903168,0.136621287,0.023465671,0.356308137,0.158226974,1.25E-06,5.48E-06,0.024091573,4.836116906,20.87729034,0.002582161,0.001363548,0.118753058,82,126,64,289,299,0.001157169,4.16E-05,0.006802917,0.00028583,0.008288928,0.000514326,0.021743953
944,944,944,4.1,HRS001,53.53223251,55.08811049,13,132.9018,35.0337,133.294,35.393,4.626,0.011111111,0.452225437,06:18:00,06:18:35,591,394,197,122,-5.328360668,0.094624546,0.077660002,1.087679745,0.07924223,3.12E-07,6.02E-05,0.157331467,1.439623935,1.272095761,0.011469989,0.000751525,0.761621277,208,102,26,54,99,0.000450149,2.58E-05,0.00057314,3.38E-05,0.000475346,3.58E-05,0.015059964
945,945,945,4.1,HRS002,55.38950129,56.89461181,13,133.2755,34.8951,133.294,35.393,9.632,1.5,1.731680125,06:18:00,06:18:35,833,555,278,175,-5.246516061,0.087633428,0.072115017,1.023591624,0.267145562,3.93E-06,5.18E-05,0.132750385,0.24036663,0.404824265,0.013577984,0.002918447,0.973521082,43,119,144,7,299,0.000355257,2.60E-05,0.000633969,5.10E-05,0.000647061,2.73E-05,0.013947293
946,946,946,4.1,HRS005,68.50676434,69.72931063,13,133.2807,34.777,133.294,35.393,5.013,0.010909091,0.976406931,06:18:00,06:18:39,730,487,266,172,-4.89585533,0.077822463,0.078359023,1.078161983,0.181466953,1.48E-06,6.14E-05,0.250844172,1.138959081,0.544828591,0.013153446,0.001335585,1.061975344,43,49,55,52,298,0.000357265,2.12E-05,0.000499032,3.39E-05,0.000410726,2.70E-05,0.01238583
947,947,947,4.1,HRS006,114.2319379,114.9692813,13,132.4077,34.6659,133.294,35.393,2.798,1.5,3.173605972,06:18:00,06:19:09,719,480,240,145,-4.607649114,0.765176213,0.406760455,6.255711154,2.948960862,0.000420328,0.001647563,10.67566159,0.544509064,16.73571267,0.039753239,0.025160624,0.32643065,107,123,117,291,299,0.007693544,0.000403703,0.008433367,0.000468638,0.010932787,0.000543352,0.121781577
948,948,948,4.1,HRS009,136.2939175,136.9124974,13,132.2794,34.4926,133.294,35.393,2.645,1.5,3.156537444,06:18:00,06:19:15,583,389,249,163,-3.789094961,0.801330956,0.68674213,10.45873717,4.926480351,0.001185209,0.004696049,29.66692234,533.6410166,16.74044755,0.066267345,0.042405267,0.519598054,29,10,11,288,299,0.020899968,0.000942989,0.052036936,0.00301151,0.02482524,0.001329757,0.127535783
949,949,949,4.1,HRS021,51.51064795,53.12576449,13,133.1171,34.9529,133.294,35.393,3.947,1.5,3.191818045,06:18:00,06:18:28,690,460,230,141,-9.226272828,1.351983984,0.054828699,0.844272424,0.399547433,7.72E-06,2.99E-05,0.16791517,0.108811497,0.002354261,0.005348336,0.00338281,0.024855759,4,179,225,299,299,0.000752441,6.20E-05,0.002947069,0.000233257,0.000459062,3.30E-05,0.215174934
950,950,950,4.1,OKY001,45.42079553,47.2445623,13,133.7314,35.1945,133.294,35.393,5.166,1.5,3.208456046,06:18:00,06:18:27,344,229,128,69,-7.865138772,0.93229475,0.094770766,1.479337885,0.693481749,2.33E-05,8.95E-05,0.538664248,0.260259886,0.188264163,0.008452592,0.005843332,0.056966109,24,287,196,271,299,0.001044002,7.65E-05,0.000762326,6.37E-05,0.000722638,4.71E-05,0.148379318
951,951,951,4.1,OKY004,51.93672582,53.53899037,13,133.5018,34.9579,133.294,35.393,12.068,0.010452962,1.170112605,06:18:00,06:18:34,733,488,244,161,-6.122946747,0.076557476,0.04584564,0.636252025,0.12213088,7.29E-07,2.10E-05,0.066055818,0.244414294,0.122410574,0.006152854,0.001061156,0.504973807,187,100,201,74,293,0.000444019,2.27E-05,0.00050048,3.52E-05,0.000840237,5.00E-05,0.012184501
952,952,952,4.1,OKY005,58.28568247,59.71784307,13,133.7317,35.0098,133.294,35.393,8.63,1.5,3.402262554,06:18:00,06:18:36,464,309,155,92,-10.29867146,0.506917818,0.020683426,0.319103504,0.162276419,1.25E-06,4.27E-06,0.020713906,0.000465348,0.001878119,0.001963931,0.001165877,0.024342683,11,154,150,207,285,0.000573775,5.05E-05,0.000557244,2.65E-05,0.000423329,3.19E-05,0.080678476
955,955,955,4.1,SMN003,29.94601802,32.64604103,13,133.0929,35.1795,133.294,35.393,6.503,1.5,3.147707976,06:18:00,06:18:28,544,363,181,102,-9.136176138,1.071550199,0.050289215,0.778367547,0.361985414,6.32E-06,2.52E-05,0.166314097,0.171802316,0.125384814,0.004922032,0.003139445,0.028861025,2,241,29,291,299,0.000642172,3.67E-05,0.000711035,5.14E-05,0.000721893,5.36E-05,0.170542511
956,956,956,4.1,SMN004,37.55857818,39.74477066,13,132.9004,35.2881,133.294,35.393,4.435,1.5,3.217795128,06:18:00,06:18:30,438,292,157,91,-7.23967859,0.449805767,0.087159476,1.376276268,0.646815113,1.98E-05,7.57E-05,0.467186282,0.007932981,0.100221297,0.008258752,0.005358887,0.11536373,161,125,125,285,299,0.001377813,9.31E-05,0.000786874,5.29E-05,0.001373182,7.64E-05,0.071588811
957,957,957,4.1,SMN006,75.56644817,76.67651589,13,132.4978,35.1942,133.294,35.393,2.297,1.5,3.196343281,06:18:00,06:18:58,1126,751,375,282,-5.719241008,1.042535197,0.373063503,5.737216879,2.7238244,0.000358626,0.001385781,8.712127064,6.546777705,1.336801287,0.034592008,0.023074548,0.208480246,6,38,46,299,299,0.006528535,0.00040553,0.020669919,0.001522009,0.014532143,0.000928774,0.16592463
959,959,959,4.1,SMN016,48.72692222,50.43126956,13,132.8146,35.1957,133.294,35.393,3.479,1.5,1.528529905,06:18:00,06:18:33,432,288,144,86,-4.566498536,0.081803551,0.088909231,1.203575485,0.327520603,4.68E-06,7.90E-05,0.175616911,0.369547074,0.753314039,0.014975062,0.002135506,1.150207921,133,69,143,50,243,0.000337077,2.06E-05,0.000378007,3.11E-05,0.000636601,3.61E-05,0.013019439
960,960,960,4.1,TTR005,48.31549222,50.03385642,13,133.8253,35.429,133.294,35.393,5.335,1.5,2.537530215,06:18:00,06:18:33,330,220,110,106,-5.058011296,0.199528826,0.085515628,1.09733266,0.529052881,1.19E-05,7.31E-05,0.801134755,0.07563092,0.432269651,0.021053891,0.003521747,0.662989414,98,70,50,9,299,0.000600515,2.97E-05,0.000380697,1.80E-05,0.000706399,3.54E-05,0.031755999
963,963,963,4.1,TTR009,25.6103029,28.72085678,13,133.3063,35.1629,133.294,35.393,10.64,1.5,1.740066977,06:18:00,06:18:24,559,373,307,257,-2.036477238,0.164875517,0.235037113,2.80613675,1.018143761,4.23E-05,0.0005512,2.306057851,2.542435216,1.504775551,0.072872702,0.005773487,2.777081143,15,20,83,8,257,0.000448006,3.85E-05,0.000366977,1.99E-05,0.000607214,3.73E-05,0.026240754
964,964,964,4.1,HRS001,48.25422303,48.91288215,8,132.9018,35.0337,133.32,35.301,4.621,1.5,2.354756678,11:23:00,11:23:11,591,394,197,122,-2.007051416,0.09939444,0.219992188,2.646890414,1.264046179,6.79E-05,0.000483268,3.530015423,2.066055617,4.984329779,0.063886246,0.007700584,4.038547016,10,56,11,8,294,0.000404361,1.75E-05,0.00060282,4.77E-05,0.000697177,4.99E-05,0.015819116
965,965,965,4.1,HRS002,45.31522434,46.01597067,8,133.2755,34.8951,133.32,35.301,7.796,1.5,2.044063169,11:23:00,11:23:16,833,555,278,175,-5.719526679,0.066126438,0.046261929,0.596770567,0.23230039,2.26E-06,2.14E-05,0.110917252,0.162940147,0.072296338,0.010599368,0.001303239,1.007128121,48,239,84,7,284,0.00037642,2.54E-05,0.001654683,0.000127803,0.000729718,5.64E-05,0.01052435
966,966,966,4.1,HRS005,58.37589224,58.92151386,8,133.2807,34.777,133.32,35.301,9.764,1.5,3.249496908,11:23:00,11:23:20,730,487,266,172,-8.392424904,0.527213509,0.051854031,0.805198781,0.384249172,7.17E-06,2.68E-05,0.15207685,0.005308534,0.004909279,0.004758059,0.003117048,0.056705236,225,136,292,292,299,0.000975928,5.32E-05,0.000623843,3.59E-05,0.000751805,2.71E-05,0.083908636
967,967,967,4.1,OKY001,39.19075422,39.99894019,8,133.7314,35.1945,133.32,35.301,4.859,1.5,3.218949608,11:23:00,11:23:15,344,229,128,69,-6.695881644,0.918398881,0.184250668,2.851849713,1.352294823,8.88E-05,0.000338197,2.083167726,0.01430414,0.002585589,0.016359179,0.011328731,0.111920602,35,42,23,294,299,0.001960084,0.00015064,0.000496957,2.72E-05,0.000743154,2.33E-05,0.146167722
968,968,968,4.1,OKY004,41.57930953,42.34192935,8,133.5018,34.9579,133.32,35.301,15.528,1.5,2.863605989,11:23:00,11:23:15,733,488,244,161,-10.79559709,0.341875445,0.014014145,0.218545467,0.094277603,4.06E-07,1.96E-06,0.03327517,0.026719039,0.044702269,0.00148301,0.000742562,0.027255616,11,9,8,94,299,0.000620347,4.59E-05,0.000415914,2.85E-05,0.000420189,2.45E-05,0.054411167
969,969,969,4.1,SMN001,29.94794288,30.99805288,8,133.1612,35.5372,133.32,35.301,26.399,0.010309278,0.462652606,11:23:00,11:23:12,531,354,177,117,-3.083645021,0.06660757,0.147287571,1.877769246,0.15797189,1.17E-06,0.00021665,0.499879388,1.035493107,0.786604677,0.031729814,0.001469661,2.993117774,15,106,30,26,146,0.000326755,1.96E-05,0.000382992,3.14E-05,0.000410321,3.27E-05,0.010600924
970,970,970,4.1,SMN002,29.66586139,30.72561361,8,133.0682,35.4714,133.32,35.301,3.734,1.5,3.161129012,11:23:00,11:23:12,184,123,81,49,-8.290915809,0.717956595,0.053592548,0.812794715,0.390161268,7.25E-06,2.86E-05,0.222480428,0.007093219,0.55892243,0.005814634,0.003306806,0.050886673,48,116,39,288,299,0.001714995,7.19E-05,0.001090266,7.61E-05,0.001264641,9.00E-05,0.114266341
971,971,971,4.1,SMN004,38.10839215,38.93904919,8,132.9004,35.2881,133.32,35.301,11.399,1.5,3.236157582,11:23:00,11:23:14,438,292,157,91,-7.769639737,0.444935518,0.058568011,0.907703449,0.435378434,9.07E-06,3.42E-05,0.232764593,0.480190805,0.171658883,0.005621588,0.00356522,0.079385616,272,39,32,271,299,0.000899161,4.74E-05,0.000990496,8.09E-05,0.000854415,5.84E-05,0.070813687
973,973,973,4.1,SMN016,47.36448619,48.03534691,8,132.8146,35.1957,133.32,35.301,4.06,0.090909091,1.107151256,11:23:00,11:23:17,432,288,144,86,-4.024656028,0.101692274,0.114021138,1.531007521,0.316422768,4.03E-06,0.000129918,0.32832873,0.501451359,1.225182416,0.025494945,0.001967455,1.575237307,31,31,19,4,280,0.000596858,2.60E-05,0.000408948,2.62E-05,0.000461888,2.18E-05,0.016184828
974,974,974,4.1,TTR005,47.97893058,48.64131761,8,133.8253,35.429,133.32,35.301,3.267,1.5,1.526468846,11:23:00,11:23:17,330,220,110,106,-7.371450708,0.076402844,0.02596296,0.378891895,0.091331068,3.97E-07,6.72E-06,0.041896108,0.023710923,0.364935677,0.004352928,0.000716253,0.357974267,186,189,214,151,295,0.000630136,2.62E-05,0.000591478,3.55E-05,0.000977483,5.44E-05,0.01215989
977,977,977,4.2,HRS009,131.2620054,131.7221092,11,132.2794,34.4926,133.38,35.253,2.415,1.5,2.179650803,11:10:00,11:10:39,583,389,249,163,-6.710553636,0.110268365,0.051404403,0.727249271,0.255174875,3.16E-06,2.63E-05,0.127918604,3.076684205,2.156842764,0.006933534,0.002300055,0.395078684,17,132,25,74,299,0.005448816,0.000173921,0.008017899,0.000332751,0.007092317,0.000312662,0.017549755
978,978,978,4.2,HRS021,41.05499079,42.5030854,11,133.1171,34.9529,133.38,35.253,4.157,0.01,2.412220924,11:10:00,11:10:09,690,460,230,141,-6.333430041,0.600533336,0.127242573,1.921255159,0.720209826,2.39E-05,0.000161897,0.350293958,0.723710157,0.01456968,0.014481011,0.005069256,0.151510115,89,15,298,150,183,0.005152671,0.000332463,0.001605534,8.64E-05,0.000540032,3.57E-05,0.095577849
979,979,979,4.2,OKY001,32.57575049,34.38283758,11,133.7314,35.1945,133.38,35.253,6.966,1.5,3.213783505,11:10:00,11:10:08,344,229,128,69,-6.370725686,0.623844949,0.181344433,2.810203611,1.32954689,8.57E-05,0.000327589,1.935009113,3.79143229,0.931906042,0.016583322,0.01118855,0.167022406,95,2,184,289,299,0.002454529,0.000158845,0.002935919,0.000204749,0.001710232,0.000123092,0.099288007
980,980,980,4.2,OKY004,34.63376149,36.33864933,11,133.5018,34.9579,133.38,35.253,15.466,0.010752688,1.467898986,11:10:00,11:10:08,733,488,244,161,-3.156475902,0.093971992,0.18183629,2.32437063,0.658687611,1.80E-05,0.000330585,2.043749656,3.160661724,1.065061117,0.034958461,0.004104512,2.337403734,27,45,20,18,298,0.000364205,2.43E-05,0.000445521,2.52E-05,0.000424737,3.35E-05,0.014956107
981,981,981,4.2,OKY005,41.88348965,43.30388787,11,133.7317,35.0098,133.38,35.253,4.905,1.5,3.206523033,11:10:00,11:10:15,464,309,155,92,-4.240269116,0.887081066,0.601486051,9.307221832,4.395516033,0.000938528,0.003603612,22.62004298,12.81655768,0.282800703,0.054807071,0.037317913,0.388197875,5,6,217,283,299,0.006562287,0.000482708,0.005154743,0.000347545,0.001911265,6.37E-05,0.141183337
982,982,982,4.2,SMN001,37.30950835,38.89729314,11,133.1612,35.5372,133.38,35.253,13.65,1.5,3.202745527,11:10:00,11:10:13,531,354,177,117,-9.401008862,0.797256842,0.042822408,0.66749045,0.314071617,4.74E-06,1.83E-05,0.116188607,0.001851901,0.000563895,0.004127936,0.002653718,0.032532283,14,242,9,295,299,0.000717877,4.57E-05,0.000394411,2.33E-05,0.000495328,2.63E-05,0.126887367
983,983,983,4.2,SMN002,37.271798,38.86112358,11,133.0682,35.4714,133.38,35.253,3.267,1.5,3.246511699,11:10:00,11:10:13,184,123,81,49,-6.726741242,1.089092581,0.17660944,2.760751803,1.316155489,8.29E-05,0.000310665,2.004157102,0.001480296,0.061657465,0.016218043,0.010711811,0.093565021,11,169,159,281,299,0.002519902,0.000176604,0.001213925,4.32E-05,0.000636819,4.03E-05,0.173334468
984,984,984,4.2,SMN003,27.33188648,29.46238311,11,133.0929,35.1795,133.38,35.253,7.393,1.5,2.716623151,11:10:00,11:10:10,544,363,181,102,-10.2605715,0.353568321,0.012603987,0.182212176,0.077970015,2.97E-07,1.59E-06,0.032599591,0.019139514,0.000695916,0.001654818,0.000567588,0.029407412,267,239,289,159,180,0.000454539,3.36E-05,0.000470394,3.28E-05,0.000637861,4.29E-05,0.056272146
985,985,985,4.2,SMN004,43.71424422,45.07699133,11,132.9004,35.2881,133.38,35.253,3.906,1.5,3.08563258,11:10:00,11:10:09,438,292,157,91,-8.751835288,0.566305825,0.04361791,0.663174121,0.308772668,4.56E-06,1.89E-05,0.19784186,0.999565862,0.240879878,0.004866341,0.002776785,0.053992248,43,131,8,298,299,0.000781474,4.32E-05,0.00145591,0.000104586,0.000980758,8.11E-05,0.090130371
987,987,987,4.2,SMN016,51.75181353,52.90794083,11,132.8146,35.1957,133.38,35.253,3.11,3,2.246478521,11:10:00,11:10:18,432,288,144,86,-9.744648942,0.121228154,0.010125713,0.14556344,0.048355797,1.31E-07,1.02E-06,0.027476205,0.006123047,0.043170475,0.001410187,0.000423087,0.07308916,34,10,36,86,96,0.000913497,4.29E-05,0.001046864,3.78E-05,0.000624966,1.57E-05,0.01929406
988,988,988,4.2,TTR005,44.88201817,46.21034035,11,133.8253,35.429,133.38,35.253,2.823,1.5,2.784110119,11:10:00,11:10:15,330,220,110,106,-9.853018693,0.21298755,0.013236319,0.180338595,0.074282012,3.43E-07,1.75E-06,0.004663926,0.003265634,0.02817653,0.001640625,0.000720277,0.048398852,24,3,35,242,299,0.000663516,4.81E-05,0.000680912,4.50E-05,0.000700013,3.53E-05,0.033898021
989,989,989,4.2,TTR006,36.54291649,38.16260926,11,133.6303,35.5106,133.38,35.253,5.545,1,2.242233932,11:10:00,11:10:13,457,304,228,151,-10.82595637,0.092206763,0.005173649,0.075936373,0.030248393,3.41E-08,2.68E-07,0.000653863,3.811943522,1.761123441,0.000656259,0.000144695,0.044719007,55,7,10,15,46,0.000595616,2.64E-05,0.003105523,0.000202835,0.002703237,0.000125329,0.014675162
993,993,993,4.2,HRS001,49.93799366,50.92939437,10,132.9018,35.0337,133.32,35.325,7.202,1.5,3.155296037,16:21:00,16:22:06,591,394,197,122,-7.6232732,0.879181119,0.111995353,1.736221962,0.805475564,3.15E-05,0.000124835,0.779480035,3.737140481,7.876927686,0.011153745,0.006978463,0.079711729,5,6,5,284,299,0.001647925,0.000100436,0.00446737,0.000289892,0.005199559,0.000351134,0.139926021
994,994,994,4.2,HRS021,45.30271235,46.39327264,10,133.1171,34.9529,133.32,35.325,4.809,1.5,3.223640733,16:21:00,16:22:00,690,460,230,141,-5.470954331,0.941429846,0.337394893,5.24786284,2.486890452,0.000298446,0.001133787,6.91361925,5.458584286,12.71765787,0.031038581,0.020811629,0.207154207,2,44,184,290,299,0.004375799,0.000262591,0.005221898,0.000243115,0.006075584,0.00039681,0.149833214
995,995,995,4.2,OKY005,51.27261184,52.23868992,10,133.7317,35.0098,133.32,35.325,12.37,1.5,3.159990753,16:21:00,16:21:22,464,309,155,92,-7.519946901,0.08735204,0.021169725,0.310137683,0.156086575,1.13E-06,4.47E-06,0.021080034,0.103218851,0.465969006,0.003623874,0.001080616,0.260663297,205,212,213,206,279,0.002286085,4.72E-05,0.001350222,4.82E-05,0.00179868,8.87E-05,0.013902509
996,996,996,4.2,OKY007,66.10625831,66.85833821,10,133.6121,34.7807,133.32,35.325,2.543,1.5,3.265957547,16:21:00,16:22:11,512,342,183,104,-9.318345538,0.327853273,0.028442885,0.443435403,0.215624922,2.18E-06,8.06E-06,0.045810765,1.490794472,0.113233376,0.002754133,0.001664226,0.052781936,193,202,3,238,299,0.001201105,6.13E-05,0.002731032,0.000129693,0.00217905,9.11E-05,0.052179469
997,997,997,4.2,OKY011,91.77900776,92.32218729,10,133.9067,34.654,133.32,35.325,5.443,1.5,2.121988751,16:21:00,16:22:18,259,172,113,67,-7.002399415,0.12654325,0.03051103,0.40532841,0.151988619,1.05E-06,9.20E-06,0.025596007,0.175936911,1.252786098,0.005434148,0.001084097,0.2698189,80,74,81,201,271,0.004096347,0.000126269,0.007007357,0.000311759,0.004836417,0.000201718,0.020139984
998,998,998,4.2,SMN001,27.63617121,29.38975943,10,133.1612,35.5372,133.32,35.325,26.958,1.5,3.121990861,16:21:00,16:21:10,531,354,177,117,-6.82583646,0.188208076,0.067475892,1.023494557,0.478458628,1.12E-05,4.53E-05,0.297572789,0.372005623,0.047314264,0.007129523,0.004240313,0.238013776,89,146,147,278,299,0.001400903,7.77E-05,0.001705868,7.85E-05,0.001750953,5.65E-05,0.029954246
999,999,999,4.2,SMN002,28.03391178,29.76407582,10,133.0682,35.4714,133.32,35.325,3.39,1.5,3.20854035,16:21:00,16:21:12,184,123,81,49,-5.019867666,0.642214725,0.365070747,5.641348384,2.696876907,0.000346446,0.001328558,7.705943209,0.026952674,0.671731884,0.034050619,0.021930116,0.333138339,8,58,207,263,299,0.012465988,0.000702469,0.003642209,0.000143809,0.002971856,0.000177252,0.102211648
1000,1000,1000,4.2,SMN003,26.21075304,28.053584,10,133.0929,35.1795,133.32,35.325,5.552,1.5,3.186308649,16:21:00,16:21:59,544,363,181,102,-7.05653354,0.233077157,0.105657436,1.650485498,0.774014193,2.86E-05,0.000111075,0.662310905,0.495129174,2.463219729,0.010735377,0.006532818,0.289399296,160,173,72,296,299,0.001530435,9.87E-05,0.002454406,0.000139943,0.003281493,0.000195709,0.037095382
1001,1001,1001,4.2,SMN004,38.2961776,39.580263,10,132.9004,35.2881,133.32,35.325,5.07,1.5,3.240840816,16:21:00,16:22:03,438,292,157,91,-6.486278979,0.570219548,0.151638662,2.358735415,1.126984299,6.09E-05,0.00022895,1.403800317,0.009135961,0.076764266,0.014207067,0.009284964,0.156546077,5,5,17,297,299,0.002809175,0.00018336,0.002507843,0.000117503,0.003536218,0.000199719,0.09075326
1002,1002,1002,4.2,SMN008,88.98796219,89.5480732,10,132.5308,34.8523,133.32,35.325,3.091,1.5,3.144607336,16:21:00,16:22:17,698,465,233,159,-8.792162739,0.830695921,0.056846874,0.850478393,0.401870804,8.06E-06,3.22E-05,0.217200219,0.054472075,0.192865615,0.005506983,0.003528251,0.041653503,223,159,5,272,299,0.000830209,4.67E-05,0.001441291,7.39E-05,0.001265003,6.38E-05,0.132209362
1004,1004,1004,4.2,SMN016,48.08727766,49.11604903,10,132.8146,35.1957,133.32,35.325,4.278,1.5,2.60529811,16:21:00,16:21:20,432,288,144,86,-7.571966959,0.154969205,0.021831903,0.281828583,0.114994299,8.16E-07,4.75E-06,0.012627065,0.739357714,0.150635126,0.004520959,0.001264895,0.183301089,258,272,287,260,294,0.002401729,5.78E-05,0.00217877,0.000125234,0.001926072,5.30E-05,0.024664115
1005,1005,1005,4.2,TTR005,47.24944277,48.29606446,10,133.8253,35.429,133.32,35.325,4.816,1.5,3.1710191,16:21:00,16:21:19,330,220,110,106,-6.82486893,1.225399166,0.209888314,3.239477462,1.515419447,0.000111698,0.000438538,2.747910051,2.581425,0.010004556,0.019965639,0.013119743,0.102373019,20,177,54,299,299,0.002189302,0.000154837,0.002335659,0.00017574,0.001093499,4.34E-05,0.195028335
1007,1007,1007,4.2,HRS021,48.14407489,49.38473395,11,133.1171,34.9529,133.294,35.361,6.635,3,2.339695007,06:38:00,06:38:21,690,460,230,141,-10.30395392,0.122457405,0.007694995,0.106492431,0.038537958,8.21E-08,5.92E-07,0.013033519,0.161500174,0.011681872,0.001180717,0.00031008,0.060581578,163,81,102,110,122,0.000957454,2.70E-05,0.001720197,0.000199621,0.000418607,2.65E-05,0.019489701
1008,1008,1008,4.2,OKY005,55.74293702,56.81791115,11,133.7317,35.0098,133.294,35.361,10.762,0.011406844,1.213599029,06:38:00,06:38:29,464,309,155,92,-3.748370225,0.070028998,0.118114367,1.583054563,0.336478096,5.20E-06,0.000139509,0.442963233,0.442733874,0.227458835,0.020155031,0.002273404,1.808362223,137,129,104,139,279,0.000516054,3.04E-05,0.001027472,3.11E-05,0.000825819,4.44E-05,0.011145461
1010,1010,1010,4.2,SMN003,27.21416972,29.35321164,11,133.0929,35.1795,133.294,35.361,6.66,1.5,3.19566551,06:38:00,06:38:21,544,363,181,102,-7.807190295,1.058791723,0.106639677,1.648356993,0.777702819,2.93E-05,0.000113258,0.73350205,0.001087922,0.851228843,0.009837021,0.006638265,0.058375814,32,103,101,291,299,0.001311639,7.69E-05,0.001914473,3.28E-05,0.001458394,9.93E-05,0.168511936
1011,1011,1011,4.2,SMN008,89.55120487,90.22426666,11,132.5308,34.8523,133.294,35.361,3.219,1.5,1.961426312,06:38:00,06:38:38,698,465,233,159,-4.220372958,0.130151118,0.122013501,1.649721617,0.571991592,1.45E-05,0.000148864,0.915899479,0.306870245,0.368446333,0.023270008,0.003800539,1.123384681,104,41,85,43,294,0.000553053,3.26E-05,0.000616039,3.68E-05,0.000566247,2.71E-05,0.020714194
1012,1012,1012,4.2,SMN016,47.23978319,48.50357838,11,132.8146,35.1957,133.294,35.361,5.951,0.083333333,0.48109131,06:38:00,06:38:21,432,288,144,86,-1.056785496,0.088928188,0.333461181,3.530220512,0.389258505,6.52E-06,0.001111959,2.4864784,4.11509858,5.079290732,0.093241884,0.002671178,6.587967721,12,36,36,14,269,0.000715228,3.73E-05,0.000526147,3.23E-05,0.0004173,1.92E-05,0.014153361
1013,1013,1013,4.2,TTR006,34.7133222,36.41448528,11,133.6303,35.5106,133.294,35.361,4.29,1.5,3.223605652,06:38:00,06:38:24,457,304,228,151,-8.094165703,1.382483638,0.102704233,1.594846832,0.756716134,2.76E-05,0.000105042,0.687619033,0.212661654,0.197779308,0.009498769,0.006340419,0.04317051,6,210,68,297,299,0.001101422,8.23E-05,0.000922632,5.41E-05,0.000777674,4.18E-05,0.220029105
1017,1017,1017,4.2,HRS001,53.19104423,53.94707764,9,132.9018,35.0337,133.312,35.375,7.519,1.5,2.20578884,12:03:00,12:04:01,591,394,197,122,-9.562501006,0.08867426,0.009405907,0.13520212,0.045023401,1.09E-07,8.85E-07,0.002920611,0.054413312,0.00928181,0.001307748,0.000389703,0.09266303,49,112,112,22,274,0.000435167,1.97E-05,0.000807389,5.36E-05,0.000598173,3.20E-05,0.014112947
1018,1018,1018,4.2,HRS002,53.46556843,54.21777391,9,133.2755,34.8951,133.312,35.375,21.305,1.5,3.284953718,12:03:00,12:04:08,833,555,278,175,-9.56383125,0.167246318,0.015114976,0.226094338,0.114383376,6.24E-07,2.28E-06,0.005964388,0.954943219,0.234520693,0.001647407,0.000796491,0.06189052,140,171,203,197,239,0.000512574,2.91E-05,0.001816026,0.00010612,0.001408242,6.67E-05,0.026618078
1019,1019,1019,4.2,HRS006,114.0087837,114.3634677,9,132.4077,34.6659,133.312,35.375,3.618,1.5,2.413742379,12:03:00,12:04:24,719,480,240,145,-6.78600582,0.176877877,0.052555298,0.735180184,0.292937335,4.07E-06,2.76E-05,0.096979299,0.155754218,0.626193244,0.009397728,0.002236817,0.333832959,268,271,299,216,299,0.007046305,0.000350537,0.005625814,0.000216691,0.009042304,0.000358783,0.028150989
1020,1020,1020,4.2,HRS009,135.9681968,136.265735,9,132.2794,34.4926,133.312,35.375,5.031,1.5,3.080256718,12:03:00,12:04:31,583,389,249,163,-5.334826985,0.312560187,0.173396975,2.62472109,1.214336832,7.19E-05,0.000299272,1.882720279,3.596513369,14.08582858,0.018175451,0.010714519,0.365368746,137,288,6,293,299,0.007141854,0.000293122,0.014519648,0.000606381,0.013797626,0.000803947,0.049745499
1021,1021,1021,4.2,HRS021,50.16787619,50.96877281,9,133.1171,34.9529,133.312,35.375,6.634,1.5,3.193507434,12:03:00,12:04:01,690,460,230,141,-6.011470097,0.665915663,0.174426057,2.692809334,1.269856155,7.83E-05,0.000303037,1.906144768,0.107839092,3.124300362,0.016797357,0.010860694,0.158489902,285,177,168,292,299,0.002443806,0.000152502,0.003077456,0.000145353,0.004253198,0.000179562,0.105983769
1022,1022,1022,4.2,OKY004,49.48438925,50.29617062,9,133.5018,34.9579,133.312,35.375,13.512,3,2.498357527,12:03:00,12:04:07,733,488,244,161,-10.82773331,0.225726668,0.006207553,0.088167996,0.033999045,6.09E-08,3.85E-07,0.014881598,0.475800954,0.431951412,0.000966589,0.000277266,0.026905362,82,0,113,109,138,0.000514493,3.08E-05,0.001390118,7.90E-05,0.000892529,5.60E-05,0.035925515
1023,1023,1023,4.2,OKY014,112.0131897,112.3741726,9,133.7876,34.4462,133.312,35.375,2.998,1.5,3.169916012,12:03:00,12:04:26,611,407,204,131,-4.494288345,0.956327721,0.537801803,8.258015226,3.877981056,0.000733103,0.002880243,18.67525486,95.37526706,17.28465732,0.051103951,0.03344398,0.335758955,211,7,211,294,299,0.007456537,0.000443379,0.022168725,0.001020617,0.01014294,0.000488132,0.152204284
1024,1024,1024,4.2,SMN003,29.46418117,30.8080829,9,133.0929,35.1795,133.312,35.375,13.922,1.5,3.186248106,12:03:00,12:04:01,544,363,181,102,-6.271198894,0.913294356,0.186903646,2.88703309,1.357717857,8.94E-05,0.000347749,2.111401706,2.943179365,2.573080935,0.018509172,0.011652505,0.127337431,21,3,14,290,299,0.002397815,0.000167095,0.002616205,0.000179374,0.003274965,0.000166901,0.145355311
1025,1025,1025,4.2,SMN004,38.56831429,39.6044804,9,132.9004,35.2881,133.312,35.375,6.191,1.5,3.193125816,12:03:00,12:04:03,438,292,157,91,-5.615217877,1.118311799,0.292383636,4.512317056,2.134856763,0.000219818,0.000851119,5.802550716,0.269574631,4.096969034,0.027653469,0.018298193,0.15536979,2,54,12,298,299,0.00361943,0.000262532,0.001233358,8.00E-05,0.00298247,0.000245912,0.177984851
1026,1026,1026,4.2,SMN008,91.79930538,92.23943011,9,132.5308,34.8523,133.312,35.375,4.302,1.5,3.204159475,12:03:00,12:04:18,698,465,233,159,-9.246285019,0.911247416,0.047969841,0.732058097,0.35263191,5.96E-06,2.29E-05,0.163841924,0.016404184,0.059298957,0.004628335,0.002973845,0.031913053,2,181,28,295,299,0.000681915,4.91E-05,0.000438747,2.93E-05,0.000637417,2.56E-05,0.145029531
1027,1027,1027,4.2,SMN016,49.35355286,50.1674514,9,132.8146,35.1957,133.312,35.375,11.195,1.5,2.563551386,12:03:00,12:04:00,432,288,144,86,-10.91100987,0.13495912,0.006640419,0.095223337,0.03986508,7.31E-08,4.39E-07,0.001847076,0.002819281,0.069962172,0.000948792,0.000318264,0.044172161,20,181,30,86,299,0.000372085,2.14E-05,0.0005217,3.05E-05,0.000603963,4.36E-05,0.021479411
1028,1028,1028,4.2,SMN019,102.1765465,102.5721534,9,133.3561,36.2932,133.312,35.375,4.435,1.5,2.846608631,12:03:00,12:04:21,580,387,193,126,-5.14003831,0.081195339,0.084072207,1.243822734,0.553267619,1.45E-05,7.05E-05,0.418353215,0.051178307,0.019283634,0.012530715,0.004690728,0.969671511,198,205,246,210,299,0.012604175,0.000379724,0.011432664,0.000387057,0.00712867,0.000168157,0.01292264
1029,1029,1029,4.2,TTR006,32.5390481,33.76077089,9,133.6303,35.5106,133.312,35.375,9.597,1.5,2.903498854,12:03:00,12:04:02,457,304,228,151,-9.86874275,0.146152335,0.010600766,0.15436076,0.06843852,2.39E-07,1.12E-06,0.008167923,3.827659572,2.563633282,0.001240528,0.000646513,0.053331108,66,3,23,295,299,0.000414221,1.78E-05,0.004001248,0.000206979,0.00309317,0.000186796,0.023260867
1032,1032,1032,4.2,EHM007,149.145035,149.6270078,12,132.7722,33.9621,133.425,35.191,2.565,1.5,3.166482889,22:17:00,22:17:44,293,195,176,146,-7.037007632,0.331662948,0.087168224,1.349427946,0.637438415,1.92E-05,7.58E-05,0.434783499,5.371670197,0.241234361,0.009100048,0.005092575,0.172395773,225,56,216,273,292,0.004673376,0.000258582,0.005375952,0.000352276,0.006634506,0.000327159,0.052785798
1033,1033,1033,4.2,HRS001,50.70280702,52.1034993,12,132.9018,35.0337,133.425,35.191,12.908,0.09375,0.188788546,22:17:00,22:17:10,591,394,197,122,-2.438599112,0.082817762,0.234598169,2.827844847,0.083713158,4.97E-07,0.000550178,1.174658853,1.202910147,1.544105246,0.047832503,0.001396359,3.628937467,102,147,128,105,63,0.00036658,2.59E-05,0.000702118,5.24E-05,0.000554567,3.38E-05,0.013180856
1034,1034,1034,4.2,HRS002,35.60637661,37.57411417,12,133.2755,34.8951,133.425,35.191,119.135,1.5,3.10547322,22:17:00,22:17:07,833,555,278,175,-9.244192826,1.579226568,0.057242531,0.869569925,0.401897327,7.96E-06,3.26E-05,0.216007941,0.001227062,0.083974116,0.005862717,0.003640015,0.023325683,30,66,46,299,299,0.00069631,5.47E-05,0.000442694,3.35E-05,0.000514353,3.49E-05,0.251341715
1035,1035,1035,4.2,HRS003,67.64736685,68.70346601,12,132.8418,34.8143,133.425,35.191,3.877,0.01,1.191288801,22:17:00,22:17:21,519,346,173,103,-5.271662002,0.056348921,0.069248973,0.971583201,0.20178904,1.72E-06,4.80E-05,0.123417389,0.111842611,0.225367885,0.009914161,0.001356977,1.10547832,131,158,215,99,213,0.000549926,3.93E-05,0.000427476,2.51E-05,0.000765984,5.03E-05,0.008968209
1036,1036,1036,4.2,HRS004,116.6715335,117.2870271,12,132.2772,34.7262,133.425,35.191,3.484,1.5,3.185001192,22:17:00,22:17:35,1407,938,469,302,-5.335511764,0.2085969,0.177336314,2.682301821,1.285297436,8.05E-05,0.000313149,1.795798042,12.96286376,89.43918512,0.018281611,0.01064728,0.55066375,70,104,3,295,299,0.006475836,0.000223715,0.00815554,0.000391548,0.014651893,0.000897219,0.033199228
1037,1037,1037,4.2,HRS005,47.87498973,49.35599905,12,133.2807,34.777,133.425,35.191,27.818,0.136363636,0.278654561,22:17:00,22:17:09,730,487,266,172,-2.967324871,0.116819118,0.186759117,2.207651111,0.100530206,6.86E-07,0.00034876,0.758539273,3.522256325,2.261945475,0.046805393,0.001492806,2.517455703,181,168,134,113,117,0.000441887,2.57E-05,0.000529215,3.47E-05,0.000467935,3.78E-05,0.01859234
1038,1038,1038,4.2,HRS006,109.5906953,110.2457278,12,132.4077,34.6659,133.425,35.191,4.949,0.011320755,0.607199346,22:17:00,22:17:32,719,480,240,145,-5.335913307,0.089581385,0.046736932,0.642848252,0.067071001,2.04E-07,2.18E-05,0.047086779,0.099182534,0.104880734,0.010489326,0.000601695,0.735715121,50,63,52,49,30,0.008941786,0.000244481,0.008669506,0.000188275,0.012219187,0.000344987,0.01425732
1039,1039,1039,4.2,HRS007,62.03965565,63.18954719,12,133.0946,34.7032,133.425,35.191,6.82,1.5,1.581467432,22:17:00,22:17:19,1123,749,374,224,-4.954675785,0.098281441,0.075988482,1.008942036,0.288231686,3.64E-06,5.74E-05,0.320034049,0.152725031,0.07076919,0.01610571,0.001861197,1.029646709,89,80,93,28,293,0.000541395,3.96E-05,0.000618418,4.31E-05,0.000327034,2.64E-05,0.015641977
1040,1040,1040,4.2,HRS008,91.13374864,91.92040111,12,132.7193,34.6107,133.425,35.191,3.419,0.010869565,0.512025548,22:17:00,22:17:27,512,341,228,137,-5.839923766,0.082533906,0.052901559,0.744148892,0.064009618,1.86E-07,2.80E-05,0.072718101,0.081126492,0.157715376,0.009944769,0.000646678,0.757080679,242,288,180,245,298,0.0004084,3.02E-05,0.00048969,3.55E-05,0.004034543,0.000336149,0.013135679
1041,1041,1041,4.2,HRS009,130.2339449,130.7856276,12,132.2794,34.4926,133.425,35.191,4.733,1.5,2.730003665,22:17:00,22:17:39,583,389,249,163,-5.366763106,0.210427319,0.089268263,1.246279904,0.561548535,1.50E-05,7.95E-05,0.473687499,18.68981604,8.998842622,0.014702591,0.00476747,0.439007167,70,29,230,292,299,0.008039749,0.000292093,0.012283973,0.000609189,0.016394056,0.000620145,0.033490548
1042,1042,1042,4.2,HRS011,71.4262694,72.4272874,12,133.2362,34.5676,133.425,35.191,2.968,0.1875,0.741219182,22:17:00,22:17:22,789,526,330,221,-3.793916637,0.087373414,0.098313376,1.27665136,0.185764812,1.34E-06,9.66E-05,0.21562495,2.273535398,1.451464225,0.020932963,0.001317949,1.505328433,60,93,74,58,32,0.000471895,3.79E-05,0.000520926,3.34E-05,0.000494125,2.80E-05,0.013905911
1043,1043,1043,4.2,HRS012,105.3162629,105.9977133,12,132.7422,34.4276,133.425,35.191,4.05,1.5,2.588985364,22:17:00,22:17:31,506,337,176,111,-5.236211292,0.149973492,0.066581615,0.879329311,0.382296795,7.36E-06,4.33E-05,0.222461732,0.021239539,0.573826225,0.014306152,0.003518324,0.599360608,297,216,289,284,287,0.009875323,0.000272702,0.007392045,0.000186994,0.020634188,0.000706746,0.023869023
1044,1044,1044,4.2,HRS017,92.90904346,93.68078969,12,133.0832,34.404,133.425,35.191,5.707,1.5,1.85093281,22:17:00,22:17:28,1146,764,382,191,-4.46786354,0.067021971,0.084255136,1.037516857,0.37746453,6.16E-06,7.10E-05,0.431874263,1.150205303,0.486439355,0.017935878,0.002215362,1.681455202,56,67,74,58,32,0.013368106,0.000387078,0.013087284,0.000508547,0.010352197,0.00027273,0.010666878
1045,1045,1045,4.2,HRS021,38.54998115,40.37450987,12,133.1171,34.9529,133.425,35.191,18.361,0.05,0.094771571,22:17:00,22:17:08,690,460,230,141,-0.84287031,0.047860736,0.32215304,3.497886397,0.065272079,2.36E-07,0.001037612,2.229966637,1.719056913,0.623986613,0.071981157,0.000801012,9.449728216,156,165,172,157,180,0.000652345,3.82E-05,0.001245815,0.00010883,0.000546817,3.71E-05,0.007617273
1046,1046,1046,4.2,HYG011,84.84507291,85.68947658,12,134.3228,34.9848,133.425,35.191,3.865,0.01,1.267829919,22:17:00,22:17:25,551,367,184,105,-5.026663426,0.058020188,0.056372982,0.762016329,0.178219917,1.29E-06,3.17E-05,0.098117697,0.111317284,0.191720917,0.010507596,0.001125744,1.137899969,81,98,126,4,46,0.000560587,3.42E-05,0.000751429,5.23E-05,0.000493412,2.15E-05,0.0092342
1047,1047,1047,4.2,HYG016,100.400423,101.1150084,12,134.39,34.7551,133.425,35.191,3.479,1.5,2.480820815,22:17:00,22:17:31,251,168,101,58,-6.024368516,0.165219636,0.060305325,0.845483345,0.337039794,5.65E-06,3.63E-05,0.160101361,0.232619256,0.597256999,0.010680615,0.002791134,0.406176183,257,218,298,253,299,0.007812619,0.000201778,0.006574356,0.000390791,0.009800748,0.000452146,0.026295522
1048,1048,1048,4.2,HYG026,151.7770846,152.2507255,12,134.7925,34.4149,133.425,35.191,3.728,1.5,2.694541545,22:17:00,22:17:44,645,430,215,131,-7.456863536,0.179760969,0.037734575,0.557942301,0.236190532,2.61E-06,1.42E-05,0.092722867,10.37322472,5.960907635,0.005219297,0.002020332,0.18243009,98,286,8,66,299,0.002971379,0.000102777,0.006040211,0.000361966,0.006526089,0.000335701,0.028609847
1049,1049,1049,4.2,KGW001,106.0117093,106.6887178,12,134.2814,34.5466,133.425,35.191,3.934,1.5,2.396435369,22:17:00,22:17:31,431,287,179,106,-5.57621579,0.12348422,0.079066247,1.103934469,0.449308332,9.07E-06,6.23E-05,0.595963876,0.236243191,0.80307131,0.012133146,0.00356068,0.617364747,123,53,41,33,288,0.007115704,0.000301975,0.01235593,0.000510119,0.016580989,0.000784781,0.019653124
1050,1050,1050,4.2,KGW002,113.8488934,114.4795638,12,134.3139,34.4727,133.425,35.191,13.506,0.011406844,1.119044792,22:17:00,22:17:33,491,328,164,114,-4.897042264,0.08099879,0.072020479,0.979836552,0.180945829,1.64E-06,5.18E-05,0.157697119,0.189929783,0.064667548,0.012403571,0.001340934,0.962161746,72,81,66,123,250,0.01147867,0.00018807,0.012957965,0.000311658,0.009364622,0.000243237,0.012891358
1051,1051,1051,4.2,KGW003,108.2019785,108.8653671,12,133.7896,34.2652,133.425,35.191,4.094,0.1875,1.379716534,22:17:00,22:17:32,737,491,246,169,-4.784780884,0.188788232,0.134678843,1.747065911,0.469112814,8.74E-06,0.000181311,0.437334077,1.849295897,0.354202624,0.022991746,0.002592446,0.765203415,89,233,65,115,268,0.020355456,0.000892832,0.028932601,0.001779365,0.022661957,0.000744816,0.03004658
1052,1052,1052,4.2,KGW004,109.9732772,110.6260444,12,134.0456,34.3435,133.425,35.191,4.728,0.230769231,0.618048966,22:17:00,22:17:32,214,142,98,60,-4.518850597,0.106141141,0.090448358,1.256058994,0.130791384,7.91E-07,8.18E-05,0.265303533,0.258602735,0.298808403,0.016661214,0.001105067,0.986285759,135,43,144,120,250,0.015228362,0.000415232,0.016954562,0.000662725,0.019806971,0.000957444,0.016892887
1053,1053,1053,4.2,KGW006,125.6575144,126.2291999,12,134.1856,34.2496,133.425,35.191,5.565,1.5,3.197702317,22:17:00,22:17:37,1005,670,335,321,-3.053541535,1.279213967,1.308828751,20.22684888,9.545951583,0.004419293,0.017062258,107.9688752,45.5799319,4.892735127,0.120748862,0.081167878,0.593088799,11,4,85,293,299,0.019562203,0.001467115,0.012691312,0.000937613,0.007891276,0.000357316,0.203593226
1054,1054,1054,4.2,OKY001,27.84542291,30.3210748,12,133.7314,35.1945,133.425,35.191,29.187,1.5,3.005716103,22:17:00,22:17:06,344,229,128,69,-8.290398274,0.802030907,0.061375412,0.925251868,0.41246667,8.58E-06,3.75E-05,0.244917179,0.040466557,0.409829077,0.006571026,0.003949806,0.051478032,242,150,243,297,299,0.000749993,5.23E-05,0.000402434,3.16E-05,0.001022955,6.53E-05,0.127647183
1055,1055,1055,4.2,OKY002,56.81594054,58.06936455,12,134.05,35.1787,133.425,35.191,4.935,1.5,3.2545939,22:17:00,22:17:10,1101,734,367,258,-9.287098962,0.788459147,0.050402057,0.774601166,0.377956021,6.79E-06,2.53E-05,0.150745489,0.00199459,0.009997181,0.004593601,0.003044884,0.036606137,4,85,62,280,299,0.000836117,5.51E-05,0.000503881,2.93E-05,0.000742997,4.75E-05,0.125487171
1056,1056,1056,4.2,OKY003,83.05188205,83.91433198,12,134.3386,35.1737,133.425,35.191,3.131,0.214285714,0.873208455,22:17:00,22:17:27,948,632,316,188,-5.631675751,0.088313516,0.058963663,0.806329606,0.124151413,6.71E-07,3.48E-05,0.170619913,0.127271483,0.466959206,0.010287913,0.000976121,0.731947597,134,92,68,124,134,0.010593942,0.000382339,0.01294562,0.000256194,0.01629143,0.00041489,0.014055533
1057,1057,1057,4.2,OKY004,26.84526712,29.40524387,12,133.5018,34.9579,133.425,35.191,22.765,0.010416667,0.274359619,22:17:00,22:17:06,733,488,244,161,-0.608719875,0.088516121,0.52263321,5.522230067,0.240253031,5.21E-06,0.002731291,5.801640012,36.1911744,23.70724619,0.107606135,0.005159998,7.638261627,155,177,165,153,155,0.000444801,3.63E-05,0.000408766,2.93E-05,0.000635609,4.16E-05,0.014087778
1058,1058,1058,4.2,OKY005,34.41599917,36.44805892,12,133.7317,35.0098,133.425,35.191,48.884,0.176470588,0.178159794,22:17:00,22:17:07,464,309,155,92,-2.186625642,0.051543952,0.208109942,2.391041421,0.07549651,3.46E-07,0.000430406,0.921201821,5.382810564,1.467077099,0.038895219,0.001095469,4.741310193,159,288,293,117,249,0.000396956,2.58E-05,0.000608713,3.90E-05,0.000693742,4.57E-05,0.008203475
1059,1059,1059,4.2,OKY006,54.47887938,55.78483932,12,134.005,35.0684,133.425,35.191,6.62,1.5,1.767873075,22:17:00,22:17:17,872,581,291,207,-3.960960782,0.105686469,0.115816572,1.574659851,0.500027707,1.06E-05,0.000134124,0.571611942,0.543576908,0.277108359,0.025498797,0.003160086,1.515933596,30,77,282,26,258,0.000424092,2.66E-05,0.000714662,5.73E-05,0.000545485,3.60E-05,0.016820524
1060,1060,1060,4.2,OKY007,48.70332863,50.15988656,12,133.6121,34.7807,133.425,35.191,7.084,1.5,3.198789052,22:17:00,22:17:10,512,342,183,104,-9.224581143,1.085872798,0.053074643,0.835320853,0.38761541,7.28E-06,2.81E-05,0.15907727,0.02286302,0.008520654,0.004828371,0.003243404,0.027938399,3,161,268,284,299,0.000492828,3.97E-05,0.000500713,2.61E-05,0.000480293,2.26E-05,0.172822023
1061,1061,1061,4.2,OKY008,56.32228084,57.58645083,12,133.9036,34.8701,133.425,35.191,21.234,1.5,3.177480869,22:17:00,22:17:17,707,471,266,170,-9.381607005,1.23031943,0.05384823,0.820129186,0.385838695,7.39E-06,2.89E-05,0.139444926,0.002472723,0.110420764,0.004870181,0.003261797,0.024871791,41,272,46,294,299,0.000663367,4.52E-05,0.000486481,3.11E-05,0.000719258,4.03E-05,0.195811419
1062,1062,1062,4.2,OKY009,67.92380572,68.97567241,12,134.0923,34.9176,133.425,35.191,9.84,1.5,3.160021463,22:17:00,22:17:20,602,401,201,119,-6.533396405,0.422824112,0.105233313,1.612254789,0.758028261,2.79E-05,0.000110215,0.765467084,4.252140357,6.560419026,0.010737654,0.006561954,0.159562025,121,13,14,295,299,0.001682849,9.40E-05,0.002983823,0.000221939,0.003690698,0.000250989,0.067294547
1063,1063,1063,4.2,OKY010,85.40374306,86.24267696,12,134.1884,34.7454,133.425,35.191,12.406,1.5,2.420978289,22:17:00,22:17:25,486,324,187,104,-9.714144815,0.114907161,0.010142939,0.143835354,0.056844373,1.52E-07,1.02E-06,0.007578889,0.025406055,0.01967238,0.001653981,0.000571927,0.090440559,252,267,264,278,299,0.000899618,3.35E-05,0.001326631,3.93E-05,0.002636065,4.43E-05,0.018288043
1064,1064,1064,4.2,OKY011,74.12277656,75.08785525,12,133.9067,34.654,133.425,35.191,16.074,0.130434783,1.208695111,22:17:00,22:17:22,259,172,113,67,-10.24264883,0.136158279,0.008302523,0.114839455,0.022827164,2.54E-08,6.87E-07,0.001561345,0.082712464,0.085616601,0.001217582,0.00017639,0.056186782,171,247,259,221,253,0.001314987,3.99E-05,0.001371195,5.33E-05,0.001263902,4.68E-05,0.021670263
1065,1065,1065,4.2,OKY013,76.17432311,77.11373095,12,133.5099,34.5095,133.425,35.191,6.526,0.230769231,0.425754721,22:17:00,22:17:14,678,452,226,133,-2.58031348,0.083993918,0.194584524,2.601279919,0.191433595,1.74E-06,0.00037838,0.8175235,2.144175643,2.874652906,0.042338814,0.001732789,3.167165227,58,87,61,45,36,0.000436001,2.74E-05,0.000365848,2.34E-05,0.000564531,3.37E-05,0.013368047
1066,1066,1066,4.2,OKY014,89.18763149,89.99129741,12,133.7876,34.4462,133.425,35.191,3.819,0.078947368,0.828618048,22:17:00,22:17:16,611,407,204,131,-2.658321871,0.080795555,0.162377176,1.958091032,0.303791913,4.58E-06,0.00026323,0.666028521,0.826335429,0.42178473,0.039776309,0.00238219,3.093263268,44,47,81,46,299,0.000375431,2.40E-05,0.000377704,2.14E-05,0.000393235,2.13E-05,0.012859012
1067,1067,1067,4.2,SMN002,44.94180037,46.51629199,12,133.0682,35.4714,133.425,35.191,8.354,0.01,1.709861039,22:17:00,22:17:14,184,123,81,49,-4.362028395,0.114322552,0.090996002,1.290627064,0.359720282,6.11E-06,8.25E-05,0.320404021,0.271236254,0.575563137,0.017518732,0.002727009,0.962832257,222,287,235,224,241,0.00062605,4.24E-05,0.000650475,4.83E-05,0.000738524,4.44E-05,0.018194999
1068,1068,1068,4.2,SMN003,30.20793437,32.50414279,12,133.0929,35.1795,133.425,35.191,7.85,1.5,3.233407968,22:17:00,22:17:10,544,363,181,102,-8.935080959,0.330732018,0.042489389,0.650982066,0.313110631,4.76E-06,1.80E-05,0.108498707,0.047109784,0.002209604,0.004026223,0.0026001,0.076489441,10,263,229,260,299,0.001274898,6.65E-05,0.000538431,4.17E-05,0.001011387,6.11E-05,0.052637636
1069,1069,1069,4.2,SMN004,48.85121665,50.3034926,12,132.9004,35.2881,133.425,35.191,6.112,1.5,3.141804298,22:17:00,22:17:09,438,292,157,91,-6.545011164,0.698368325,0.165461085,2.526607557,1.173941783,6.81E-05,0.000272562,1.58266005,2.280200884,4.865367845,0.016062541,0.010428818,0.14451389,4,4,4,278,299,0.002304239,0.000160652,0.002550914,0.000162053,0.003507508,0.000245942,0.111148771
1070,1070,1070,4.2,SMN008,89.71450853,90.51349645,12,132.5308,34.8523,133.425,35.191,6.228,0.011235955,0.751792974,22:17:00,22:17:26,698,465,233,159,-4.416954952,0.098426814,0.099784468,1.370798687,0.180825293,1.43E-06,9.95E-05,0.289156411,0.120392616,0.215867225,0.017174476,0.001323261,1.096351832,148,177,223,53,73,0.000462094,2.66E-05,0.000417727,1.93E-05,0.000382614,2.43E-05,0.015665114
1071,1071,1071,4.2,SMN015,30.09818104,32.40216817,12,133.1704,35.3644,133.425,35.191,4.042,3,0.387084762,22:17:00,22:17:10,995,663,462,455,-4.311555658,0.055422651,0.035120414,0.210811416,0.030776146,4.47E-08,1.18E-05,0.037535812,0.026735393,0.022281973,0.015766306,0.000312425,1.787403188,282,292,283,289,282,0.000374734,2.66E-05,0.001367176,0.000109235,0.000484853,3.43E-05,0.008820789
1072,1072,1072,4.2,SMN016,55.46930427,56.75247762,12,132.8146,35.1957,133.425,35.191,3.878,0.078947368,0.217091191,22:17:00,22:17:11,432,288,144,86,-2.332300848,0.068967482,0.179930812,2.00644486,0.080228007,3.86E-07,0.000323546,0.697265501,0.871621672,1.287704273,0.040609919,0.001224512,3.699709502,200,178,203,202,110,0.000485187,2.55E-05,0.00047471,2.38E-05,0.000425342,2.68E-05,0.010976516
1073,1073,1073,4.2,TKS001,154.2754604,154.7414543,12,134.6098,34.203,133.425,35.191,2.838,0.010169492,1.040694813,22:17:00,22:17:45,216,144,125,99,-7.716989658,0.160251579,0.032617711,0.444633681,0.083010816,2.92E-07,1.06E-05,0.027329344,0.063431515,6.596983153,0.004945884,0.000544699,0.193919503,228,135,263,54,149,0.005132884,0.000215911,0.007834347,0.000499427,0.006357714,0.000488022,0.025504831
1074,1074,1074,4.2,TTR005,44.94117351,46.51568635,12,133.8253,35.429,133.425,35.191,8.496,1.5,1.984077407,22:17:00,22:17:14,330,220,110,106,-3.243245595,0.124240012,0.160924862,1.945066424,0.786280251,2.58E-05,0.000258961,1.611513964,0.607478187,1.726137733,0.038228717,0.004717715,1.93333944,21,116,36,14,290,0.000584091,3.23E-05,0.00070426,5.68E-05,0.000497446,3.51E-05,0.019773412
1075,1075,1075,4.2,TTR006,40.12006831,41.87624483,12,133.6303,35.5106,133.425,35.191,19.076,1.5,3.251684336,22:17:00,22:17:09,457,304,228,151,-8.880408676,0.343742283,0.045612037,0.718784311,0.339072571,5.55E-06,2.07E-05,0.121179145,1.033119126,1.024708223,0.004048484,0.002760539,0.074001293,157,157,264,267,299,0.000559019,4.91E-05,0.001448061,9.10E-05,0.001542876,0.000114085,0.054708284
1077,1077,1077,4.2,TTR008,27.49203238,29.99686391,12,133.3301,35.4258,133.425,35.191,6.185,1.5,3.172438775,22:17:00,22:17:09,179,120,92,63,-6.665292961,0.744614295,0.163140214,2.499351892,1.176253626,6.76E-05,0.00026517,1.485060266,0.070608235,0.040504509,0.01592998,0.010028852,0.134419951,202,177,82,290,299,0.003242875,0.000197953,0.001365942,7.00E-05,0.001263999,5.99E-05,0.118509046
1079,1079,1079,4.2,EHM002,54.14849079,71.04969427,46,133.3074,33.9216,132.73,34.01,4.213,1.5,1.403756512,15:48:00,15:48:28,1179,786,393,248,-5.901730578,0.061443219,0.029130239,0.382426455,0.099405698,4.23E-07,8.47E-06,0.029559669,0.047433831,0.04840004,0.006040256,0.000697224,0.617676743,26,289,71,25,299,0.000385481,2.37E-05,0.000385541,3.52E-05,0.000371218,2.89E-05,0.009778992
1080,1080,1080,4.2,EHM003,33.96380961,57.17989475,46,133.0843,33.9266,132.73,34.01,6.736,1.5,3.179827846,15:48:00,15:48:25,342,228,156,105,-5.991693284,0.547504226,0.177921569,2.742533842,1.289159892,8.08E-05,0.000315376,1.979380799,0.16646507,0.105023638,0.017725081,0.011062796,0.203413899,228,297,295,285,299,0.002511224,0.000162915,0.001797166,7.44E-05,0.001970154,7.75E-05,0.087138004
1082,1082,1082,4.2,EHM009,42.43155403,62.58144116,46,132.7963,33.6324,132.73,34.01,5.514,0.053571429,0.799040263,15:48:00,15:48:26,736,491,260,187,-3.692024972,0.05764231,0.077869746,1.001434796,0.145102133,9.81E-07,6.06E-05,0.133843181,0.043621038,0.079116063,0.017068425,0.001038252,1.860509749,33,46,43,34,257,0.000446008,3.44E-05,0.000411616,3.40E-05,0.000469792,2.91E-05,0.009174059
1083,1083,1083,4.2,EHM010,62.32300774,77.46068224,46,132.6881,33.4506,132.73,34.01,2.559,0.1,0.619797551,15:48:00,15:48:30,518,345,226,152,-5.221662854,0.131120484,0.060451548,0.722600325,0.089522925,3.55E-07,3.65E-05,0.105766636,0.346674394,0.320088223,0.013630627,0.000867791,0.653168398,124,124,115,98,101,0.000599453,4.57E-05,0.000450207,2.98E-05,0.000410826,2.90E-05,0.020868473
1084,1084,1084,4.2,EHM011,68.07563857,82.16016411,46,132.4336,33.4496,132.73,34.01,5.503,1.5,3.310185237,15:48:00,15:48:31,346,231,175,118,-8.680867706,0.491330368,0.050235552,0.790429571,0.38320861,6.99E-06,2.52E-05,0.159252962,0.02004299,0.345186518,0.004695369,0.002911322,0.060044882,19,53,3,241,298,0.000880103,4.45E-05,0.000941482,6.08E-05,0.00111853,7.26E-05,0.078197657
1085,1085,1085,4.2,EHM012,88.85690857,100.0577343,46,132.5727,33.2217,132.73,34.01,2.458,1.5,2.73781225,15:48:00,15:48:37,1164,776,388,242,-5.672304132,0.190368985,0.073249105,1.010710842,0.452364748,1.02E-05,5.35E-05,0.26851226,0.054612544,0.071829922,0.013528904,0.004061086,0.446525528,255,267,292,242,299,0.008070818,0.000318971,0.010960906,0.000347293,0.012742509,0.00042621,0.030298165
1086,1086,1086,4.2,EHM016,27.22422319,53.4523931,46,132.7088,33.7658,132.73,34.01,4.651,1.5,3.236233818,15:48:00,15:48:24,297,198,156,110,-7.465183883,0.364994283,0.064399576,0.999395812,0.477999811,1.10E-05,4.13E-05,0.236547982,0.08748779,0.003089383,0.006764188,0.003849721,0.116441945,234,255,242,257,299,0.001915607,6.67E-05,0.00191744,4.47E-05,0.001001011,3.53E-05,0.058090644
1087,1087,1087,4.2,HRS003,90.02019575,101.0922136,46,132.8418,34.8143,132.73,34.01,3.042,0.010638298,0.849839715,15:48:00,15:48:37,519,346,173,103,-5.331451979,0.142641364,0.066685742,0.813312693,0.133374652,8.14E-07,4.45E-05,0.124911624,3.525081606,0.466012047,0.015148001,0.001053729,0.667251733,30,40,28,34,295,0.016240201,0.000547765,0.016569088,0.000454806,0.015814144,0.000288807,0.022702078
1088,1088,1088,4.2,HRS004,89.82937825,100.9223325,46,132.2772,34.7262,132.73,34.01,2.658,1.5,1.574459855,15:48:00,15:48:36,1407,938,469,302,-5.506442766,0.141914316,0.055113518,0.711922388,0.208717355,1.90E-06,3.03E-05,0.210774366,0.123466293,0.113787922,0.012339985,0.00162431,0.546346662,16,166,58,7,299,0.000365356,1.86E-05,0.000432871,2.48E-05,0.000428933,2.38E-05,0.022586365
1089,1089,1089,4.2,HRS005,99.13097395,109.2838048,46,133.2807,34.777,132.73,34.01,3.141,1.5,3.153342132,15:48:00,15:48:39,730,487,266,172,-5.513194035,0.317184931,0.137633332,2.117016477,0.995876578,4.74E-05,0.000188341,1.231084682,0.175852713,1.507840304,0.016850746,0.008330722,0.3338001,270,290,266,262,299,0.005214441,0.000201554,0.011419408,0.000309903,0.009651771,0.000207967,0.05048155
1090,1090,1090,4.2,HRS006,78.70752591,91.16399857,46,132.4077,34.6659,132.73,34.01,3.546,0.01,1.201639429,15:48:00,15:48:34,719,480,240,145,-5.194615733,0.11608787,0.070881186,0.933183092,0.207789687,1.84E-06,5.02E-05,0.111258933,0.941781495,0.204623587,0.014180756,0.001319685,0.767524809,56,23,46,11,256,0.000442233,3.62E-05,0.000470243,3.18E-05,0.000410864,2.89E-05,0.018475958
1091,1091,1091,4.2,HRS008,66.8020216,81.10801496,46,132.7193,34.6107,132.73,34.01,5.209,1.5,3.336378304,15:48:00,15:48:31,512,341,228,137,-10.00452042,0.485462772,0.023432621,0.3732763,0.182978047,1.54E-06,5.47E-06,0.039701859,0.064762173,0.009918417,0.002309954,0.001274664,0.029896982,7,52,197,49,299,0.000706198,3.22E-05,0.000547152,4.81E-05,0.000474031,2.89E-05,0.0772638
1092,1092,1092,4.2,HRS009,67.78548311,81.9199104,46,132.2794,34.4926,132.73,34.01,22.938,1.5,2.850271735,15:48:00,15:48:22,583,389,249,163,-2.718410951,0.253772531,0.32503467,4.335883723,2.278348703,0.000216628,0.001052694,11.51354411,5.133831244,3.173517497,0.071400587,0.013714686,1.767815914,47,21,137,10,289,0.000538031,3.66E-05,0.000424448,3.57E-05,0.000506315,3.07E-05,0.040389153
1093,1093,1093,4.2,HRS011,77.50435339,90.12726998,46,133.2362,34.5676,132.73,34.01,3.894,1.5,2.420993449,15:48:00,15:48:34,789,526,330,221,-10.23484223,0.395431369,0.014113393,0.194610907,0.070115869,2.94E-07,1.98E-06,0.005243165,0.087341314,0.497448728,0.001936265,0.000834405,0.030766183,64,4,61,290,299,0.000522127,3.38E-05,0.000875221,3.00E-05,0.001032547,5.82E-05,0.062934857
1094,1094,1094,4.2,HRS012,46.44854852,65.371765,46,132.7422,34.4276,132.73,34.01,7.705,1.5,3.183154548,15:48:00,15:48:26,506,337,176,111,-7.846220265,0.982224419,0.089775613,1.38591795,0.650620331,2.06E-05,8.03E-05,0.477217346,1.014283329,0.104112912,0.008731759,0.005584766,0.055856137,244,10,240,290,299,0.001154149,7.42E-05,0.002012646,0.000106507,0.001384677,4.92E-05,0.156325871
1095,1095,1095,4.2,HRS013,48.21159333,66.63600927,46,132.4505,34.3768,132.73,34.01,11.429,1.5,2.016792192,15:48:00,15:48:27,179,119,119,118,-8.074296367,0.132827009,0.022961744,0.328668461,0.105614989,5.40E-07,5.24E-06,0.024515268,1.525275987,0.88888577,0.003668536,0.000983486,0.173534659,253,257,254,279,299,0.002297588,0.000110881,0.002386285,0.000157089,0.002385678,0.000117855,0.021140075
1096,1096,1096,4.2,HRS014,51.85409207,69.31700271,46,132.2766,34.2869,132.73,34.01,30.577,1.5,3.193632557,15:48:00,15:48:28,278,185,160,125,-4.92351241,0.259979689,0.229890323,3.541353973,1.67419846,0.000135792,0.000525612,3.194781497,43.9883104,2.641497016,0.024016812,0.014131052,0.58043797,51,51,51,299,299,0.007965198,0.000200682,0.010086633,0.000644779,0.006270314,0.00017679,0.041377053
1097,1097,1097,4.2,HRS017,54.53744161,71.3465664,46,133.0832,34.404,132.73,34.01,21.284,0.166666667,0.38714082,15:48:00,15:48:28,1146,764,382,191,-3.569581968,0.120762473,0.091286481,1.029534444,0.075510171,3.16E-07,8.33E-05,0.248328786,0.108074773,0.160919604,0.026208341,0.00128728,1.363601297,18,26,54,22,18,0.000498576,4.42E-05,0.000754673,5.57E-05,0.000473339,3.39E-05,0.019219945
1098,1098,1098,4.2,HRS019,30.57454421,55.2340724,46,132.5647,34.2485,132.73,34.01,7.615,1.5,2.861441996,15:48:00,15:48:24,323,215,137,83,-7.362632514,0.215229634,0.038942456,0.56366334,0.251006189,3.14E-06,1.52E-05,0.049046994,0.00408322,1.395334405,0.005538594,0.001808329,0.16168783,55,76,14,76,235,0.002965411,0.000128038,0.001687792,5.52E-05,0.002845805,0.000161274,0.03425486
1099,1099,1099,4.2,KOC015,119.3129869,127.8733312,46,132.7252,32.937,132.73,34.01,2.492,1.5,3.158978588,15:48:00,15:48:45,218,145,92,53,-4.921405184,0.341219769,0.260466804,4.009270889,1.873003138,0.00017062,0.00067499,4.166254181,1.450517858,44.28701293,0.027259552,0.015895254,0.501954546,134,21,22,284,299,0.006685624,0.000343769,0.007926423,0.000323764,0.011995085,0.000715566,0.054306813
1100,1100,1100,4.2,OIT004,104.1072588,113.8170521,46,131.7378,33.5666,132.73,34.01,4.072,1.5,2.059256904,15:48:00,15:48:40,557,371,202,135,-5.440248793,0.139051353,0.071102801,0.993887554,0.330814004,5.43E-06,5.06E-05,0.188097796,0.214683821,0.736611537,0.011848652,0.003034743,0.535394137,218,249,279,201,294,0.011065373,0.000423673,0.010435653,0.000494548,0.010698048,0.000480778,0.02213071
1101,1101,1101,4.2,SMN008,95.42462382,105.9332754,46,132.5308,34.8523,132.73,34.01,3.296,1.5,1.908613857,15:48:00,15:48:38,698,465,233,159,-4.753266146,0.096760256,0.063068585,0.796532533,0.273656352,3.64E-06,3.95E-05,0.125604063,0.066216884,0.031511659,0.01479265,0.002300236,0.960569636,216,296,284,233,294,0.013714854,0.000475584,0.012740744,0.000466828,0.011832925,0.000250527,0.015399873
1102,1102,1102,4.2,SMN012,82.45628546,94.41948428,46,131.9352,34.3529,132.73,34.01,3.224,0.010344828,1.216290755,15:48:00,15:48:35,888,592,296,207,-5.633010071,0.143979655,0.042610765,0.519149885,0.127090996,6.80E-07,1.82E-05,0.043482662,0.046667724,0.045936736,0.011690484,0.000788404,0.510165672,41,46,211,39,236,0.000396552,2.17E-05,0.000438243,3.05E-05,0.000448422,2.48E-05,0.022915074
1103,1103,1103,4.2,YMG010,73.07021383,86.34382519,46,131.9822,34.2304,132.73,34.01,17.641,1.5,2.727878858,15:48:00,15:48:32,749,499,250,148,-3.125743758,0.158418852,0.148422664,1.955097644,0.999855261,4.15E-05,0.00022014,2.302932739,0.211529631,1.595113566,0.03874545,0.005919617,1.53671638,111,37,15,8,291,0.000371523,2.30E-05,0.000610146,3.82E-05,0.000635413,3.90E-05,0.025213143
1104,1104,1104,4.2,YMG013,110.1767637,119.3939666,46,131.5348,34.031,132.73,34.01,3.345,1.5,2.057357339,15:48:00,15:48:41,258,172,102,63,-6.13519868,0.138704724,0.04442488,0.617560389,0.204484311,2.11E-06,1.96E-05,0.070823486,0.170114512,0.276802025,0.009008638,0.002101684,0.408082303,229,239,231,295,299,0.00513334,0.00016242,0.009122611,0.000284435,0.010115291,0.000525987,0.022075543
1105,1105,1105,4.2,YMG016,53.97351983,70.91643563,46,132.1766,34.1699,132.73,34.01,7.95,1.5,3.398228111,15:48:00,15:48:28,309,206,241,366,-9.868480175,0.367271677,0.018502078,0.285589307,0.151693877,9.99E-07,3.42E-06,0.039238754,0.049839595,0.070513705,0.002039884,0.000919462,0.034897796,81,9,184,65,299,0.000532159,3.13E-05,0.000616789,3.76E-05,0.000752114,4.50E-05,0.058453103
1106,1106,1106,4.2,YMG017,58.19993333,74.18377342,46,132.1011,33.9649,132.73,34.01,3.452,1.5,3.204194147,15:48:00,15:48:29,177,118,74,43,-7.302706768,0.799519809,0.121181027,1.877399844,0.888549352,3.80E-05,0.000146251,0.931788314,0.061117004,0.130669509,0.011502728,0.007470381,0.090396477,82,60,3,287,299,0.002677085,0.000152928,0.00113369,5.60E-05,0.001240485,6.34E-05,0.12724753
1107,1107,1107,4.2,YMG018,36.26352156,58.5751056,46,132.3561,33.9091,132.73,34.01,5.314,1.5,2.777453241,15:48:00,15:48:25,590,393,197,98,-2.070146718,0.159827673,0.299213488,3.725089182,2.045562764,0.000174214,0.000891557,9.170661133,0.888527878,1.079821358,0.069039436,0.012233868,2.714095496,22,30,149,7,275,0.000405316,2.86E-05,0.000593415,3.75E-05,0.000454003,2.30E-05,0.025437364
1108,1108,1108,4.2,YMG019,59.37110933,75.10611575,46,132.1205,33.8388,132.73,34.01,4.004,0.130434783,0.94056054,15:48:00,15:48:30,1531,1021,618,356,-3.898680183,0.071852326,0.085210449,1.104998384,0.189390526,1.62E-06,7.25E-05,0.212046226,0.156620732,0.212383375,0.017995871,0.001569193,1.573663592,35,44,37,39,278,0.00033844,2.23E-05,0.000452509,3.23E-05,0.000472287,2.44E-05,0.011435653
1528,1528,1528,6.4,AIC004,404.4427859,407.6456391,51,136.9736,35.0634,132.705,34.123,2.956,1.5,3.20054648,15:28:00,15:28:58,456,304,249,194,-7.414047056,0.827112399,0.127002876,1.959572318,0.926324409,4.17E-05,0.000160546,1.050892338,0.453099512,4.198064275,0.012256878,0.007939314,0.093109755,4,115,3,299,299,0.002126456,0.000125733,0.001672923,7.15E-05,0.003041461,0.000249153,0.131639027
1529,1529,1529,6.4,AIC009,420.1932417,423.2769311,51,137.1464,35.0812,132.705,34.123,4.221,1.5,2.99584996,15:28:00,15:28:57,353,235,198,150,-7.513002728,0.123383105,0.028261287,0.42045991,0.194767727,1.80E-06,7.94E-06,0.051887091,0.024828116,0.081387555,0.004046702,0.001686377,0.206075019,64,3,254,44,299,0.001921368,5.53E-05,0.002204491,0.000109125,0.003881201,0.000171728,0.019637031
1530,1530,1530,6.4,AIC011,392.998468,396.2938252,51,136.8639,34.9965,132.705,34.123,4.93,1.5,3.073557014,15:28:00,15:29:00,269,180,112,64,-8.795060286,0.298053756,0.028888175,0.443483573,0.203173678,1.99E-06,8.30E-06,0.04891677,0.711829705,2.988526826,0.003685501,0.001701196,0.077692991,168,245,17,277,299,0.001393733,5.37E-05,0.00201628,0.000136507,0.003420216,0.000196703,0.047436729
1531,1531,1531,6.4,AIC012,407.125687,410.307598,51,137.0447,34.9119,132.705,34.123,2.934,1.5,3.178597949,15:28:00,15:29:00,265,176,127,88,-8.144338659,0.746852781,0.082998668,1.287985229,0.602938711,1.75E-05,6.86E-05,0.386930482,2.859295146,0.505001544,0.008204587,0.005089449,0.069024237,9,9,40,298,299,0.001645259,8.53E-05,0.003400604,0.000187019,0.002658174,0.000147871,0.118865312
1532,1532,1532,6.4,AIC015,436.6359667,439.6043305,51,137.4047,34.7549,132.705,34.123,2.153,1.5,3.214381851,15:28:00,15:29:04,459,306,248,180,-8.556973288,0.456621629,0.055164896,0.85522961,0.404056994,7.93E-06,3.03E-05,0.188113071,0.715442059,0.863746457,0.004912463,0.003301612,0.06759626,2,7,183,242,299,0.001307702,6.47E-05,0.001639826,9.72E-05,0.001465516,9.66E-05,0.072673589
1533,1533,1533,6.4,AIC017,422.5872822,425.653628,51,137.2633,34.6694,132.705,34.123,3.537,1.5,3.121069046,15:28:00,15:29:02,469,313,228,159,-7.681461341,1.138304543,0.113463028,1.729177103,0.805759263,3.16E-05,0.000128194,1.011798355,0.81927358,0.02918151,0.011540485,0.007152316,0.063700886,141,9,74,276,299,0.002104037,0.000142033,0.002177558,0.000104005,0.001266446,5.22E-05,0.181166795
1534,1534,1534,6.4,EHM001,79.34300536,94.32026558,51,133.549,33.981,132.705,34.123,64.891,1.5,3.197361036,15:28:00,15:28:10,708,472,375,297,-8.958969998,1.184742004,0.06043922,0.921885912,0.439976691,9.42E-06,3.64E-05,0.242845931,0.03530432,0.000956407,0.005746196,0.003719049,0.030474492,17,77,289,289,299,0.000919569,5.96E-05,0.000590673,4.55E-05,0.000472754,3.09E-05,0.188557546
1535,1535,1535,6.4,EHM002,59.86401074,78.64286224,51,133.3074,33.9216,132.705,34.123,207.332,0.010273973,0.818167859,15:28:00,15:28:07,1179,786,393,248,2.865235708,0.143803338,5.952852057,77.59324717,8.864758424,0.005993882,0.353494854,766.483929,23.77822534,476.8722286,0.966773675,0.122696502,42.24114854,256,258,263,222,257,0.00047116,3.44E-05,0.000651836,4.13E-05,0.000481669,3.45E-05,0.022887012
1536,1536,1536,6.4,EHM003,41.21660974,65.57292824,51,133.0843,33.9266,132.705,34.123,458.762,1.5,3.24311412,15:28:00,15:28:05,342,228,156,105,-6.016816025,0.515988227,0.183868015,2.86263029,1.367285886,8.97E-05,0.000336765,2.116927109,3.528535003,2.286584764,0.016936218,0.011203884,0.206232215,89,87,89,290,299,0.002872067,0.000159513,0.003277746,0.000212856,0.002641185,0.000173581,0.082122077
1537,1537,1537,6.4,EHM005,41.02085318,65.45006032,51,132.9141,33.7974,132.705,34.123,145.755,1.5,3.14883892,15:28:00,15:28:05,483,322,224,148,-8.04066774,1.044132855,0.077430341,1.191472065,0.552824189,1.50E-05,5.97E-05,0.372500918,0.064599324,0.009175541,0.007423945,0.004856199,0.044674414,275,247,200,276,299,0.000955933,6.52E-05,0.000467212,3.24E-05,0.0004736,3.66E-05,0.166178905
1538,1538,1538,6.4,EHM006,60.46411921,79.10063029,51,133.0082,33.641,132.705,34.123,335.085,0.010452962,0.878768836,15:28:00,15:28:08,1222,815,407,280,3.832885253,0.143404463,7.35409149,78.93295852,10.66630612,0.01056597,0.540156784,1184.0541,594.7107565,181.3300635,1.47173993,0.17180706,64.48345107,288,290,229,249,297,0.0005091,3.58E-05,0.00069357,5.34E-05,0.000477747,3.65E-05,0.022823529
1540,1540,1540,6.4,EHM008,33.76985268,61.16700868,51,132.728,33.8199,132.705,34.123,310.37,1.5,2.566513609,15:28:00,15:28:05,444,296,185,160,-7.505093521,0.959303181,0.09572952,1.347910549,0.502712287,1.53E-05,9.14E-05,0.240988918,0.437819909,0.136420845,0.01015137,0.005201307,0.066488826,206,261,264,268,293,0.002488682,0.000176387,0.001330441,7.55E-05,0.000974066,7.37E-05,0.152677843
1541,1541,1541,6.4,EHM009,55.19950765,75.15308141,51,132.7963,33.6324,132.705,34.123,284.435,0.01048951,0.981912119,15:28:00,15:28:07,736,491,260,187,3.615727629,0.175839799,5.185956977,57.59278617,7.48697008,0.006540302,0.267801068,633.4713112,336.1739354,60.57299208,1.274278896,0.180613538,45.53309592,263,274,251,274,299,0.000554651,3.87E-05,0.000315827,2.10E-05,0.000547711,3.69E-05,0.027985773
1542,1542,1542,6.4,EHM010,74.78377895,90.51858149,51,132.6881,33.4506,132.705,34.123,196.642,0.5,1.03651601,15:28:00,15:28:10,518,345,226,152,1.925755535,0.169913998,3.221751541,34.0384516,5.809129552,0.002821807,0.103689571,243.6163642,162.6504816,101.2756472,0.641913656,0.078094346,23.73708176,272,295,276,227,252,0.000410367,3.21E-05,0.000436084,3.59E-05,0.000662878,4.77E-05,0.027042653
1543,1543,1543,6.4,EHM011,78.96764744,94.00473042,51,132.4336,33.4496,132.705,34.123,197.221,1.5,3.281762477,15:28:00,15:28:10,346,231,175,118,-9.060313459,0.237639622,0.025550591,0.401771476,0.197542606,1.78E-06,6.51E-06,0.025207416,0.103958223,0.05067775,0.002821537,0.001273925,0.074601351,40,25,229,63,287,0.0009221,4.22E-05,0.001278052,4.95E-05,0.000764091,5.18E-05,0.03782152
1544,1544,1544,6.4,EHM012,100.9649789,113.1146629,51,132.5727,33.2217,132.705,34.123,194.873,0.010452962,0.697919785,15:28:00,15:28:13,1164,776,388,242,1.284523087,0.206798627,1.99860399,23.59982641,2.473900568,0.000492654,0.039929211,85.22587069,108.0952447,54.11071455,0.44429798,0.039874846,13.49915418,284,223,213,183,210,0.000532775,3.86E-05,0.000358023,2.44E-05,0.000403876,2.76E-05,0.032913024
1545,1545,1545,6.4,EHM013,97.89673006,110.3846446,51,132.1141,33.3924,132.705,34.123,138.862,3,1.034081278,15:28:00,15:28:13,1199,800,400,333,0.467243524,0.206218382,1.253912954,13.65533838,2.518597283,0.000425385,0.015704804,50.88933067,47.77471268,32.81324024,0.292387781,0.033556784,8.908646248,273,261,266,270,282,0.000313423,2.26E-05,0.000590778,3.30E-05,0.0003588,2.11E-05,0.032820675
1546,1546,1546,6.4,EHM014,132.2636014,141.7556357,51,132.5047,32.9453,132.705,34.123,153.231,0.010033445,0.745756059,15:28:00,15:28:17,614,410,237,196,-0.686699251,0.070979992,0.567058558,6.626240536,0.840408974,4.52E-05,0.003208058,7.182441151,8.497098146,1.675663635,0.109415535,0.012394482,9.685519222,292,298,259,285,299,0.000521617,4.17E-05,0.000380631,2.34E-05,0.000407512,2.53E-05,0.011296817
1547,1547,1547,6.4,EHM015,60.61158634,79.21341047,51,132.4814,33.6105,132.705,34.123,311.622,1.5,3.290005244,15:28:00,15:28:17,460,307,276,231,-8.767419128,0.379521495,0.052837238,0.836823022,0.403255887,7.63E-06,2.78E-05,0.181347029,0.019277683,0.057769518,0.004717822,0.003158987,0.078106116,4,156,21,286,299,0.001336803,4.85E-05,0.000755226,4.20E-05,0.000730862,2.76E-05,0.060402722
1548,1548,1548,6.4,EHM016,39.72037453,64.6429281,51,132.7088,33.7658,132.705,34.123,248.5,0.010169492,0.950976282,15:28:00,15:28:05,297,198,156,110,4.296852724,0.169093811,11.75185529,137.7544169,18.42634584,0.031594224,1.379202559,3223.867579,466.4878095,71.06748378,2.037471369,0.323129216,75.70833064,210,287,224,233,285,0.001170504,5.93E-05,0.000926674,5.09E-05,0.000597597,3.62E-05,0.026912116
1549,1549,1549,6.4,FKI001,390.6300548,393.9452242,51,136.1571,36.2161,132.705,34.123,3.147,1.5,2.453305657,15:28:00,15:28:57,490,327,201,117,-10.12053547,0.342728282,0.012817235,0.174186078,0.069283965,2.50E-07,1.64E-06,0.018704407,0.015663048,0.011110179,0.001585855,0.000627379,0.029073232,108,236,279,49,299,0.001139789,8.95E-05,0.000750139,6.53E-05,0.000633509,5.02E-05,0.0545469
1550,1550,1550,6.4,FKI003,385.1860846,388.5477059,51,136.2279,36.0444,132.705,34.123,3.422,1.5,2.814911477,15:28:00,15:29:43,377,251,168,101,-3.352216621,1.119426864,0.720047826,9.788048141,4.6568146,0.001040593,0.005184553,22.6691787,379.6777145,597.867569,0.094942692,0.036698985,0.532899957,276,36,46,52,279,0.04745063,0.004163359,0.095851666,0.009404862,0.104484866,0.008914482,0.178162319
1551,1551,1551,6.4,FKI005,373.0011426,376.4715825,51,136.1743,35.9067,132.705,34.123,2.608,1.5,3.098194882,15:28:00,15:29:31,466,311,216,138,-3.070683715,1.173212529,1.419272267,22.36540963,9.944007743,0.004881238,0.020075773,107.5338831,13.91114839,89.75731686,0.127969636,0.085311235,0.68534636,17,179,175,251,299,0.025993254,0.002618393,0.069566207,0.006731838,0.047645996,0.004174527,0.186722573
1552,1552,1552,6.4,FKI008,332.5136433,336.4020258,51,135.9084,35.5479,132.705,34.123,2.936,0.01010101,0.988577824,15:28:00,15:29:22,269,179,136,101,-3.026566733,0.484150009,0.597784386,8.624916731,1.294775406,8.84E-05,0.00357062,7.935563083,252.4388453,97.67405044,0.089815119,0.010905325,1.165599559,104,243,66,116,149,0.080739516,0.005813519,0.103678444,0.005882982,0.091379003,0.007681627,0.077054867
1553,1553,1553,6.4,FKI009,317.3170432,321.389337,51,135.7519,35.4965,132.705,34.123,5.404,1.5,2.875834193,15:28:00,15:29:21,210,140,107,81,-1.951263738,1.124500555,1.821064046,27.46424374,12.03568454,0.006921883,0.033041236,180.8267113,140.502123,2129.955317,0.202298112,0.105443837,1.130347619,178,295,40,261,299,0.072540223,0.00752139,0.179922307,0.016875821,0.262081959,0.02903186,0.178969822
1554,1554,1554,6.4,FKI010,301.0369179,305.3264252,51,135.551,35.4904,132.705,34.123,6.646,1.5,3.162510158,15:28:00,15:28:49,274,183,162,132,-5.908510357,0.788539939,0.193485579,2.956133833,1.382154963,9.44E-05,0.000372649,2.026308666,0.070160781,0.037338751,0.019594938,0.011939198,0.156134929,293,112,291,297,299,0.002319582,0.000153345,0.001204423,7.75E-05,0.001261186,8.57E-05,0.125500029
1555,1555,1555,6.4,FKO001,204.4737671,210.7380399,51,130.5124,33.8469,132.705,34.123,4.59,1.5,3.128071123,15:28:00,15:29:04,297,198,174,140,0.1271826,1.400756237,6.527714771,100.2834631,47.1556711,0.105094844,0.424021529,2539.316942,3170.756732,92.64846844,0.662960378,0.39317285,2.97375289,12,35,204,294,299,0.200706192,0.016865777,0.19258172,0.011322663,0.190659248,0.014953179,0.222937279
1556,1556,1556,6.4,FKO002,187.3216344,194.1401419,51,130.7053,33.8263,132.705,34.123,21.629,1.5,3.179822809,15:28:00,15:28:24,177,118,76,45,-8.677635538,0.650514208,0.04566148,0.704843999,0.331650734,5.32E-06,2.08E-05,0.119760788,0.024439818,0.030583045,0.004796976,0.002752972,0.046333022,296,271,264,277,299,0.0011048,6.09E-05,0.0006569,6.32E-05,0.000935268,5.44E-05,0.103532552
1557,1557,1557,6.4,FKO003,169.4156824,176.9256155,51,130.9014,33.8324,132.705,34.123,23.247,1.5,3.214705141,15:28:00,15:28:21,362,242,170,129,-6.561941862,1.151448073,0.297062786,4.60824379,2.181842942,0.000230026,0.000878727,5.419343045,0.005781307,6.313490323,0.027334175,0.018418302,0.149156257,2,7,2,299,299,0.003369969,0.000256796,0.000757808,3.74E-05,0.004003412,0.000338117,0.183258652
1558,1558,1558,6.4,FKO004,162.1527375,169.983853,51,131.0095,33.7388,132.705,34.123,54.295,1.5,3.233820976,15:28:00,15:28:21,405,270,239,195,-7.213582848,0.660051553,0.103746417,1.59365294,0.764501734,2.84E-05,0.00010723,0.618230764,0.410766377,1.217772059,0.009586324,0.006361577,0.091254461,47,48,48,273,299,0.001583486,9.69E-05,0.001532103,8.13E-05,0.001976201,0.000116937,0.105050467
1559,1559,1559,6.4,FKO005,192.6791191,199.3144324,51,130.6962,33.6519,132.705,34.123,48.161,0.01,1.207472751,15:28:00,15:28:24,325,217,151,99,-8.172100082,0.066374287,0.010295011,0.137307298,0.028238475,3.91E-08,1.06E-06,0.003301613,0.001417375,0.09375741,0.002481372,0.000220524,0.234893989,45,47,54,47,246,0.000587684,4.87E-05,0.000504832,2.30E-05,0.000431078,2.69E-05,0.010563796
1560,1560,1560,6.4,FKO006,220.8563459,226.6683161,51,130.3985,33.5969,132.705,34.123,11.51,1.5,3.141098144,15:28:00,15:28:51,238,159,106,63,0.777119201,1.113861284,6.016590534,90.16166839,43.1748785,0.090069254,0.360390462,2102.95971,103.5801748,3106.131499,0.671543514,0.355934129,3.788112936,286,289,21,291,299,0.173601932,0.010519842,0.156835005,0.009296724,0.274766939,0.017891272,0.177276529
1561,1561,1561,6.4,FKO007,239.4213009,244.7928906,51,130.2024,33.561,132.705,34.123,6.022,0.01,1.800467441,15:28:00,15:28:32,423,282,152,127,-2.65088825,0.267502822,0.394973768,5.122070015,1.578142105,0.000128076,0.001559753,4.175071095,1.869514645,6.284679238,0.068324845,0.012947563,1.604834144,263,246,290,260,170,0.000540431,2.79E-05,0.00050226,3.55E-05,0.000698225,4.52E-05,0.042574396
1562,1562,1562,6.4,FKO008,181.6084853,188.6336183,51,130.8539,33.5716,132.705,34.123,14.627,0.01,2.507780053,15:28:00,15:28:23,630,420,210,121,-10.41532337,0.144304451,0.00915505,0.132885146,0.050533944,1.33E-07,8.34E-07,0.004597197,0.003933993,0.009519334,0.001357506,0.000430433,0.059107416,52,153,299,126,299,0.000594473,2.70E-05,0.000541425,2.70E-05,0.000770971,2.68E-05,0.022966767
1563,1563,1563,6.4,FKO009,213.9215933,219.9169118,51,130.5163,33.4952,132.705,34.123,11.033,1.5,3.105915626,15:28:00,15:28:30,469,313,156,90,-8.518733284,0.471518579,0.039122589,0.603074632,0.272037951,3.73E-06,1.53E-05,0.07371854,0.854360513,0.185277994,0.004015314,0.002367003,0.053505765,284,2,248,285,299,0.00081703,2.62E-05,0.001422876,0.000101681,0.001043617,5.12E-05,0.075044513
1564,1564,1564,6.4,FKO010,203.6314865,209.9208953,51,130.6689,33.4235,132.705,34.123,5.521,0.01,2.67805219,15:28:00,15:28:30,920,613,307,219,-3.000153931,0.277786541,0.415017302,5.671127676,2.664394119,0.000311255,0.001713316,24.59996392,1.136688027,41.62865584,0.060701651,0.016891498,1.372995684,102,168,161,71,111,0.000318572,2.12E-05,0.000559617,4.00E-05,0.001233403,9.32E-05,0.044211101
1565,1565,1565,6.4,FKO012,197.4137633,203.8950562,51,130.7939,33.3319,132.705,34.123,10.775,1.5,3.142473384,15:28:00,15:28:26,500,333,254,226,-9.028593084,0.310659104,0.029894725,0.469284078,0.214793788,2.23E-06,8.90E-06,0.055997714,1.71829782,0.584629383,0.002902506,0.001810477,0.058704161,189,2,57,295,299,0.000825457,3.55E-05,0.001775467,0.000142369,0.001296345,7.64E-05,0.049442932
1566,1566,1566,6.4,FKO013,222.117472,227.8972824,51,130.5607,33.2252,132.705,34.123,8.571,1.5,1.794803902,15:28:00,15:28:29,612,408,230,169,-2.536262549,0.235919459,0.495115322,6.439662555,1.913190645,0.000199138,0.002440504,8.001828777,3.86365479,13.40792963,0.088699059,0.017004209,2.362300367,186,224,251,120,196,0.000466457,2.17E-05,0.000915788,6.57E-05,0.001195945,7.40E-05,0.037547748
1567,1567,1567,6.4,FKO015,238.1627662,243.5621136,51,130.4052,33.1627,132.705,34.123,27.914,1.5,3.183685025,15:28:00,15:28:36,217,145,94,56,-6.284101834,0.880755899,0.212063292,3.271864345,1.546846854,0.000115001,0.000447921,2.858340476,0.030915186,1.360820603,0.020276938,0.013082741,0.144652746,216,239,51,288,299,0.003790104,0.00018941,0.002287756,8.69E-05,0.002016807,0.000134459,0.140176655
1568,1568,1568,6.4,FKO016,242.7167811,248.0170071,51,130.4471,33.0159,132.705,34.123,6.408,1.5,3.078678235,15:28:00,15:28:35,660,440,220,137,-9.286591869,0.794677656,0.040368682,0.609796232,0.277846353,3.90E-06,1.62E-05,0.086537278,0.45027041,0.081101516,0.00426893,0.002508399,0.033752653,84,66,83,255,299,0.000989193,6.84E-05,0.001343118,6.63E-05,0.001047019,5.82E-05,0.126476877
1569,1569,1569,6.4,HRS001,102.8555253,114.8053094,51,132.9018,35.0337,132.705,34.123,151.948,0.010380623,0.371202072,15:28:00,15:28:13,591,394,197,122,0.829054358,0.128524946,1.494721717,17.21347596,1.200437625,7.79E-05,0.022310752,47.64022695,120.8108894,35.4369042,0.331297655,0.018637104,16.19611313,290,294,282,293,299,0.000486531,2.87E-05,0.000488809,3.06E-05,0.000379279,2.46E-05,0.02045538
1570,1570,1570,6.4,HRS003,77.8853023,93.09737008,51,132.8418,34.8143,132.705,34.123,130.875,0.6,0.578989767,15:28:00,15:28:10,519,346,173,103,2.601480878,0.211900524,2.950459533,33.43500683,3.409987622,0.000738087,0.086921187,187.2171524,111.6837374,76.40113511,0.849988361,0.0526107,25.20349776,251,270,250,278,299,0.000474849,3.29E-05,0.000637044,3.85E-05,0.000746873,5.14E-05,0.033725016
1571,1571,1571,6.4,HRS004,77.70698976,92.94824504,51,132.2772,34.7262,132.705,34.123,188.07,1.5,3.08324725,15:28:00,15:28:09,1407,938,469,302,-9.471932737,1.333687916,0.046566941,0.700650276,0.325834802,5.20E-06,2.16E-05,0.129499056,0.005506337,0.009483087,0.004946966,0.002945336,0.023305831,3,270,265,294,299,0.000692537,5.25E-05,0.000249447,8.33E-06,0.000422604,2.39E-05,0.212263024
1572,1572,1572,6.4,HRS005,89.86047886,103.3242743,51,133.2807,34.777,132.705,34.123,258.842,0.75,0.675526557,15:28:00,15:28:11,730,487,266,172,2.402043945,0.13065376,3.63038195,44.0384947,4.942687988,0.001515248,0.131086732,283.76233,383.8843922,138.5506562,0.651001112,0.063179357,31.30687274,214,296,281,224,208,0.000522342,3.51E-05,0.000385761,2.23E-05,0.000514374,3.74E-05,0.020794192
1573,1573,1573,6.4,HRS006,66.24478406,83.60246058,51,132.4077,34.6659,132.705,34.123,265.575,0.011320755,0.446805228,15:28:00,15:28:08,719,480,240,145,2.471780442,0.107678455,2.420804511,29.37557757,2.365701709,0.000296287,0.058591685,125.6677758,159.9758126,127.0665716,0.62504448,0.02625502,36.47220144,235,203,245,242,193,0.000410705,3.05E-05,0.000389945,2.15E-05,0.000297049,1.79E-05,0.017137558
1574,1574,1574,6.4,HRS007,73.75306198,89.66891408,51,133.0946,34.7032,132.705,34.123,100.147,0.01010101,0.975797762,15:28:00,15:28:09,1123,749,374,224,1.316350619,0.243579633,2.225028792,30.17613784,4.55744214,0.001173,0.048633801,107.8982189,62.96491097,44.02647399,0.418026488,0.051478611,10.78307677,290,245,275,299,201,0.000577035,3.92E-05,0.000389336,2.94E-05,0.000318748,2.77E-05,0.038766903
1575,1575,1575,6.4,HRS008,54.24564665,74.45528981,51,132.7193,34.6107,132.705,34.123,288.308,0.25,0.43648654,15:28:00,15:28:06,512,341,228,137,2.622976634,0.113867806,3.253725173,40.85201665,2.794799099,0.000508843,0.105439069,225.2722473,318.7591545,70.46343915,0.681094751,0.043060874,37.58256786,204,274,273,189,226,0.000876148,1.96E-05,0.00090545,6.96E-05,0.000623276,5.16E-05,0.018122624
1576,1576,1576,6.4,HRS009,56.71962808,76.27657707,51,132.2794,34.4926,132.705,34.123,831.896,0.2,0.52091409,15:28:00,15:28:06,583,389,249,163,3.997785864,0.071572889,5.844853954,71.90293279,6.492895492,0.002294175,0.333775147,816.6849862,700.9237297,217.478887,1.252839213,0.077198862,109.9832773,297,232,274,299,276,0.000527465,4.80E-05,0.000412904,2.88E-05,0.000341735,1.83E-05,0.011391179
1577,1577,1577,6.4,HRS010,60.70484713,79.2847934,51,133.0501,34.5887,132.705,34.123,290.606,1.5,3.210940466,15:28:00,15:28:07,388,258,146,80,-6.76240586,0.379413206,0.145038388,2.245007025,1.061411536,5.47E-05,0.000209518,1.244997275,6.802874202,7.027694044,0.013417927,0.009038794,0.222204494,2,3,26,290,299,0.002952158,0.00014383,0.003602774,0.000261837,0.003865538,0.000259194,0.060385487
1578,1578,1578,6.4,HRS011,69.4434007,86.15907323,51,133.2362,34.5676,132.705,34.123,110.499,1.5,2.570209829,15:28:00,15:28:08,789,526,330,221,-10.96808216,0.188756386,0.008583608,0.13303277,0.052588772,1.23E-07,7.35E-07,0.013948691,0.013938539,0.002856433,0.000912842,0.000409873,0.030386006,165,0,186,251,299,0.000760848,4.97E-05,0.000848921,4.42E-05,0.000588318,3.84E-05,0.030041512
1579,1579,1579,6.4,HRS012,34.04201317,61.31768636,51,132.7422,34.4276,132.705,34.123,273.213,1.5,3.143896005,15:28:00,15:28:04,506,337,176,111,-7.062320366,0.932121184,0.155964589,2.387341743,1.112530793,6.06E-05,0.000242137,1.559354446,1.843590808,0.023345838,0.015125531,0.009820654,0.101957252,5,6,7,289,299,0.002184897,0.000142658,0.002837964,0.00015334,0.001476527,4.51E-05,0.148351694
1580,1580,1580,6.4,HRS013,36.65532993,62.80615585,51,132.4505,34.3768,132.705,34.123,258.45,1.5,3.259919095,15:28:00,15:28:04,179,119,119,118,-6.206762452,0.171660607,0.06924009,1.082550264,0.530820611,1.29E-05,4.78E-05,0.343370658,14.75704659,1.114987541,0.008663956,0.003968513,0.317121324,43,2,260,44,299,0.002986445,0.000128446,0.007772651,0.000478775,0.003348793,0.00019788,0.027320634
1581,1581,1581,6.4,HRS014,43.40758192,66.97177143,51,132.2766,34.2869,132.705,34.123,441.307,1.5,3.164421063,15:28:00,15:28:05,278,185,160,125,-4.827928437,0.593552638,0.372642256,5.745398239,2.679440301,0.000350759,0.001382867,8.83536426,1.209922753,9.966551163,0.035746845,0.023110458,0.378406294,147,145,155,284,299,0.005223333,0.000286058,0.002573729,0.000159547,0.00526201,0.000340189,0.094466836
1582,1582,1582,6.4,HRS015,72.49587204,88.63775416,51,133.3615,34.4849,132.705,34.123,122.91,1.5,2.826737452,15:28:00,15:28:09,320,213,146,89,-4.882216818,1.307436204,0.401806002,5.960807844,2.496564793,0.000324834,0.001604907,6.87489549,0.058581679,0.534228208,0.047742837,0.02503739,0.229439181,57,48,63,289,299,0.005974467,0.000370338,0.002635561,0.00012296,0.002276238,0.000119754,0.208084935
1583,1583,1583,6.4,HRS016,55.98114974,75.72905074,51,133.1971,34.4198,132.705,34.123,120.922,3,2.226486643,15:28:00,15:28:07,865,577,288,194,-11.01410882,0.333653355,0.008219321,0.116290715,0.040619238,8.48E-08,6.75E-07,0.011354787,0.001341431,0.017155186,0.001156202,0.000334835,0.021772992,134,0,162,205,222,0.000347812,2.78E-05,0.000405722,3.31E-05,0.000596046,4.39E-05,0.053102581
1584,1584,1584,6.4,HRS017,46.73600611,69.17553229,51,133.0832,34.404,132.705,34.123,651.529,0.01010101,0.534444545,15:28:00,15:28:05,1146,764,382,191,4.007132996,0.091245755,7.303044127,99.0650643,8.813331537,0.003853954,0.532673364,1135.255555,353.3942822,606.8357938,1.423566603,0.091463078,98.02683693,254,251,297,290,297,0.00055752,4.05E-05,0.000456455,3.57E-05,0.000399256,4.06E-05,0.014522213
1585,1585,1585,6.4,HRS018,30.55145755,59.45074902,51,132.9068,34.3413,132.705,34.123,154.272,1.5,3.228730169,15:28:00,15:28:04,219,146,142,134,-7.59746873,0.883705497,0.101907826,1.568624816,0.755260244,2.73E-05,0.000103413,0.682194629,0.021506277,0.174676027,0.010630067,0.006255949,0.075580248,14,206,12,273,299,0.002094523,0.000122284,0.000842797,5.31E-05,0.001032801,6.74E-05,0.140646098
1587,1587,1587,6.4,HRS020,47.13838278,69.44801748,51,133.1693,34.3027,132.705,34.123,390.173,1.5,3.192536068,15:28:00,15:28:05,649,433,331,247,-4.884568948,0.316903781,0.244344973,3.773919521,1.789435351,0.000153457,0.000594395,4.351942077,7.389092031,7.299035208,0.023146704,0.015222369,0.458924889,92,18,70,295,299,0.004970417,0.000219854,0.003522436,0.000294971,0.00400633,0.000286489,0.050436803
1588,1588,1588,6.4,HRS021,99.7020682,111.9888495,51,133.1171,34.9529,132.705,34.123,178.12,1.5,3.208221547,15:28:00,15:28:12,690,460,230,141,-7.850040613,0.890454882,0.106412719,1.637994645,0.777223979,2.94E-05,0.000112781,0.675096604,1.354713145,0.399985268,0.009549921,0.006539911,0.067385699,10,33,22,299,299,0.001177176,8.25E-05,0.00210254,0.000169416,0.000960311,6.88E-05,0.141720296
1589,1589,1589,6.4,HYG001,230.2713618,235.8514364,51,134.45,35.6194,132.705,34.123,4.394,1.5,3.183884449,15:28:00,15:28:32,704,469,235,141,-7.546403679,0.460888676,0.07320118,1.123299872,0.529469497,1.37E-05,5.34E-05,0.355504774,2.231066338,1.132446586,0.006817657,0.004586761,0.092943494,239,223,214,273,299,0.000862411,7.45E-05,0.002029454,0.000165104,0.001444409,0.000103804,0.073352711
1590,1590,1590,6.4,HYG002,243.4565683,248.7410313,51,134.6284,35.6411,132.705,34.123,7.547,1.5,3.212576726,15:28:00,15:28:37,334,223,174,121,-7.939548381,0.318802641,0.046778898,0.719354425,0.343470902,5.70E-06,2.18E-05,0.146718142,0.031723025,1.121740759,0.004872035,0.00286984,0.096021476,243,271,244,256,299,0.001245052,5.06E-05,0.001353228,7.62E-05,0.002016453,0.000126472,0.050739016
1591,1591,1591,6.4,HYG003,247.8721477,253.0644218,51,134.8758,35.4615,132.705,34.123,4.964,0.01010101,1.232523751,15:28:00,15:28:40,639,426,213,144,-3.902801132,0.163922141,0.204230663,2.65903579,0.517786336,1.59E-05,0.000412718,1.169757006,0.900208612,1.636458291,0.034489239,0.006356955,1.321982996,261,296,220,247,261,0.000474859,2.76E-05,0.000708569,5.87E-05,0.000505814,3.87E-05,0.026089019
1592,1592,1592,6.4,HYG004,226.2584163,231.9350576,51,134.5748,35.4582,132.705,34.123,4.076,0.01010101,1.100247162,15:28:00,15:28:38,1457,971,486,353,-3.099353781,0.280046568,0.464844472,6.531560951,1.105402854,6.62E-05,0.002159186,6.35235207,2.09929635,2.788153603,0.06106335,0.010964092,1.370030514,255,287,297,291,226,0.000580796,4.02E-05,0.000593543,4.33E-05,0.000454648,3.93E-05,0.044570796
1593,1593,1593,6.4,HYG005,239.120638,244.4988334,51,134.8619,35.3407,132.705,34.123,9.165,0.01010101,0.982357317,15:28:00,15:28:33,556,371,229,149,-2.370624949,0.218956914,0.365615817,4.937842187,0.712825344,3.25E-05,0.001328266,3.105751334,2.55451029,3.587528663,0.062311211,0.009175247,1.788081862,266,277,296,265,268,0.000564179,2.66E-05,0.00096059,3.76E-05,0.000698897,6.95E-05,0.034848075
1594,1594,1594,6.4,HYG006,224.0023548,229.7347491,51,134.6652,35.3326,132.705,34.123,5.776,0.010273973,0.858772695,15:28:00,15:28:37,851,567,284,182,-2.182533986,0.213931294,0.462106898,6.206455531,0.842823075,3.99E-05,0.002133551,5.30268825,1.769301982,3.747807694,0.08115103,0.009040358,2.38341455,248,242,274,252,246,0.000460581,3.77E-05,0.000658671,4.26E-05,0.000680461,3.88E-05,0.034048223
1595,1595,1595,6.4,HYG007,204.3268839,210.5955258,51,134.5459,35.1637,132.705,34.123,5.895,0.01010101,1.124656635,15:28:00,15:28:34,1321,881,440,319,-2.895332136,0.255654465,0.344947893,4.930469926,0.845414686,3.80E-05,0.001186412,7.37262114,1.905837569,5.504037844,0.056535841,0.008508408,1.389473743,282,273,297,284,220,0.000370008,2.83E-05,0.000451546,3.57E-05,0.000554284,4.19E-05,0.040688672
1596,1596,1596,6.4,HYG008,222.0573685,227.8387037,51,134.788,35.1482,132.705,34.123,9.518,0.010273973,1.201249873,15:28:00,15:28:30,792,528,264,182,-2.880739569,0.153595687,0.254646931,3.089459422,0.6115519,2.37E-05,0.000648443,1.923333291,0.924283576,2.778289455,0.046248597,0.006768867,1.891905376,272,298,279,224,296,0.000432556,3.43E-05,0.000510096,3.78E-05,0.000495603,2.97E-05,0.024445513
1597,1597,1597,6.4,HYG009,248.3689792,253.5510793,51,135.1041,35.169,132.705,34.123,9.36,1.5,3.279095113,15:28:00,15:28:38,400,267,195,127,-7.755729215,0.429319687,0.087868219,1.379333531,0.663324504,2.10E-05,7.69E-05,0.449839583,1.075574499,0.110779832,0.00766904,0.005290775,0.112238036,111,116,23,270,299,0.001710791,7.72E-05,0.001441543,0.000102667,0.000811273,3.86E-05,0.06832835
1598,1598,1598,6.4,HYG010,249.1321674,254.2987158,51,135.1777,35.0593,132.705,34.123,5.388,0.6,1.434304686,15:28:00,15:28:38,483,322,222,163,-3.546109289,0.14456406,0.211427369,2.708626473,0.63805934,2.32E-05,0.000444655,1.300494106,0.31878327,1.083427327,0.036782396,0.006076033,1.598672643,200,223,221,278,247,0.000488662,1.99E-05,0.000815532,3.41E-05,0.000766376,5.60E-05,0.023008085
1599,1599,1599,6.4,HYG011,176.442673,183.6655026,51,134.3228,34.9848,132.705,34.123,21.555,3,1.587270437,15:28:00,15:28:24,551,367,184,105,-1.311416849,0.147235509,0.446884009,5.466071175,1.475063625,0.00012737,0.001995833,7.778196376,1.637008811,8.216086511,0.096458628,0.013210518,4.116312956,246,272,247,269,219,0.000466786,2.74E-05,0.000856169,5.65E-05,0.000373003,1.86E-05,0.023433259
1600,1600,1600,6.4,HYG012,195.0021064,201.5609623,51,134.552,34.9959,132.705,34.123,16.476,1.5,3.147479158,15:28:00,15:28:26,792,528,264,176,-8.139686183,0.190745763,0.025735426,0.400296418,0.189868692,1.65E-06,6.57E-06,0.028140029,0.02195419,0.003203917,0.003605889,0.001440975,0.118778356,186,290,296,298,299,0.001068335,7.91E-05,0.001990604,6.86E-05,0.00131079,3.54E-05,0.030358131
1601,1601,1601,6.4,HYG013,211.6669564,217.724368,51,134.7634,34.989,132.705,34.123,8.919,1.5,3.174872516,15:28:00,15:28:31,506,337,212,143,-6.445258534,0.230174527,0.095583985,1.478580969,0.694078735,2.32E-05,9.09E-05,0.596429556,1.742015346,0.989346504,0.009356424,0.00596134,0.255406822,64,70,43,271,299,0.002017027,8.45E-05,0.002554894,0.000169222,0.001889284,0.000110208,0.036633414
1602,1602,1602,6.4,HYG014,231.7669776,237.3118874,51,134.9999,35.0023,132.705,34.123,3.084,0.01010101,0.949574988,15:28:00,15:28:41,964,643,321,195,-3.697205041,0.354778247,0.295328152,4.280506794,0.570169263,1.99E-05,0.000872101,2.953754177,0.782161453,7.98951787,0.043080628,0.00644853,0.762965521,262,246,245,134,144,0.007516092,0.000330785,0.004077145,0.000145345,0.007740408,0.000324644,0.056464712
1603,1603,1603,6.4,HYG015,252.4644024,257.5641172,51,135.2713,34.9515,132.705,34.123,6.913,1.5,3.193638723,15:28:00,15:28:40,702,468,234,147,-9.345419689,0.468687308,0.035989725,0.552396862,0.259685612,3.33E-06,1.29E-05,0.063501686,0.041376707,0.053996837,0.00351675,0.002197578,0.04714527,185,9,9,263,299,0.000626545,3.68E-05,0.000510402,2.21E-05,0.000492815,3.75E-05,0.074593902
1604,1604,1604,6.4,HYG016,169.7547558,177.2503233,51,134.39,34.7551,132.705,34.123,34.01,1.5,3.152409245,15:28:00,15:28:23,251,168,101,58,-8.644556663,0.404099549,0.039835932,0.614767408,0.284783906,3.98E-06,1.58E-05,0.101087105,0.089723667,0.003430965,0.003885193,0.002403454,0.060409347,248,48,283,251,299,0.001160213,6.07E-05,0.000827573,7.26E-05,0.000915857,3.91E-05,0.064314441
1605,1605,1605,6.4,HYG017,187.4115062,194.2268587,51,134.5445,34.8593,132.705,34.123,22.682,1.5,3.27720258,15:28:00,15:28:25,926,617,309,216,-9.767239288,0.868202112,0.03461149,0.536396751,0.262434658,3.24E-06,1.19E-05,0.09498565,0.033749179,0.009612127,0.003250987,0.002118524,0.023527416,80,75,37,298,299,0.000614135,4.61E-05,0.000524935,2.56E-05,0.000609234,2.82E-05,0.138178658
1606,1606,1606,6.4,HYG018,197.2822746,203.7677498,51,134.687,34.8143,132.705,34.123,12.923,1.5,3.210905611,15:28:00,15:28:28,414,276,199,128,-7.496370739,0.926817567,0.118185802,1.825481471,0.870775562,3.63E-05,0.000139041,0.923505354,0.858904484,0.485623548,0.011347038,0.007331949,0.07692511,231,231,233,286,299,0.001565408,0.000109487,0.001612874,0.000122844,0.001544988,9.86E-05,0.147507597
1607,1607,1607,6.4,HYG019,209.5844468,215.7003485,51,134.8236,34.832,132.705,34.123,12.544,1.5,3.207895911,15:28:00,15:28:32,588,392,196,151,-6.905906804,1.101593629,0.17635601,2.7309495,1.291948831,8.08E-05,0.000309793,2.026653493,0.037747457,0.173796622,0.016137724,0.010910236,0.092045114,5,144,157,297,299,0.002092032,0.000166993,0.00088984,2.87E-05,0.000981248,6.03E-05,0.175324071
1608,1608,1608,6.4,HYG020,222.5030726,228.27312,51,134.9899,34.7976,132.705,34.123,6.944,0.01010101,1.038311195,15:28:00,15:28:36,874,582,291,236,-3.077457513,0.384354507,0.524957744,7.348324747,1.223490987,7.53E-05,0.002755801,10.55108501,2.378795079,8.60213613,0.07528102,0.012565484,1.230646675,288,275,270,278,291,0.000555562,2.81E-05,0.000340197,2.29E-05,0.000660468,3.81E-05,0.06117192
1609,1609,1609,6.4,HYG022,252.2628888,257.3665966,51,135.3499,34.7463,132.705,34.123,4.997,0.01,2.266871547,15:28:00,15:28:35,308,206,131,79,-9.815351169,0.212748216,0.011505829,0.16340756,0.060913312,1.72E-07,1.32E-06,0.003078911,0.138299088,0.293458531,0.001820851,0.000426263,0.053775991,195,118,11,145,188,0.000836478,4.99E-05,0.001912226,0.000114874,0.001168487,7.99E-05,0.03385993
1610,1610,1610,6.4,HYG023,218.4233236,224.2983466,51,134.9999,34.6444,132.705,34.123,12.001,1.5,3.209400735,15:28:00,15:28:34,429,286,200,133,-4.278909801,0.739036798,0.652663872,10.11018921,4.7863476,0.001106756,0.004241931,26.81750706,0.291256194,0.650611197,0.059855647,0.040414161,0.508884164,3,29,160,297,299,0.008290557,0.000548065,0.003133933,9.80E-05,0.002144434,0.000108582,0.11762136
1611,1611,1611,6.4,HYG024,214.751588,220.7243633,51,134.9904,34.533,132.705,34.123,11.194,1.5,3.193838866,15:28:00,15:28:30,375,250,174,111,-7.008354999,0.414188579,0.107437641,1.652003961,0.780468909,2.97E-05,0.000114943,0.758318126,0.177546191,0.220994261,0.010434678,0.006676186,0.158292667,205,168,71,292,299,0.001744903,0.0001096,0.001674596,0.000113037,0.00082658,4.84E-05,0.06592016
1612,1612,1612,6.4,HYG025,203.359611,209.6571758,51,134.9014,34.3405,132.705,34.123,11.596,3,2.113614726,15:28:00,15:28:36,528,352,196,115,-3.421651981,0.167091119,0.302872133,3.952134153,1.348502591,0.000103715,0.000916535,5.505212538,1.355997965,6.704334172,0.04977312,0.010864119,1.871635897,293,253,285,256,292,0.001223918,5.87E-05,0.00139964,5.96E-05,0.001033136,6.00E-05,0.026593378
1613,1613,1613,6.4,HYG026,194.5471467,201.12084,51,134.7925,34.4149,132.705,34.123,28.083,1.5,3.130095047,15:28:00,15:28:26,645,430,215,131,-7.744881451,1.265922141,0.098188783,1.513125399,0.699111835,2.38E-05,9.59E-05,0.624704277,0.131099216,0.527098364,0.00982694,0.006205091,0.048774314,9,299,140,294,299,0.001056006,7.86E-05,0.000683997,4.51E-05,0.00106396,8.54E-05,0.201477766
1614,1614,1614,6.4,HYG027,186.720639,193.5603189,51,134.7292,34.2499,132.705,34.123,7.961,1.5,2.57324568,15:28:00,15:28:26,1639,1093,546,403,-2.745915434,0.23410845,0.401769704,5.024933391,2.143078987,0.000270671,0.001613759,6.065031506,0.279928005,3.885782324,0.070608069,0.018505078,1.895034466,271,262,275,217,229,0.000401968,2.85E-05,0.000363453,2.20E-05,0.000428294,3.64E-05,0.037259517
1615,1615,1615,6.4,ISK014,407.7835773,410.9603946,51,136.3154,36.3028,132.705,34.123,2.762,1.5,3.219415942,15:28:00,15:29:42,147,98,79,56,-2.7145401,0.902772568,1.178551446,17.32303609,8.757094754,0.003646628,0.013889834,56.04911347,78.30106638,168.808609,0.117133402,0.0578419,0.815233979,46,71,167,83,277,0.024141211,0.002719354,0.080250778,0.007095982,0.113646679,0.012035637,0.143680717
1616,1616,1616,6.4,KGS002,314.6876709,318.7935542,51,130.3532,32.0909,132.705,34.123,3.04,1.5,2.626580129,15:28:00,15:29:28,572,381,292,218,-1.520592867,1.119413818,1.646546782,22.51435222,9.813524064,0.004694887,0.026866035,163.7095395,617.7333106,79.16592976,0.225018379,0.101764733,1.263011182,268,298,128,277,299,0.065244045,0.005542939,0.067726643,0.005333563,0.094077013,0.007163344,0.178160243
1617,1617,1617,6.4,KGS003,302.8849465,307.1486462,51,130.5874,32.0559,132.705,34.123,5.557,1.5,3.22265297,15:28:00,15:28:48,307,205,139,85,-7.014522823,0.535334079,0.114052634,1.776422179,0.840364987,3.41E-05,0.000129622,0.838572056,0.132509222,0.499904162,0.010314116,0.00703902,0.121056188,198,127,207,297,299,0.00160829,9.32E-05,0.00131811,4.91E-05,0.001801275,9.69E-05,0.085201065
1618,1618,1618,6.4,KGS004,331.2959013,335.1984102,51,130.1927,32.0145,132.705,34.123,3.992,0.010067114,1.879404326,15:28:00,15:29:12,235,156,99,57,-3.299839793,0.602849809,0.665952991,9.847619172,2.86970146,0.000395106,0.004416038,19.6967236,126.0916515,33.7376823,0.080443589,0.025877228,0.838421058,233,242,164,291,299,0.04645489,0.005326415,0.126639345,0.010531574,0.16096365,0.016153595,0.095946527
1619,1619,1619,6.4,KGS005,324.3668128,328.3516853,51,130.4513,31.9006,132.705,34.123,5.148,1,1.679676286,15:28:00,15:29:19,657,438,244,170,-1.771489029,0.629073416,1.070333916,15.1712237,4.087375029,0.000818276,0.011450075,52.81459858,1112.128048,907.8931549,0.161034059,0.032374862,1.608408185,130,270,266,138,206,0.082340071,0.007268663,0.142563155,0.009663028,0.102978144,0.009117994,0.100120144
1620,1620,1620,6.4,KGS006,309.2521959,313.4292913,51,130.7021,31.906,132.705,34.123,3.833,1.5,2.770593797,15:28:00,15:29:03,374,249,177,112,-2.094121185,0.596123194,1.027462069,13.88681926,6.264423007,0.002048674,0.01053627,55.61133127,15.48235141,11.13852124,0.135712351,0.061744447,1.430418839,35,286,273,274,299,0.045202351,0.003672588,0.081484855,0.006323229,0.063208398,0.002202874,0.094875953
1621,1621,1621,6.4,KGS008,329.5442758,333.4672843,51,130.5699,31.7621,132.705,34.123,4.58,1.5,2.597383124,15:28:00,15:29:07,425,283,212,154,-2.175642563,1.273995861,1.300344639,17.43976474,7.21583806,0.002874914,0.016823354,65.48244492,479.1865593,129.6919795,0.181206062,0.079083538,0.893685218,263,170,184,281,299,0.050845027,0.003798655,0.060378027,0.003761346,0.05894652,0.004594727,0.202762739
1622,1622,1622,6.4,KGS009,321.4000949,325.4212977,51,130.7613,31.7368,132.705,34.123,7.283,1.5,3.114212618,15:28:00,15:28:50,267,178,141,100,-7.473700629,0.534043703,0.076252552,1.136953205,0.542841217,1.42E-05,5.79E-05,0.348430988,0.481857182,0.837899574,0.008630265,0.004500256,0.101537671,209,44,49,284,299,0.003292441,0.000138534,0.002942935,0.000158212,0.003328722,0.000184555,0.084995695
1623,1623,1623,6.4,KGS010,351.2089409,354.8925474,51,130.2735,31.7123,132.705,34.123,3.635,1.5,3.0648948,15:28:00,15:29:14,337,225,170,115,-2.60087925,1.035051978,1.145975748,16.52323031,7.818576823,0.003108526,0.01306421,78.383464,24.41217103,35.06059326,0.124495419,0.068140522,0.755737686,51,161,284,63,299,0.033987999,0.00232803,0.045844621,0.003177605,0.060256608,0.004933873,0.164733639
1624,1624,1624,6.4,KGS013,323.1258564,327.125846,51,130.9938,31.5973,132.705,34.123,3.116,1.5,2.28527816,15:28:00,15:29:18,427,285,166,96,-3.338161063,0.479706575,0.49606329,7.256764931,2.837971322,0.000325032,0.002457012,5.708916844,150.1734381,183.3130229,0.061726801,0.015837472,0.80849617,115,99,34,134,269,0.041912813,0.003405464,0.056004887,0.004231653,0.034820888,0.002641972,0.076347673
1625,1625,1625,6.4,KGS014,347.0272283,350.7547536,51,130.6999,31.496,132.705,34.123,3.722,0.010033445,1.396980334,15:28:00,15:29:25,309,206,152,100,-3.088813889,0.674352642,0.789412538,11.11244012,2.272453143,0.000308016,0.006230921,26.35091046,125.0576722,157.6193826,0.105826126,0.025513321,0.986019949,199,191,274,186,198,0.065869936,0.005743534,0.092810972,0.007866329,0.057933401,0.005474116,0.107326556
1626,1626,1626,6.4,KGS015,338.6944141,342.5126365,51,131.011,31.4304,132.705,34.123,7.211,1.5,2.365633131,15:28:00,15:29:26,333,222,157,99,-1.802541508,0.303652723,1.014207432,14.89283421,5.099971092,0.001453969,0.010256995,30.42165135,564.797203,8138.130676,0.117476965,0.043634998,2.430834584,73,278,59,18,256,0.085978119,0.005788055,0.141071011,0.009548902,0.141552035,0.009595284,0.048327832
1627,1627,1627,6.4,KGS018,366.2126131,369.7467755,51,130.5449,31.3757,132.705,34.123,3.743,1.5,3.263687171,15:28:00,15:29:15,350,234,175,117,-0.977047373,1.360863606,3.647457762,56.78651243,27.3299059,0.035767804,0.13256686,781.8377514,13.95510022,12.17051158,0.309151434,0.217939422,1.427369899,6,283,122,269,299,0.065525935,0.00397594,0.096504337,0.005185208,0.076723591,0.008111352,0.21658817
1628,1628,1628,6.4,KGS020,381.6963784,385.0884643,51,130.4915,31.2396,132.705,34.123,2.01,1.5,2.224509707,15:28:00,15:29:32,350,234,147,84,-2.963387181,0.761209203,0.911908597,13.99521554,4.680875966,0.001037439,0.008276634,57.02680603,62.4321052,94.94281368,0.100643911,0.040565774,0.8307366,138,130,209,293,299,0.038054116,0.004092689,0.063633083,0.006494625,0.055075328,0.004581515,0.121150207
1629,1629,1629,6.4,KGS022,351.9464147,355.6223824,51,131.0504,31.2804,132.705,34.123,2.921,1.5,2.937560436,15:28:00,15:29:16,400,267,143,79,-3.445961848,0.545468242,0.54291229,7.931105362,3.657298459,0.000642921,0.00294133,22.29011913,27.96018711,9.192195864,0.063259789,0.027634197,0.728682165,212,257,55,113,299,0.024596261,0.002406696,0.029687159,0.002259973,0.023247942,0.001072029,0.086813967
1630,1630,1630,6.4,KGS023,368.6244901,372.1357477,51,130.849,31.199,132.705,34.123,4.319,1.5,2.96003098,15:28:00,15:29:05,267,178,123,76,-3.493342546,0.273213988,0.401037276,5.969273465,2.677858384,0.000355576,0.001602136,11.17961643,301.1115023,60.05878473,0.051224445,0.022827522,1.178024163,186,246,274,270,285,0.03002669,0.001215705,0.036398458,0.002829118,0.042511404,0.002036353,0.043483357
1631,1631,1631,6.4,KGW001,152.2137696,160.5304695,51,134.2814,34.5466,132.705,34.123,39.002,1.5,1.76381015,15:28:00,15:28:20,431,287,179,106,-0.593912446,0.141933493,0.67938502,8.102550132,2.463570178,0.00036344,0.004612,15.74489104,10.78650601,13.11364198,0.140121591,0.023155539,6.202975089,248,288,299,279,283,0.000463084,3.63E-05,0.00043274,3.15E-05,0.000442566,2.84E-05,0.022589417
1632,1632,1632,6.4,KGW002,152.8217502,161.1070679,51,134.3139,34.4727,132.705,34.123,44.224,1.5,1.964341854,15:28:00,15:28:20,491,328,164,114,-0.58733443,0.091385588,0.616138444,7.181757993,2.453325263,0.000365969,0.003744293,14.66825603,3.969781142,14.94096147,0.124124757,0.024115837,8.534155805,298,296,288,292,249,0.000383953,2.15E-05,0.000471504,2.08E-05,0.000529452,2.87E-05,0.014544468
1633,1633,1633,6.4,KGW003,100.9994264,113.1454114,51,133.7896,34.2652,132.705,34.123,118.086,0.01,2.010263482,15:28:00,15:28:13,737,491,246,169,1.286635197,0.134610415,1.533919407,19.34049516,6.141143009,0.002395798,0.02340475,99.2353228,25.71929109,200.6585524,0.285412556,0.058685597,13.32214886,211,269,277,194,277,0.000618219,5.26E-05,0.00044851,1.84E-05,0.000380049,3.79E-05,0.021423913
1634,1634,1634,6.4,KGW004,125.6567315,135.6119987,51,134.0456,34.3435,132.705,34.123,69.848,1.5,3.226322271,15:28:00,15:28:16,214,142,98,60,-7.466487109,0.819112293,0.13382319,2.075841071,0.984536161,4.70E-05,0.000178353,1.02331634,0.335531389,0.482152509,0.012113874,0.008199906,0.092922201,109,109,109,299,299,0.001878921,0.000117636,0.001149713,7.09E-05,0.001488625,9.01E-05,0.13036577
1635,1635,1635,6.4,KGW005,85.65479288,99.68823172,51,133.6354,34.1138,132.705,34.123,112.958,1.5,3.155912218,15:28:00,15:28:11,272,181,115,67,-7.78085248,0.763716048,0.076845918,1.163727534,0.548781482,1.48E-05,5.88E-05,0.38123637,0.284075968,0.0606262,0.007610901,0.004787619,0.062615812,287,158,224,298,299,0.001513491,8.07E-05,0.001157198,5.77E-05,0.000840855,3.94E-05,0.121549184
1636,1636,1636,6.4,KGW006,136.9130726,146.103352,51,134.1856,34.2496,132.705,34.123,51.625,1.5,2.002198966,15:28:00,15:28:17,1005,670,335,321,-0.159170619,0.16185327,1.055648815,13.12757691,4.026549966,0.00112264,0.011055684,32.82290594,2.820158208,36.14239397,0.200728895,0.048697638,7.792347013,198,206,211,248,281,0.000435,1.92E-05,0.000538944,2.68E-05,0.000651961,4.27E-05,0.025759748
1637,1637,1637,6.4,KGW007,156.44024,164.5434553,51,134.4009,34.2271,132.705,34.123,23.961,1.5,2.757312588,15:28:00,15:28:20,541,361,256,173,-9.405177473,0.101413048,0.013639708,0.205069552,0.088900698,3.58E-07,1.86E-06,0.004753241,0.004359564,0.352490381,0.00168695,0.000582964,0.104517344,21,36,178,24,266,0.001193478,5.78E-05,0.000890065,3.56E-05,0.003064076,0.000234868,0.016140388
1638,1638,1638,6.4,KGW008,112.3041089,123.3418537,51,133.9243,34.1644,132.705,34.123,85.72,0.01,1.231886946,15:28:00,15:28:14,769,513,274,212,1.723650432,0.130868023,2.474073128,30.36619289,5.412397298,0.002341212,0.060905809,166.4341783,31.26705795,113.5168401,0.472209354,0.077944567,22.67153425,174,259,235,260,286,0.000400497,2.32E-05,0.000463936,2.92E-05,0.00067571,3.24E-05,0.020828293
1639,1639,1639,6.4,KMM001,188.0750819,194.8672277,51,131.0687,33.1208,132.705,34.123,5.3,1.5,3.160547959,15:28:00,15:28:54,562,375,187,106,-0.646730844,0.910891865,3.546837295,54.34629278,26.50903849,0.031726384,0.125387875,494.6272231,395.0790223,808.6912759,0.35344532,0.173093479,2.438008866,276,19,82,216,242,0.139864956,0.014129693,0.104701818,0.008714149,0.095112016,0.007442377,0.144972943
1640,1640,1640,6.4,KMM002,223.8715357,229.6071961,51,130.6846,33.0185,132.705,34.123,12.708,1.5,2.855517983,15:28:00,15:28:55,492,328,164,120,0.244194747,0.642360815,4.073285443,61.39934089,26.14941664,0.03405441,0.164878225,807.4999908,4072.332096,695.9424358,0.505527923,0.234097321,4.944768648,196,9,57,262,299,0.235833749,0.016029858,0.291837364,0.023160115,0.211701815,0.018892755,0.102234899
1641,1641,1641,6.4,KMM003,239.7369361,245.1016086,51,130.5477,32.9336,132.705,34.123,16.537,1.5,3.229282006,15:28:00,15:28:31,333,222,150,91,-5.297964374,0.595442788,0.2350315,3.65723024,1.738107322,0.000145413,0.000550491,3.306870704,1.936999599,0.049810214,0.023375052,0.014348323,0.246656412,247,229,195,286,299,0.003891134,0.000197277,0.003029791,0.000168994,0.003240258,6.85E-05,0.094767663
1642,1642,1642,6.4,KMM004,197.6964381,204.1687578,51,131.1214,32.932,132.705,34.123,34.325,1,0.940971959,15:28:00,15:28:25,356,237,139,81,0.194144584,0.187715219,1.302559659,17.16247058,2.7218856,0.000378937,0.016895599,48.56726373,6.514568355,32.7290253,0.258901415,0.024014587,8.665922626,289,255,281,265,114,0.000745951,4.06E-05,0.000774144,6.79E-05,0.001446552,8.58E-05,0.029875805
1643,1643,1643,6.4,KMM005,218.9472229,224.8085551,51,130.8774,32.8761,132.705,34.123,7.683,1.5,3.218447097,15:28:00,15:28:34,569,380,190,129,-6.335774807,0.651402741,0.157230091,2.444081122,1.154302355,6.46E-05,0.000246388,1.415893039,0.692108432,0.672972863,0.014599124,0.009589609,0.140817645,251,100,135,294,299,0.002264287,0.000139522,0.002352937,7.78E-05,0.003236369,0.000107807,0.103673966
1644,1644,1644,6.4,KMM006,232.9947936,238.5111608,51,130.7696,32.7875,132.705,34.123,10.464,1.5,3.177074691,15:28:00,15:28:30,296,198,142,98,-7.667700437,0.258777436,0.055936363,0.855303459,0.40352673,7.97E-06,3.12E-05,0.167173265,0.177865993,3.162919689,0.005867663,0.003336532,0.142468432,200,214,292,281,299,0.001807,6.59E-05,0.002718543,6.75E-05,0.003175001,0.000169004,0.041185708
1645,1645,1645,6.4,KMM007,205.7072485,211.9350658,51,131.1226,32.8267,132.705,34.123,59.905,1,2.593823513,15:28:00,15:28:26,384,256,145,80,-9.366568658,0.276340555,0.017005348,0.250270501,0.110972225,4.93E-07,2.89E-06,0.036984948,1.068827099,1.206941269,0.002411625,0.000636155,0.054833379,235,46,180,48,84,0.00130757,6.32E-05,0.002691024,0.000215477,0.002211314,0.000132844,0.043980965
1646,1646,1646,6.4,KMM008,248.1135692,253.3008946,51,130.6582,32.6878,132.705,34.123,15.369,1.5,3.172425531,15:28:00,15:28:38,272,181,132,85,-6.904281606,0.376218103,0.101272523,1.560577387,0.731477876,2.61E-05,0.000102184,0.584913452,13.15338627,0.010369104,0.009635651,0.0062143,0.160924151,87,4,100,277,299,0.003127966,8.27E-05,0.005460795,0.000403016,0.001649644,4.54E-05,0.059876971
1647,1647,1647,6.4,KMM009,225.6320839,231.3240958,51,130.9892,32.6856,132.705,34.123,30.999,0.125,0.884140471,15:28:00,15:28:29,452,301,173,95,-1.568721965,0.127881754,0.542442002,6.764280117,1.053098721,5.82E-05,0.002941503,9.250657557,18.16319059,7.677150472,0.100868596,0.009848557,4.955953922,240,161,254,105,161,0.000402587,2.42E-05,0.000569644,3.70E-05,0.000579571,3.80E-05,0.020353013
1648,1648,1648,6.4,KMM010,265.6542274,270.5053946,51,130.4874,32.6136,132.705,34.123,5.506,1.5,3.19698769,15:28:00,15:28:48,239,160,96,54,-3.392366199,0.678037994,0.816696061,12.50024902,6.102282344,0.00172358,0.006657471,46.69026941,6.689683288,2.910240406,0.081924783,0.040871718,0.759173667,280,292,201,207,299,0.031967036,0.00140952,0.025116929,0.00268645,0.021609911,0.001596312,0.107913098
1649,1649,1649,6.4,KMM011,239.2462679,244.6217012,51,130.8652,32.6167,132.705,34.123,20.52,1.5,3.170753001,15:28:00,15:28:31,325,217,128,78,-6.271926593,1.051275888,0.20110966,3.102852721,1.451235391,0.000102553,0.000402702,2.597411141,1.19237914,0.300436501,0.019541958,0.012523217,0.116796879,243,11,245,287,299,0.003477059,0.000174196,0.003584762,0.00015982,0.004281298,0.00018064,0.167315754
1650,1650,1650,6.4,KMM013,282.6234815,287.1881479,51,130.5099,32.365,132.705,34.123,2.775,1.5,3.177799652,15:28:00,15:29:09,592,395,197,204,-1.713214715,0.957534987,1.969062788,28.24079171,14.16320828,0.009889238,0.038660683,232.9322521,6.854653884,120.0029312,0.197060801,0.107581579,1.293080195,201,224,198,216,299,0.094656352,0.00555012,0.050194676,0.003939099,0.062873917,0.00433704,0.152396426
1651,1651,1651,6.4,KMM014,259.4811542,264.4455887,51,130.8244,32.3987,132.705,34.123,11.994,1.5,3.170045152,15:28:00,15:28:35,865,577,330,182,-7.809962748,0.674653882,0.082722323,1.282295927,0.598334225,1.73E-05,6.81E-05,0.426123434,0.228289438,0.241827088,0.00808785,0.005146223,0.075323754,82,150,272,298,299,0.001763575,6.20E-05,0.001315624,6.67E-05,0.002290216,7.20E-05,0.1073745
1652,1652,1652,6.4,KMM015,301.3182623,305.6038206,51,130.4046,32.2161,132.705,34.123,6.652,1.5,3.096917272,15:28:00,15:29:02,423,282,158,88,-2.053453644,1.154619413,1.689599676,25.07828659,11.82460282,0.006894737,0.02838038,186.9217567,17.88219061,95.22948968,0.182806133,0.101829943,0.994790832,137,83,280,299,299,0.050874227,0.003657617,0.052293617,0.004019362,0.076279686,0.004073534,0.183763387
1653,1653,1653,6.4,KMM016,280.756917,285.3514437,51,130.7257,32.2175,132.705,34.123,4.652,1.5,3.201474943,15:28:00,15:28:48,324,216,135,81,-3.205896679,0.707807087,0.678507087,10.55374234,5.07749758,0.001191467,0.00458925,28.2043694,10.03104802,4.455689696,0.078241432,0.040359939,0.694547177,280,294,294,292,299,0.022592539,0.001282206,0.013896969,0.000445966,0.012086172,0.000685652,0.112650997
1654,1654,1654,6.4,KMM017,265.5215581,270.3751058,51,130.9257,32.2561,132.705,34.123,8.343,1.5,1.789157388,15:28:00,15:28:43,452,301,219,142,-3.759338894,0.335709751,0.326669068,4.313034015,1.175328612,8.62E-05,0.001062823,3.706764217,8.652112557,3.090911882,0.044851587,0.015555014,0.839447852,175,231,286,281,299,0.000668695,4.60E-05,0.000779691,5.52E-05,0.001013076,7.07E-05,0.053429866
1655,1655,1655,6.4,KMM019,297.8387781,302.173688,51,130.1938,32.4589,132.705,34.123,2.12,0.01,2.550046919,15:28:00,15:29:27,694,463,296,179,-2.582656574,1.21874483,1.528430238,21.30933128,8.455478314,0.003837567,0.023298036,74.8924573,195.4116914,35.28142645,0.17304596,0.071073362,0.892130824,200,242,81,171,193,0.040458792,0.003802282,0.12036527,0.008531346,0.092113914,0.007898916,0.193969264
1656,1656,1656,6.4,KOC001,159.9639896,167.8972244,51,134.2814,33.5275,132.705,34.123,56.407,1.5,3.178175919,15:28:00,15:28:20,501,334,181,115,-8.954388587,0.615322354,0.038677609,0.602218233,0.284286837,3.81E-06,1.49E-05,0.140505081,0.021043247,0.017783273,0.00386557,0.002461373,0.039472149,260,261,261,293,299,0.000565,3.88E-05,0.000546489,3.64E-05,0.000445073,3.90E-05,0.097931594
1657,1657,1657,6.4,KOC002,163.9787082,171.7265755,51,134.1681,33.2903,132.705,34.123,49.138,1.5,2.278903728,15:28:00,15:28:25,374,249,185,181,-9.356112055,0.225328638,0.013033549,0.158497734,0.063467565,2.23E-07,1.70E-06,0.003889526,0.137436958,0.069194963,0.002160858,0.000603819,0.060254539,196,122,13,208,249,0.001144722,6.24E-05,0.001414236,7.36E-05,0.000948664,6.32E-05,0.035862167
1658,1658,1658,6.4,KOC003,130.7864101,140.378364,51,133.9068,33.5014,132.705,34.123,67.845,1.5,3.197993589,15:28:00,15:28:16,327,218,153,96,-6.495845351,1.183696935,0.243898437,3.773190551,1.778889534,0.000153471,0.000592423,3.603351499,0.219759324,0.153799192,0.02258481,0.015091907,0.119882499,157,289,98,286,299,0.003248234,0.000198931,0.001386785,0.000105384,0.001040295,3.00E-05,0.188391218
1659,1659,1659,6.4,KOC004,118.0581041,128.6029391,51,133.8771,33.6975,132.705,34.123,95.753,0.01,1.939649077,15:28:00,15:28:16,450,300,215,137,0.045514161,0.154510875,1.660054365,18.67331332,6.125343725,0.00262622,0.027557795,94.73633061,14.04598654,49.74548586,0.316908188,0.07327969,12.88707263,290,284,291,211,228,0.000508393,3.83E-05,0.000659507,3.65E-05,0.000470409,2.33E-05,0.02459117
1660,1660,1660,6.4,KOC005,108.5150032,119.902068,51,133.6921,33.5934,132.705,34.123,65.312,3,1.026263189,15:28:00,15:28:14,437,291,183,105,-4.87289534,0.453186559,0.105449871,0.796025371,0.162017279,2.92E-06,0.000109597,0.438751904,0.068177316,0.211025399,0.027421526,0.003753818,0.380184547,290,289,276,275,288,0.000496239,4.09E-05,0.000605447,3.23E-05,0.001124363,7.63E-05,0.072126881
1661,1661,1661,6.4,KOC006,95.94404105,108.6566105,51,133.4165,33.4945,132.705,34.123,100.582,1.5,3.193673303,15:28:00,15:28:12,375,250,125,80,-6.29787428,0.723596408,0.151898467,2.333288819,1.106262122,5.94E-05,0.00022996,1.416209561,0.218289829,0.046914263,0.016583943,0.009401531,0.144002904,259,298,289,293,299,0.002942132,0.000134491,0.003295489,0.000108375,0.002785406,0.000105791,0.115163945
1662,1662,1662,6.4,KOC007,98.3279287,110.7672405,51,133.5271,33.5611,132.705,34.123,91.751,0.333333333,1.436374155,15:28:00,15:28:12,242,161,212,581,-10.10072917,0.264228799,0.015039591,0.216595098,0.048112364,1.18E-07,2.26E-06,0.007559574,0.010975265,0.006806397,0.002010894,0.000371723,0.047817732,147,124,285,14,269,0.001628687,0.000134225,0.000762107,4.18E-05,0.001181539,7.33E-05,0.04205332
1663,1663,1663,6.4,KOC008,70.65230771,87.13637923,51,133.3465,33.7758,132.705,34.123,319.477,0.010067114,0.83253913,15:28:00,15:28:08,1376,917,459,264,3.143868672,0.134845341,5.03162087,69.65428775,9.449046768,0.004436316,0.252681157,886.0396021,300.4969827,920.1025055,0.969919255,0.087119905,45.19386716,239,212,254,210,239,0.000410606,2.59E-05,0.000422562,2.71E-05,0.000553198,4.59E-05,0.021461303
1664,1664,1664,6.4,KOC009,74.71411295,90.46103401,51,133.1718,33.5742,132.705,34.123,240.59,1,0.700177445,15:28:00,15:28:09,1312,875,437,316,4.613914356,0.110401637,6.982581728,81.25508528,9.064754225,0.006050615,0.487240132,1081.972751,455.3510087,364.4262052,1.707903939,0.144669116,97.20034275,226,280,235,228,291,0.00035109,1.82E-05,0.000421253,3.28E-05,0.00049771,2.59E-05,0.017570966
1665,1665,1665,6.4,KOC010,97.56367311,110.0893742,51,133.2896,33.3925,132.705,34.123,150.069,1.5,3.168794356,15:28:00,15:28:12,537,358,179,109,-8.493953317,0.053276991,0.01310236,0.206061572,0.097898364,4.35E-07,1.71E-06,0.007338808,0.054093773,0.259589438,0.001646885,0.000694299,0.1942242,293,91,293,294,299,0.001082865,2.72E-05,0.001176479,3.67E-05,0.000999113,4.58E-05,0.008479296
1666,1666,1666,6.4,KOC011,82.38812415,96.89583583,51,132.8972,33.3995,132.705,34.123,83.716,0.375,1.272992267,15:28:00,15:28:11,3338,2225,1113,556,1.687563386,0.123557286,2.852028456,32.29472496,6.282597095,0.00330566,0.080531613,185.7570595,106.6276941,48.48390392,0.440978242,0.099993374,22.4248047,278,281,265,256,277,0.000419283,3.05E-05,0.000386872,2.58E-05,0.000354201,2.03E-05,0.019664753
1667,1667,1667,6.4,KOC012,106.0051933,117.6354581,51,132.9758,33.1967,132.705,34.123,101.827,0.010033445,1.81711569,15:28:00,15:28:14,547,364,182,110,-10.01463673,0.086225465,0.008372592,0.115747535,0.034485154,5.86E-08,7.01E-07,0.005061638,0.010104318,0.008416568,0.001126539,0.000318263,0.082090076,48,4,48,108,121,0.00067878,2.97E-05,0.000672169,4.70E-05,0.000664661,3.34E-05,0.013723209
1668,1668,1668,6.4,KOC013,121.6825933,131.9380669,51,133.1015,33.0797,132.705,34.123,90.918,0.107142857,0.711982203,15:28:00,15:28:16,318,212,239,322,1.200413958,0.10941241,1.939302363,22.29865403,2.840915743,0.00048261,0.037585306,81.39496327,67.92506973,35.76191296,0.369604439,0.031644112,21.22513506,197,240,239,189,257,0.000860873,4.68E-05,0.000763404,4.79E-05,0.000678093,3.39E-05,0.017413526
1669,1669,1669,6.4,KOC014,127.8704906,137.6657632,51,132.9377,32.9895,132.705,34.123,36.842,1.5,3.187705938,15:28:00,15:28:17,280,186,193,209,-6.546689136,1.105134881,0.244523624,3.75831246,1.780733329,0.000153298,0.000595579,3.952966168,0.268470883,0.043548581,0.02364949,0.01520465,0.134457911,11,79,97,288,299,0.004607902,0.000296083,0.002734158,0.00015795,0.001215262,7.05E-05,0.175887679
1670,1670,1670,6.4,KOC015,131.8904731,141.407556,51,132.7252,32.937,132.705,34.123,139.203,0.3,0.652402198,15:28:00,15:28:17,218,145,92,53,-0.19304831,0.088340784,0.873719159,10.52759287,1.147032897,8.16E-05,0.007566763,16.28846444,19.71280463,11.17752799,0.162725491,0.013833493,11.57375306,201,208,228,256,213,0.000524443,3.31E-05,0.000573296,2.97E-05,0.000568178,2.40E-05,0.014059872
1671,1671,1671,6.4,KOC016,152.7661696,161.0543466,51,132.9711,32.7672,132.705,34.123,26.956,0.3,0.930278274,15:28:00,15:28:21,651,434,247,136,-2.101966112,0.11193903,0.301189463,3.864048219,0.585908551,1.98E-05,0.00090479,1.93140933,1.846637862,1.06462982,0.060695237,0.005915001,3.406849429,263,286,255,159,197,0.000589285,4.07E-05,0.000401826,2.31E-05,0.000456336,3.81E-05,0.01781565
1672,1672,1672,6.4,KOC017,96.187003,108.8712062,51,133.6565,33.7691,132.705,34.123,41.07,1.5,3.326977043,15:28:00,15:28:12,1198,798,535,339,-9.668253586,1.02413652,0.048209802,0.750049914,0.367920421,6.50E-06,2.32E-05,0.140241089,0.003940446,0.077516523,0.004038518,0.002824725,0.024776735,14,28,41,231,299,0.000707885,5.11E-05,0.000495427,4.18E-05,0.00051238,4.08E-05,0.16299639
1673,1673,1673,6.4,KYT002,258.8292279,263.805931,51,134.8941,35.6037,132.705,34.123,7.704,1.5,1.743429629,15:28:00,15:29:13,176,117,73,43,-1.831442049,0.447426369,1.16866725,16.40575764,3.982364809,0.001045437,0.0135784,64.12782027,1122.085334,473.4755701,0.141446059,0.043856595,1.98631967,171,13,74,142,169,0.095926931,0.007529848,0.222093848,0.015786942,0.31853723,0.028320098,0.071210118
1674,1674,1674,6.4,KYT003,292.3913608,296.805842,51,135.2919,35.6767,132.705,34.123,2.369,1,1.090357455,15:28:00,15:29:29,608,405,203,111,-2.94379975,0.522942817,0.605875219,8.784406748,1.512208168,0.000110413,0.00366641,8.579660619,92.44772072,1661.322761,0.080977834,0.012430382,0.972952917,117,88,292,248,186,0.056251559,0.004145563,0.060292587,0.004702093,0.072748452,0.004725993,0.083228934
1675,1675,1675,6.4,KYT004,276.318263,280.9853777,51,135.196,35.5354,132.705,34.123,5.933,1.5,3.178053207,15:28:00,15:28:44,184,123,126,132,-8.126435384,0.662771756,0.068173533,1.041139888,0.493048223,1.18E-05,4.63E-05,0.314189165,0.090776319,3.129880699,0.006919944,0.004252424,0.065602208,195,181,179,279,299,0.00136266,7.53E-05,0.00119747,5.06E-05,0.003057788,0.000167505,0.105483401
1676,1676,1676,6.4,KYT006,260.2569148,265.2068282,51,135.1827,35.2759,132.705,34.123,4.063,1.5,3.167306275,15:28:00,15:28:57,509,339,237,147,0.307711486,1.234315956,7.295773296,111.1455772,52.36193653,0.134708334,0.530119864,3338.038898,534.1659439,703.5540824,0.712035822,0.455485588,3.624560629,5,50,20,281,299,0.095404441,0.006390652,0.053471963,0.002980993,0.077558833,0.00459596,0.196447486
1677,1677,1677,6.4,KYT011,279.9829843,284.5900059,51,135.5638,35.017,132.705,34.123,4.022,1.5,3.14738898,15:28:00,15:29:01,346,230,150,90,-1.432947946,0.936657996,2.422729845,37.44991777,17.61764667,0.014665144,0.058444711,350.1496449,11.33837885,57.6294783,0.255234344,0.144982889,1.712134723,28,158,36,288,299,0.069092172,0.004897738,0.062528228,0.006280099,0.075481612,0.006353365,0.14907375
1678,1678,1678,6.4,KYT013,296.19363,300.552269,51,135.8047,34.8784,132.705,34.123,2.425,1.5,2.867017092,15:28:00,15:28:46,388,258,187,120,-9.258914421,0.449121331,0.032273415,0.440539988,0.194129485,2.16E-06,1.04E-05,0.035449993,0.14651163,0.064040524,0.003512456,0.001935215,0.049139088,207,89,8,276,299,0.001077934,5.53E-05,0.000811539,5.28E-05,0.000817065,3.99E-05,0.07147988
1679,1679,1679,6.4,MIE002,362.3436563,365.9151887,51,136.5073,35.0279,132.705,34.123,2.519,1.5,3.145852267,15:28:00,15:28:56,490,327,218,188,-7.89029897,0.209568629,0.033988647,0.525579925,0.246432318,2.88E-06,1.15E-05,0.069763018,0.513639653,1.220763123,0.004379334,0.001967653,0.131299074,219,203,190,297,299,0.001427414,4.19E-05,0.001592897,7.79E-05,0.002176488,0.000111217,0.033353883
1680,1680,1680,6.4,MIE003,372.0996125,375.5783828,51,136.6357,34.9704,132.705,34.123,3.668,1.5,3.226539044,15:28:00,15:28:59,280,186,142,97,-7.265842587,0.825531232,0.109728412,1.697689816,0.822606567,3.17E-05,0.000120321,1.597261794,0.178680638,3.02587621,0.010601638,0.005855532,0.080689931,41,14,7,100,299,0.002084554,0.000109125,0.002199113,6.90E-05,0.004340016,0.000217872,0.131387376
1681,1681,1681,6.4,MIE004,352.7090924,356.3771932,51,136.4493,34.8569,132.705,34.123,6.179,1.5,2.749050672,15:28:00,15:28:47,767,511,256,252,-10.47910141,0.267324717,0.013019573,0.196779518,0.077164612,3.24E-07,1.69E-06,0.005908158,0.493167081,0.036114618,0.001386539,0.000725856,0.032589124,22,63,142,266,299,0.000564742,2.46E-05,0.001935996,9.66E-05,0.000792178,2.82E-05,0.04254605
1682,1682,1682,6.4,MIE005,320.7954078,324.8240965,51,136.1151,34.7677,132.705,34.123,5.169,3,2.176229667,15:28:00,15:28:43,738,492,335,225,-8.909025066,0.125759007,0.017044114,0.247688169,0.08873438,3.48E-07,2.90E-06,0.069996752,5.695902984,0.008044905,0.0023274,0.000499751,0.116281832,149,191,158,183,205,0.001296334,4.13E-05,0.002431234,0.000169481,0.001703548,4.30E-05,0.020015168
1683,1683,1683,6.4,MIE007,338.7007081,342.5188604,51,136.3404,34.651,132.705,34.123,14.822,0.010869565,0.290304023,15:28:00,15:28:43,551,368,248,158,-0.561412579,0.106409986,0.5882689,6.747337214,0.329565236,7.28E-06,0.003409886,7.440486798,1.748662507,3.774884856,0.131885531,0.005747742,7.787438586,297,294,217,295,270,0.000717281,4.20E-05,0.000472512,2.64E-05,0.000688746,5.28E-05,0.016935675
1684,1684,1684,6.4,MIE008,317.2482451,321.3214107,51,136.1073,34.6285,132.705,34.123,5.209,0.6,1.011080939,15:28:00,15:28:42,489,326,242,234,-2.011690985,0.215049934,0.349100911,3.982995038,0.740123786,3.15E-05,0.001215193,3.459981952,0.493160944,7.7069167,0.084319644,0.007932193,2.463595039,259,296,272,256,268,0.000511496,2.29E-05,0.000574486,3.21E-05,0.000529538,3.27E-05,0.03422626
1685,1685,1685,6.4,MIE009,354.5415865,358.1909219,51,136.5276,34.5788,132.705,34.123,3.492,1.5,3.227316663,15:28:00,15:28:47,299,199,149,99,-6.265944545,0.257748014,0.150773677,2.341453352,1.11451506,5.97E-05,0.000226394,1.503476815,2.028234444,3.316300362,0.01373286,0.009327539,0.334769233,183,180,185,288,299,0.003583612,0.000137189,0.002499374,0.000143345,0.002941938,0.000194076,0.04102187
1686,1686,1686,6.4,MIE010,372.2378895,375.7153795,51,136.7334,34.4908,132.705,34.123,4.197,0.010135135,0.67327397,15:28:00,15:28:49,308,206,149,96,-1.900650812,0.300192761,0.653633354,8.103283148,0.86664788,4.91E-05,0.004272296,11.53758796,2.434500746,8.353696738,0.10694228,0.010913362,2.238355654,234,196,290,227,181,0.000402442,3.74E-05,0.000726431,3.72E-05,0.000451293,3.44E-05,0.047777162
1687,1687,1687,6.4,MIE011,335.0536309,338.9128731,51,136.3329,34.4283,132.705,34.123,3.089,0.010273973,0.766338663,15:28:00,15:28:49,1239,826,413,238,-3.229685529,0.239853964,0.217787634,2.125373892,0.341480221,7.04E-06,0.000473151,1.059731378,0.340052204,2.480310766,0.052236118,0.004265231,1.368370991,277,288,279,283,293,0.000517588,3.46E-05,0.001050384,5.62E-05,0.001628675,0.000149135,0.038173944
1688,1688,1688,6.4,MIE015,312.4962043,316.6305066,51,136.0822,33.8783,132.705,34.123,5.314,0.01,1.76894769,15:28:00,15:28:42,662,441,389,314,-3.070580378,0.118751552,0.173192297,2.066951912,0.645022144,2.38E-05,0.000299927,0.896049581,0.183070862,1.41709172,0.038714066,0.006236647,2.048374495,281,283,279,279,270,0.000445253,3.07E-05,0.000686439,3.68E-05,0.000486105,3.24E-05,0.018899896
1689,1689,1689,6.4,MIE016,297.5180829,301.8575983,51,135.9188,33.8764,132.705,34.123,14.59,1.5,3.148394188,15:28:00,15:28:39,844,562,281,162,-9.530440696,1.057880458,0.047866725,0.735698479,0.341654768,5.72E-06,2.28E-05,0.139940166,0.000741695,0.002114713,0.004751686,0.002994341,0.02822221,28,112,91,297,299,0.00051118,3.01E-05,0.000546865,2.35E-05,0.000378293,1.91E-05,0.168366904
1690,1690,1690,6.4,MIE017,334.6952901,338.5586171,51,136.3348,34.3624,132.705,34.123,5.335,0.010309278,0.53741531,15:28:00,15:28:48,1068,712,356,214,-3.07206268,0.230461667,0.305937442,3.152065559,0.303882799,6.85E-06,0.000935904,2.135221969,0.329026335,2.109396621,0.059862135,0.004529367,1.632049668,260,253,262,250,298,0.000462272,3.50E-05,0.000375185,2.31E-05,0.000370744,2.95E-05,0.036679114
1691,1691,1691,6.4,MYZ001,204.0833999,210.3592976,51,131.3089,32.705,132.705,34.123,38.697,0.010033445,0.96969711,15:28:00,15:28:27,909,606,303,226,-1.316640775,0.155416158,0.628671568,8.22243954,1.324254978,9.33E-05,0.003915064,20.12789438,17.06586559,15.75466657,0.11350129,0.011789267,4.588645415,286,261,222,296,120,0.000502234,3.11E-05,0.000389512,3.26E-05,0.00043994,2.26E-05,0.02473525
1692,1692,1692,6.4,MYZ002,184.6894179,191.6016208,51,131.6831,32.6978,132.705,34.123,43.993,1.5,3.152943359,15:28:00,15:28:25,696,464,305,196,-7.672198619,0.25804702,0.064402079,0.997613017,0.463889642,1.04E-05,4.13E-05,0.221733401,0.143940492,0.391696799,0.00660153,0.003948204,0.160740609,221,185,221,296,299,0.001398852,4.39E-05,0.000919266,5.91E-05,0.001368474,7.16E-05,0.041069459
1693,1693,1693,6.4,MYZ003,198.5014858,204.9483834,51,131.6598,32.5659,132.705,34.123,24.186,3,2.446022831,15:28:00,15:28:30,495,330,174,106,-5.829671876,0.224373184,0.09044458,1.044879682,0.371735314,1.23E-05,8.13E-05,0.565478249,0.461673058,0.104855547,0.014163972,0.004755434,0.396637692,295,286,297,279,283,0.000789395,3.42E-05,0.000890398,5.49E-05,0.00143249,8.99E-05,0.035710101
1694,1694,1694,6.4,MYZ004,231.1528283,236.7121248,51,131.3339,32.3889,132.705,34.123,5.69,1.5,2.508219697,15:28:00,15:28:49,1570,1047,523,418,-2.110317312,0.6128118,1.404918379,20.71154126,7.796758564,0.003130444,0.019644208,105.3722047,31.77217572,5.924278782,0.168887038,0.084747645,1.731605948,68,112,130,279,299,0.070592547,0.005497393,0.056757265,0.002857377,0.043302687,0.002560002,0.097532027
1695,1695,1695,6.4,MYZ005,214.6242548,220.6004777,51,131.6003,32.4281,132.705,34.123,6.6,1.5,2.673465811,15:28:00,15:28:44,1825,1216,608,367,-1.704651188,0.828306396,1.407937771,20.37372566,8.234907764,0.003574258,0.019742237,71.74324167,23.24048369,11.20912222,0.189347058,0.085778402,1.436307455,144,271,274,281,299,0.067156024,0.004962893,0.050444119,0.003735149,0.035127475,0.002102273,0.131829057
1696,1696,1696,6.4,MYZ006,233.2536255,238.7640128,51,131.5609,32.2565,132.705,34.123,22.012,1.5,3.226479777,15:28:00,15:28:38,786,524,284,181,-6.30874497,0.734023647,0.186520128,2.91093677,1.379335623,9.14E-05,0.000346552,2.214207208,0.017685566,12.79296112,0.017348786,0.011497363,0.148504255,61,36,41,283,299,0.002309023,0.000195322,0.001511517,4.61E-05,0.005663559,0.000356994,0.116823492
1697,1697,1697,6.4,MYZ007,256.7660232,261.7819525,51,131.1158,32.2353,132.705,34.123,6.897,0.010033445,1.490773135,15:28:00,15:28:40,1078,719,359,224,-3.440888361,0.448376697,0.297851464,3.715382386,1.016648827,4.90E-05,0.000869675,5.7094877,3.889858383,4.191309757,0.059127424,0.011043856,0.828563493,218,172,213,299,299,0.000615536,4.94E-05,0.00036901,2.41E-05,0.000449167,2.49E-05,0.071361368
1698,1698,1698,6.4,MYZ008,255.4085008,260.4505755,51,131.3928,32.106,132.705,34.123,25.239,3,2.044664416,15:28:00,15:28:37,640,427,265,189,-11.08878776,0.207933796,0.00591408,0.082367237,0.026062977,3.70E-08,3.49E-07,0.01133811,0.477059657,1.144119626,0.000878722,0.00020097,0.026552567,294,1,40,41,125,0.00053516,3.26E-05,0.001916054,6.25E-05,0.001193948,8.20E-05,0.033093691
1699,1699,1699,6.4,MYZ009,290.6237918,295.0647189,51,130.811,32.0461,132.705,34.123,14.08,0.75,0.957919141,15:28:00,15:29:42,273,182,147,105,1.840289777,0.881060883,10.4719635,145.129905,21.41644302,0.02541529,1.093445409,2744.385184,4107.125335,20005.67178,1.327930911,0.213481423,9.469987999,259,165,161,283,299,0.810639574,0.047974798,0.75086144,0.08020411,0.706745019,0.056927664,0.140225195
1700,1700,1700,6.4,MYZ010,286.3012207,290.8081652,51,130.9721,31.9968,132.705,34.123,7,0.010033445,1.518261403,15:28:00,15:29:10,374,249,208,157,-2.10177185,0.681498566,1.330686236,19.22993286,4.332193482,0.001029054,0.017624008,139.0081867,705.0893381,1315.09251,0.15469259,0.045758828,1.426213142,97,16,18,49,299,0.085553388,0.007546243,0.169332801,0.011791169,0.164873767,0.01023411,0.108463865
1701,1701,1701,6.4,MYZ011,272.4383655,277.1708192,51,131.2557,31.9951,132.705,34.123,9.933,1.5,1.364009651,15:28:00,15:28:48,391,261,170,100,-4.269114971,0.764590405,0.224099576,2.395799178,0.596535475,2.33E-05,0.000493586,1.694247148,0.813891643,0.698914335,0.044570229,0.011328462,0.366265395,279,285,291,284,299,0.015374384,0.000540851,0.007394413,0.000305956,0.00347328,0.0001612,0.121688342
1702,1702,1702,6.4,MYZ012,293.1178733,297.5215751,51,131.0685,31.8723,132.705,34.123,8.915,1.5,3.016575893,15:28:00,15:29:24,749,499,292,176,-0.332820336,0.543025447,2.803833505,43.00915364,18.98858188,0.018083444,0.078453508,514.0685576,345.9721284,269.809178,0.28942353,0.164838977,3.34883325,285,225,265,270,299,0.104517289,0.006488044,0.27180624,0.023134745,0.217845323,0.013107316,0.086425184
1703,1703,1703,6.4,MYZ013,273.8678007,278.5759722,51,131.4187,31.9087,132.705,34.123,20.785,1.5,2.762476766,15:28:00,15:28:55,245,163,157,147,-1.474796518,0.925691755,1.678272496,23.78167123,9.651242133,0.005432881,0.028105589,76.15837847,517.2267366,18.91463959,0.231000549,0.098385926,1.567929334,134,243,272,256,288,0.07392218,0.005020099,0.103886688,0.007652829,0.052218079,0.004915911,0.147328419
1704,1704,1704,6.4,MYZ014,285.0335436,289.5602199,51,131.3026,31.8454,132.705,34.123,9.496,1.5,3.102115456,15:28:00,15:28:46,336,224,150,91,-7.079258752,0.381823586,0.082913439,1.257867464,0.58176306,1.67E-05,6.84E-05,0.471749538,9.771813129,1.299763717,0.008766784,0.005231979,0.144263815,46,3,134,275,299,0.001543953,6.72E-05,0.00496782,0.00032689,0.002175881,0.000115584,0.060769111
1705,1705,1705,6.4,MYZ015,308.2093069,312.4003471,51,131.0621,31.7185,132.705,34.123,6.931,1.5,2.585178481,15:28:00,15:29:17,369,246,214,169,-0.840002171,0.752176961,2.112211854,27.60870977,12.32933251,0.007529153,0.044475907,127.9891006,24.08226394,187.7066309,0.282112388,0.103970664,2.356578972,202,192,265,223,243,0.1546899,0.01331435,0.111196649,0.009869772,0.095889541,0.008155503,0.119712681
1706,1706,1706,6.4,MYZ016,305.5202383,309.7476651,51,131.3743,31.6129,132.705,34.123,4.814,0.01,2.759676787,15:28:00,15:29:14,335,223,178,127,-2.274621791,0.837640393,1.386296756,19.70552993,8.812004958,0.003706892,0.019215568,57.29680408,176.6743841,31.40757875,0.167839287,0.067957284,1.258971449,161,245,173,180,230,0.058293821,0.003777579,0.075687394,0.006226507,0.102916112,0.008591602,0.133314609
1707,1707,1707,6.4,MYZ020,235.303774,240.7672446,51,131.147,32.455,132.705,34.123,11.493,3,1.674443956,15:28:00,15:28:32,581,387,194,117,-4.180674756,0.138383086,0.1933095,2.665737428,0.762363771,2.64E-05,0.000371796,5.170611892,2.751285794,0.819378238,0.02819618,0.004825517,1.280227443,288,299,242,131,232,0.000382828,3.46E-05,0.000501137,3.62E-05,0.000553067,3.43E-05,0.022024352
1708,1708,1708,6.4,NAR001,284.9242844,289.4526694,51,135.7272,34.7154,132.705,34.123,3.558,0.01010101,0.811085463,15:28:00,15:28:40,731,487,244,169,-2.431268479,0.32081798,0.516183882,6.689250053,0.886219453,4.44E-05,0.002664328,5.714066681,1.938594696,5.584325919,0.080899672,0.010166657,1.584411287,210,258,284,213,263,0.000621849,3.82E-05,0.000502061,2.35E-05,0.000641665,4.85E-05,0.051059767
1709,1709,1709,6.4,NAR002,293.5229545,297.9206687,51,135.8352,34.6683,132.705,34.123,3.1,1.5,3.25245256,15:28:00,15:28:46,684,456,243,184,-8.518926111,0.67361424,0.066239098,1.038640533,0.496300721,1.17E-05,4.37E-05,0.334667011,0.011427271,0.305596142,0.005901337,0.004087668,0.055045141,9,270,64,267,299,0.001131004,6.69E-05,0.000770871,2.93E-05,0.001216287,7.75E-05,0.107209036
1710,1710,1710,6.4,NAR003,280.2357968,284.8387294,51,135.7191,34.5169,132.705,34.123,3.449,0.375,0.843915668,15:28:00,15:28:38,557,371,189,156,-2.186798436,0.20377488,0.33094656,3.420169231,0.522729622,1.97E-05,0.001094567,2.559667419,0.06284195,1.0802251,0.07137561,0.007925134,2.200792287,281,283,292,278,265,0.000463846,3.77E-05,0.000752336,4.88E-05,0.001041754,8.23E-05,0.032431779
1711,1711,1711,6.4,NAR005,275.3188246,280.0025985,51,135.6883,34.3408,132.705,34.123,5.949,1.5,3.213295281,15:28:00,15:28:37,468,312,186,122,-8.183660049,1.01430191,0.090835833,1.395812932,0.662785788,2.15E-05,8.22E-05,0.497993249,0.503860156,0.780278917,0.008295685,0.00558134,0.051388374,4,37,27,271,299,0.001059324,8.40E-05,0.001984932,8.54E-05,0.002965243,0.000194133,0.161431163
1712,1712,1712,6.4,NAR006,299.6466352,303.9557632,51,135.9541,34.3383,132.705,34.123,5.836,0.142857143,0.739683867,15:28:00,15:28:40,1019,679,358,244,-2.01820788,0.161579453,0.352949768,4.119980199,0.551401533,1.71E-05,0.001233247,3.424510909,1.176606548,4.659664921,0.071703785,0.005676564,2.788276351,274,296,297,277,245,0.000428603,2.45E-05,0.000474063,2.52E-05,0.000574555,3.48E-05,0.025716169
1713,1713,1713,6.4,NAR007,279.1310642,283.7519181,51,135.7369,34.2213,132.705,34.123,7.889,3,1.876200923,15:28:00,15:28:38,1155,770,385,273,-3.828775409,0.172778987,0.187279111,2.254153214,0.723096711,3.12E-05,0.000350458,1.64462976,0.384341276,2.750385038,0.031573547,0.006286027,1.148186192,293,274,293,272,213,0.000389898,2.69E-05,0.000346021,2.63E-05,0.000433906,3.28E-05,0.02749863
1714,1714,1714,6.4,NAR008,303.6996297,307.95205,51,136.0046,34.1352,132.705,34.123,7.206,0.06122449,0.840344394,15:28:00,15:28:41,721,481,240,141,-3.38955101,0.088178709,0.149880868,1.761593867,0.248560033,3.99E-06,0.000222926,0.541408964,0.134822951,0.703429527,0.029123536,0.002627876,2.075201306,231,260,278,256,183,0.000412745,2.35E-05,0.000374186,2.55E-05,0.000370146,1.98E-05,0.014034077
1715,1715,1715,6.4,NAR009,281.8220801,286.3995196,51,135.7552,33.938,132.705,34.123,11.159,1.5,1.749523472,15:28:00,15:28:37,726,484,242,159,-3.439879252,0.092762009,0.111148446,1.24601542,0.340369349,9.58E-06,0.000123523,0.307022658,0.160797793,0.251784202,0.025543356,0.004950668,1.730165614,292,298,282,293,287,0.0004561,3.67E-05,0.000493874,3.41E-05,0.000434498,2.02E-05,0.014763532
1716,1716,1716,6.4,NGS002,290.5644205,295.0062414,51,129.7054,33.3444,132.705,34.123,11.255,1.5,1.495720025,15:28:00,15:29:14,203,135,82,46,-0.984353744,1.007838183,1.87096231,25.02961603,5.934842858,0.001963229,0.034644159,150.7651879,614.7320096,423.5865507,0.294990685,0.061675789,1.839066201,244,191,252,293,299,0.176043923,0.015436687,0.249981358,0.020583793,0.319979305,0.029249767,0.160402429
1717,1717,1717,6.4,NGS009,286.5106351,291.0143365,51,130.0218,32.8456,132.705,34.123,2.191,1.5,2.974121027,15:28:00,15:29:11,448,298,226,152,-1.957915613,0.717894493,1.536990055,23.4383991,11.32005234,0.005286833,0.02359598,120.1982324,192.1145837,16.21263762,0.157860226,0.065731428,1.381630673,144,40,52,161,284,0.072436972,0.006797111,0.047353361,0.004659663,0.038885099,0.002916726,0.114256457
1718,1718,1718,6.4,NGS011,275.8055896,280.4812351,51,130.2024,32.7839,132.705,34.123,3.767,0.6,1.655991481,15:28:00,15:29:04,1429,953,476,327,-2.769409133,0.897634891,0.847526693,11.28258907,2.861698008,0.000494946,0.00712527,47.79413262,517.0914195,77.42964988,0.114678362,0.027979629,0.802715458,146,44,191,174,206,0.061146144,0.006081415,0.10263485,0.008322881,0.097830797,0.006573722,0.14286303
1719,1719,1719,6.4,NGS012,264.381862,269.2559544,51,130.3463,32.7884,132.705,34.123,4.38,1.5,3.209365633,15:28:00,15:28:39,846,564,282,224,-8.808060462,0.505308025,0.040788537,0.613314691,0.297692228,4.32E-06,1.66E-05,0.113801123,0.007187531,0.2080775,0.004212448,0.002529439,0.052379125,6,289,233,297,299,0.000932267,5.97E-05,0.000884098,4.12E-05,0.0010776,6.76E-05,0.08042227
1720,1720,1720,6.4,NGS014,288.1713236,292.649469,51,130.1849,32.6106,132.705,34.123,5.456,3,2.546986604,15:28:00,15:28:44,250,167,88,47,-9.913434182,0.122725987,0.010995821,0.163197018,0.063224054,1.98E-07,1.21E-06,0.034270465,0.067264762,0.027794081,0.001447929,0.000434068,0.074129404,235,195,0,151,156,0.000707963,3.45E-05,0.00077024,5.62E-05,0.000963605,6.86E-05,0.019532447
1721,1721,1721,6.4,NGS022,314.6109433,318.7178151,51,129.2868,34.2029,132.705,34.123,2.94,1.5,3.209354904,15:28:00,15:29:15,897,598,299,203,-2.707894854,1.196762498,1.388378603,21.33282922,10.11987616,0.005014554,0.019220139,120.9714744,1099.608402,53.51593619,0.139075747,0.082148372,0.730168842,4,12,76,248,299,0.031901186,0.003018889,0.07039178,0.004597697,0.08228239,0.006385156,0.190470667
1722,1722,1722,6.4,OIT001,113.8696905,124.7690122,51,131.5936,33.6783,132.705,34.123,99.065,1,1.414843054,15:28:00,15:28:15,781,520,260,168,2.116730808,0.416424616,4.839710848,65.32266058,14.52015463,0.011659792,0.229950315,576.4414969,198.4607137,744.2566111,0.924953569,0.133352018,13.9560786,125,167,218,299,157,0.000504186,3.02E-05,0.00070326,3.25E-05,0.000501699,3.61E-05,0.066276036
1723,1723,1723,6.4,OIT002,146.3481663,154.9799529,51,131.2678,33.5685,132.705,34.123,42.45,0.01,1.931186577,15:28:00,15:28:18,432,288,195,125,0.23377921,0.201559216,2.308313649,32.78705597,11.09054438,0.005032962,0.053276408,298.8004373,65.2708982,165.0735096,0.294630676,0.076752226,9.184492603,132,248,169,263,268,0.00051914,4.47E-05,0.000400938,2.70E-05,0.000776504,4.57E-05,0.032079146
1724,1724,1724,6.4,OIT003,131.9117849,141.4274337,51,131.4489,33.5583,132.705,34.123,45.317,0.010067114,1.156112783,15:28:00,15:28:17,601,401,221,149,1.017938982,0.467428014,2.957841807,39.09716642,7.392680007,0.002962037,0.08748827,205.8728122,123.4479133,226.3034823,0.504431484,0.072542108,6.78058737,218,167,221,181,193,0.000328189,1.82E-05,0.000919824,6.41E-05,0.000589008,3.70E-05,0.074393479
1725,1725,1725,6.4,OIT004,108.6566644,120.0302909,51,131.7378,33.5666,132.705,34.123,140.456,1.5,3.13385001,15:28:00,15:28:14,557,371,202,135,-8.097907029,0.69115939,0.07570447,1.161969535,0.537676597,1.42E-05,5.70E-05,0.338016608,0.15290642,0.136577699,0.00762395,0.00472311,0.069307736,39,10,285,298,299,0.001162251,6.47E-05,0.001245685,4.00E-05,0.000960918,3.79E-05,0.110001433
1726,1726,1726,6.4,OIT005,164.7121871,172.4270993,51,131.1142,33.4549,132.705,34.123,19.238,0.01,1.774823359,15:28:00,15:28:21,1057,704,352,224,-1.353077187,0.239754582,0.780144792,10.23780838,2.924850217,0.000485623,0.006086234,23.79946346,15.88781446,14.29969895,0.128098828,0.027096326,3.357052316,192,298,298,188,213,0.00036954,2.72E-05,0.0005662,3.81E-05,0.000485618,2.55E-05,0.038158127
1727,1727,1727,6.4,OIT006,150.1489766,158.5740053,51,131.3148,33.4244,132.705,34.123,28.21,0.01010101,1.199448062,15:28:00,15:28:20,1191,794,397,245,0.207449563,0.299965808,2.002595644,27.27484758,5.360391309,0.001461421,0.040102568,157.0327718,28.24614074,71.24443971,0.316345201,0.042339771,6.626273619,173,223,214,226,143,0.000408281,3.57E-05,0.000830152,4.20E-05,0.00162213,0.000100926,0.047741041
1728,1728,1728,6.4,OIT007,127.8629091,137.6587212,51,131.6148,33.4152,132.705,34.123,50.527,1.5,2.575379369,15:28:00,15:28:16,571,381,291,261,-8.897237731,0.057681205,0.009368449,0.137607895,0.058695293,1.47E-07,8.77E-07,0.003650176,0.099252247,0.004671723,0.001461339,0.00036126,0.159182969,66,67,72,38,242,0.001425561,3.83E-05,0.001548825,3.82E-05,0.000830784,4.05E-05,0.009180249
1729,1729,1729,6.4,OIT008,183.2990249,190.2617474,51,131.0203,33.2555,132.705,34.123,7.606,1.5,2.894519862,15:28:00,15:28:50,795,530,303,190,-0.503376903,0.66600722,2.957965933,44.96738218,19.00552036,0.018454474,0.086957759,318.939389,271.8047187,409.0570999,0.327983446,0.164566381,3.094231872,176,63,17,299,299,0.126940649,0.007607621,0.098267758,0.006129236,0.121341165,0.006700152,0.105998341
1730,1730,1730,6.4,OIT009,158.5306542,166.532184,51,131.3439,33.2569,132.705,34.123,29.206,1.5,3.088977818,15:28:00,15:28:22,274,183,131,84,-7.10891938,0.259684147,0.077396949,1.196785537,0.544185004,1.44E-05,5.96E-05,0.392545485,0.001695458,0.184469859,0.008332347,0.004851957,0.20160522,169,168,165,294,299,0.002814595,9.99E-05,0.001357852,3.92E-05,0.001356442,9.12E-05,0.041330016
1731,1731,1731,6.4,OIT010,140.4607692,149.4330207,51,131.6103,33.2478,132.705,34.123,65.11,1.5,3.120005308,15:28:00,15:28:23,308,206,135,83,-5.097389748,0.320160155,0.203855972,3.11637499,1.450096666,0.000102012,0.000413714,2.760251571,0.052460682,9.469279427,0.020883049,0.012403065,0.40983259,92,99,58,257,299,0.007272654,0.000265704,0.005995372,0.000180017,0.007719784,0.00036649,0.050955071
1732,1732,1732,6.4,OIT012,170.3352161,177.8063156,51,131.3734,33.0664,132.705,34.123,32.146,1,1.393250888,15:28:00,15:28:22,680,453,227,129,-0.78157546,0.407289206,1.67660673,21.37024479,5.323700291,0.00138202,0.028107065,87.80785348,29.39226524,29.89135298,0.244208563,0.043781946,3.767366364,242,282,121,256,134,0.000518134,3.56E-05,0.000921874,5.36E-05,0.000757262,4.39E-05,0.06482209
1733,1733,1733,6.4,OIT013,153.9801104,162.2062711,51,131.6328,33.0647,132.705,34.123,159.674,1.5,3.201263428,15:28:00,15:28:19,703,469,272,151,-7.100301218,0.865284606,0.135427439,2.108251708,0.988663795,4.74E-05,0.000182567,1.128129296,2.331435383,0.01500449,0.012953207,0.008389627,0.094058531,69,101,94,299,299,0.001636076,0.000131392,0.002819878,0.00018879,0.001024399,4.82E-05,0.137714322
1734,1734,1734,6.4,OIT014,141.2996522,150.2218084,51,131.8589,33.0656,132.705,34.123,40.652,1.5,3.198908937,15:28:00,15:28:19,713,475,305,237,-8.787057545,0.236233474,0.027155587,0.416378503,0.196762105,1.90E-06,7.35E-06,0.025604724,0.001160711,0.103059334,0.002714773,0.001579414,0.072205787,284,282,51,286,299,0.000553346,3.41E-05,0.000674065,2.34E-05,0.000576289,3.63E-05,0.037597725
1735,1735,1735,6.4,OIT015,176.2570884,183.4872236,51,131.397,32.9722,132.705,34.123,34.752,0.010033445,1.316493697,15:28:00,15:28:23,622,415,207,131,-0.778165873,0.159900344,0.809564753,11.06193784,2.090780201,0.000284083,0.006470942,26.29002704,21.13659178,18.26999573,0.154795289,0.021706951,6.082585332,292,281,220,297,163,0.000633205,3.97E-05,0.000712648,3.97E-05,0.000682588,3.79E-05,0.02544893
1736,1736,1736,6.4,OIT016,147.7485508,156.3030207,51,131.9028,32.9747,132.705,34.123,45.879,0.375,0.78141068,15:28:00,15:28:24,216,144,109,74,-9.770921843,0.178598094,0.013182129,0.192761351,0.024226914,2.69E-08,1.74E-06,0.00691539,0.025040479,0.04225218,0.00188521,0.000179988,0.066322792,109,256,275,212,172,0.001700518,8.55E-05,0.002116469,0.000145183,0.001840948,0.000110572,0.028424769
1737,1737,1737,6.4,OIT017,170.8957471,178.3433665,51,131.6587,32.8578,132.705,34.123,9.47,3,2.177992501,15:28:00,15:28:27,1698,1132,566,376,-2.451051549,0.147946854,0.406497503,5.601741483,1.993192902,0.000198397,0.001651132,6.674860387,4.600881406,1.761476764,0.057340358,0.014677,2.435199429,225,243,265,156,199,0.000308521,2.44E-05,0.000629631,3.89E-05,0.001180565,8.12E-05,0.023546473
1738,1738,1738,6.4,OIT018,164.216564,171.9537143,51,131.9251,32.7972,132.705,34.123,24.556,3,1.064248895,15:28:00,15:28:23,2705,1803,902,569,-2.370983305,0.205965738,0.436879802,5.561129248,0.929272358,5.45E-05,0.0018981,7.151719293,10.22738056,7.734101883,0.071696711,0.015128111,2.187177953,289,215,299,291,299,0.000481674,4.00E-05,0.000421225,2.67E-05,0.000457452,3.65E-05,0.032780465
1739,1739,1739,6.4,OKY001,151.6841385,160.0283658,51,133.7314,35.1945,132.705,34.123,40.234,1.5,3.151666061,15:28:00,15:28:19,344,229,128,69,-9.127439477,0.159708254,0.019714629,0.311545689,0.141172842,9.75E-07,3.88E-06,0.016095577,0.335468245,0.311981047,0.002022584,0.001164031,0.079571771,95,12,131,288,299,0.000420273,2.41E-05,0.000767753,5.73E-05,0.001128169,6.21E-05,0.025418358
1740,1740,1740,6.4,OKY002,170.0449975,177.528311,51,134.05,35.1787,132.705,34.123,28.913,3,2.958391778,15:28:00,15:28:22,1101,734,367,258,-10.04688342,0.26418145,0.014763872,0.228336171,0.101844525,4.83E-07,2.18E-06,0.01417633,0.001941364,0.393488277,0.001693994,0.000674909,0.040289276,85,2,283,244,271,0.000839862,4.34E-05,0.000528006,4.06E-05,0.000613267,5.02E-05,0.042045784
1741,1741,1741,6.4,OKY003,189.679587,196.4162563,51,134.3386,35.1737,132.705,34.123,18.962,3,1.449821243,15:28:00,15:28:25,948,632,316,188,-2.072817354,0.141523358,0.368518944,4.411403657,1.146721737,7.22E-05,0.001355637,5.336389678,2.385149371,4.654702608,0.07502958,0.009747744,3.331073817,286,295,243,288,299,0.000377685,2.72E-05,0.0004888,3.49E-05,0.000499099,3.63E-05,0.022524142
1742,1742,1742,6.4,OKY004,118.0880714,128.6304498,51,133.5018,34.9579,132.705,34.123,99.637,1.5,1.141222967,15:28:00,15:28:16,733,488,244,161,0.621167357,0.107528972,0.982947931,11.83722973,2.283963262,0.00031852,0.009655068,21.56874612,42.84361971,49.17676039,0.220148593,0.022369779,12.86382997,251,282,276,253,234,0.000474406,3.35E-05,0.00039804,3.23E-05,0.000456237,3.59E-05,0.017113767
1743,1743,1743,6.4,OKY005,136.2384771,145.4713808,51,133.7317,35.0098,132.705,34.123,88.986,0.01,1.331510104,15:28:00,15:28:17,464,309,155,92,-8.908133497,0.091283839,0.010584907,0.149435073,0.031275687,5.02E-08,1.12E-06,0.003443029,0.004185815,0.023471057,0.001808762,0.000252288,0.124499451,162,215,212,193,195,0.000460047,2.87E-05,0.000362458,1.51E-05,0.000528936,3.92E-05,0.014528274
1744,1744,1744,6.4,OKY006,158.7747604,166.7645782,51,134.005,35.0684,132.705,34.123,53.21,0.3,1.015215718,15:28:00,15:28:21,872,581,291,207,-0.763096801,0.089180187,0.73254669,9.226272842,1.522450799,0.000139899,0.005358687,17.70493764,7.714312138,12.26689111,0.116628721,0.017353157,8.217070291,178,285,248,233,224,0.000482006,2.99E-05,0.00038552,3.50E-05,0.000439152,2.36E-05,0.014193468
1745,1745,1745,6.4,OKY007,110.7520063,121.9303363,51,133.6121,34.7807,132.705,34.123,73.97,0.01010101,1.218901092,15:28:00,15:28:15,512,342,183,104,0.536741189,0.162653907,1.749937448,22.49427413,4.506834599,0.001152221,0.030616707,66.69791041,56.21416511,61.13531829,0.345962212,0.04749579,13.3642329,274,253,257,177,194,0.0004145,2.46E-05,0.000451659,2.15E-05,0.000419052,2.51E-05,0.025887173
1746,1746,1746,6.4,OKY008,137.7174433,146.8573941,51,133.9036,34.8701,132.705,34.123,48.145,0.01,1.288543498,15:28:00,15:28:18,707,471,266,170,-0.724006978,0.149404796,0.714262929,7.503906519,1.700258757,0.000213339,0.005072606,11.43415103,9.38980345,10.49188743,0.157430623,0.024040154,6.62070965,289,293,277,261,281,0.000452906,2.85E-05,0.000928066,6.12E-05,0.000343122,1.44E-05,0.023778512
1747,1747,1747,6.4,OKY009,154.790354,162.975623,51,134.0923,34.9176,132.705,34.123,74.172,1.5,3.166679078,15:28:00,15:28:20,602,401,201,119,-8.955025688,0.086246896,0.013098896,0.199092433,0.098506689,4.33E-07,1.71E-06,0.007974989,0.01093621,0.09294994,0.001609816,0.00066201,0.11727693,20,40,228,21,299,0.000817342,2.78E-05,0.001038392,3.33E-05,0.000787555,3.25E-05,0.01372662
1748,1748,1748,6.4,OKY010,152.6332332,160.9282569,51,134.1884,34.7454,132.705,34.123,60.618,1.5,3.253084101,15:28:00,15:28:20,486,324,187,104,-8.306988888,0.416182178,0.046906795,0.724963018,0.352293213,5.87E-06,2.19E-05,0.14821854,0.11325962,0.003659208,0.004730833,0.002818864,0.071422336,138,296,190,297,299,0.000947833,4.59E-05,0.001708607,6.24E-05,0.001375299,4.37E-05,0.066237451
1749,1749,1749,6.4,OKY011,125.0808075,135.0785268,51,133.9067,34.654,132.705,34.123,65.788,1.5,3.213344995,15:28:00,15:28:18,259,172,113,67,-7.386898188,0.576915539,0.111110047,1.726140535,0.819262406,3.22E-05,0.00012299,0.799792703,3.781074604,2.996562842,0.010660819,0.006848968,0.11610695,147,4,19,295,299,0.001922576,0.000106422,0.00332852,0.000185001,0.002877827,0.000197,0.09181896
1750,1750,1750,6.4,OKY012,109.4061797,120.7092049,51,133.7545,34.5893,132.705,34.123,71.764,1.5,3.235235685,15:28:00,15:28:15,362,242,161,97,-7.436509504,0.67601597,0.103098977,1.608737079,0.76407168,2.81E-05,0.000105866,0.621739831,0.002385433,0.053627709,0.009253564,0.006292906,0.086006635,224,105,133,299,299,0.001717881,0.00010741,0.000906468,2.74E-05,0.00107277,4.42E-05,0.107591283
1751,1751,1751,6.4,OKY013,85.5068091,99.56110888,51,133.5099,34.5095,132.705,34.123,123.973,1.5,3.303956925,15:28:00,15:28:10,678,452,226,133,-9.414718271,1.068089112,0.047131481,0.738450512,0.358594982,6.12E-06,2.21E-05,0.124016875,0.010253589,0.16112594,0.004046987,0.002769178,0.023806973,44,297,257,249,299,0.000629953,4.06E-05,0.000501172,2.52E-05,0.000607052,4.21E-05,0.169991662
1752,1752,1752,6.4,OKY014,105.7563836,117.411297,51,133.7876,34.4462,132.705,34.123,108.216,1.5,3.219330989,15:28:00,15:28:13,611,407,204,131,-8.609278075,0.381194224,0.043929283,0.684059737,0.321462894,5.05E-06,1.92E-05,0.110257697,0.048799204,0.035616601,0.004170028,0.002661331,0.068734143,67,277,271,266,299,0.000845454,5.18E-05,0.000593162,2.80E-05,0.000746241,3.12E-05,0.060668945
1753,1753,1753,6.4,OKY015,170.2385377,177.7137016,51,133.9256,35.2793,132.705,34.123,52.565,1.5,3.23837459,15:28:00,15:28:24,439,293,162,94,-7.262553769,0.601312493,0.108876093,1.690614753,0.805156359,3.14E-05,0.000118109,0.665334412,0.007359128,0.474471372,0.009840606,0.00651861,0.102825659,76,155,82,264,299,0.001479904,0.000116213,0.001347737,0.00012207,0.001651985,0.000114365,0.095701856
1754,1754,1754,6.4,OSK001,263.3460307,268.2389455,51,135.39,34.9707,132.705,34.123,4.71,1.5,2.583247117,15:28:00,15:28:35,433,289,190,118,-9.860616532,0.115515941,0.007574622,0.102536229,0.040878965,9.69E-08,5.73E-07,0.005643098,0.079248686,0.025763262,0.001162876,0.000368486,0.063251594,180,175,249,181,183,0.000666559,3.30E-05,0.000708304,3.58E-05,0.000612191,2.31E-05,0.018384933
1755,1755,1755,6.4,OSK002,277.2238517,281.8759726,51,135.5958,34.8573,132.705,34.123,4.02,1.5,3.192001597,15:28:00,15:28:46,428,285,251,203,-3.897374806,1.286035386,0.867222774,13.40407713,6.325905493,0.001933127,0.007490207,49.72409589,3.584187362,16.68444217,0.082454588,0.053986555,0.402848521,14,295,6,285,299,0.011380029,0.000686979,0.00553225,0.00036108,0.007122356,0.000439632,0.204678889
1756,1756,1756,6.4,OSK003,263.299838,268.1935956,51,135.4683,34.7668,132.705,34.123,5.368,1.5,3.178865434,15:28:00,15:28:42,282,188,133,84,-6.462904467,1.363302536,0.213274862,3.277970594,1.547909926,0.000115919,0.000452866,3.08173979,1.120680025,0.092502659,0.020395087,0.013268337,0.093996827,14,264,187,272,299,0.00272248,0.00018743,0.002793646,0.000145805,0.001194765,7.22E-05,0.216976338
1757,1757,1757,6.4,OSK007,270.6737355,275.4365101,51,135.6058,34.5577,132.705,34.123,3.63,1.5,3.160487114,15:28:00,15:28:36,530,353,310,250,-8.902283039,0.728592865,0.038150561,0.587098924,0.277984565,3.66E-06,1.45E-05,0.10073831,0.023062673,0.221370235,0.004238136,0.002365736,0.036548521,9,120,280,297,299,0.000872662,6.12E-05,0.00063035,4.25E-05,0.00095255,4.69E-05,0.115959156
1758,1758,1758,6.4,OSK008,249.0087733,254.1778298,51,135.3874,34.4438,132.705,34.123,6.656,0.010067114,1.448433026,15:28:00,15:28:41,443,296,251,210,-2.646109594,0.255795582,0.381851234,5.069926111,1.21205764,7.68E-05,0.001445358,5.447433167,0.757343808,16.42400756,0.07132227,0.009966981,1.751910779,141,283,227,222,248,0.001176542,4.95E-05,0.000709078,3.17E-05,0.000807384,5.91E-05,0.040711131
1759,1759,1759,6.4,OSK009,266.5829784,271.4175462,51,135.5816,34.4366,132.705,34.123,3.1,0.010135135,0.866878015,15:28:00,15:28:44,942,628,350,245,-3.038808152,0.35835531,0.37708777,4.538179662,0.642559629,2.69E-05,0.001413058,3.826943544,0.713167267,4.247641485,0.060197034,0.008431761,1.055458401,204,252,265,257,299,0.000825351,3.50E-05,0.000502856,3.84E-05,0.000701038,2.75E-05,0.057034019
1760,1760,1760,6.4,OSK010,236.0392158,241.486048,51,135.2549,34.3755,132.705,34.123,7.107,1.5,3.219116441,15:28:00,15:28:33,270,180,135,90,-6.115170497,0.968964274,0.226096113,3.473351521,1.651620606,0.000133663,0.000509211,2.8209658,0.181474488,1.307209684,0.020296881,0.013691887,0.131613795,64,124,3,269,299,0.002062298,0.000133367,0.001261198,4.76E-05,0.00237025,0.000117713,0.154215454
1761,1761,1761,6.4,SAG001,269.4784589,274.2619912,51,129.8771,33.5274,132.705,34.123,2.975,0.010067114,1.625843849,15:28:00,15:28:39,1578,1052,526,354,-3.908029485,0.269877125,0.307069924,4.447416102,1.23027806,6.31E-05,0.00094258,2.887090002,4.393720156,13.01840026,0.042299426,0.008931086,0.98480051,280,94,264,140,175,0.00061484,4.52E-05,0.000819421,6.12E-05,0.000522471,3.19E-05,0.042952278
1762,1762,1762,6.4,SAG002,268.9052026,273.6987541,51,129.9195,33.4247,132.705,34.123,5.628,1,1.316894382,15:28:00,15:28:35,371,248,152,89,-2.040545377,0.128992151,0.416627327,5.356194648,1.23070948,7.55E-05,0.001718062,8.053859893,0.810529504,3.641884641,0.079442166,0.011710623,3.869614125,240,261,296,271,299,0.0005081,2.98E-05,0.000557121,3.50E-05,0.000524521,2.47E-05,0.020529738
1763,1763,1763,6.4,SAG003,245.5102377,250.7514244,51,130.2074,33.373,132.705,34.123,6.182,0.6,1.644034274,15:28:00,15:28:32,754,503,251,196,-2.751180157,0.363685166,0.453986096,6.102713067,1.693910095,0.000140295,0.00204918,5.132983161,3.145640381,3.622390217,0.070045209,0.013252096,1.210131918,255,189,220,258,163,0.000596584,3.28E-05,0.000587974,3.15E-05,0.000765942,4.03E-05,0.057882292
1764,1764,1764,6.4,SAG004,278.1151734,282.7526298,51,129.8813,33.2646,132.705,34.123,1.772,1.5,3.246895526,15:28:00,15:29:23,728,486,255,169,-1.199522714,1.147953883,2.505701906,37.2920802,19.17947005,0.016756156,0.062747654,281.0243028,55.25343454,275.4557652,0.272140848,0.115748573,1.489529676,39,121,91,58,284,0.067663938,0.007822629,0.075601409,0.00905178,0.090454408,0.006095054,0.182702535
1765,1765,1765,6.4,SAG005,259.9759599,264.9311226,51,130.0643,33.3213,132.705,34.123,2.251,0.01,1.885096318,15:28:00,15:29:04,830,554,277,162,-3.20984471,0.666237288,0.507741411,6.568445978,2.083485868,0.000231416,0.002570908,12.05053678,10.07012237,7.012053936,0.074699151,0.014468269,0.704476644,29,114,274,37,62,0.04677294,0.003978728,0.049567452,0.003935414,0.03912813,0.003075716,0.106034958
1766,1766,1766,6.4,SAG008,266.5449608,271.3802059,51,130.0996,33.1038,132.705,34.123,2.411,0.01,1.908088139,15:28:00,15:28:40,558,372,270,174,-2.750590155,0.64975396,0.801201616,11.74755075,3.784800106,0.000589329,0.006390293,37.36444274,1.749258164,4.210701625,0.10277131,0.020748756,0.993808773,134,122,52,290,211,0.000417069,2.49E-05,0.000617885,2.75E-05,0.000395766,3.12E-05,0.103411554
1767,1767,1767,6.4,SIG002,335.7785698,339.6295746,51,136.0243,35.4215,132.705,34.123,3.073,1.5,2.652251057,15:28:00,15:29:24,447,298,189,112,-2.144311358,0.999931935,1.310677594,19.00862326,7.710360116,0.003048413,0.017108201,77.23186119,25.50220288,21.12067922,0.167754891,0.062922731,1.054106814,137,297,236,50,299,0.0837799,0.00630212,0.059286398,0.005038528,0.083989397,0.004666035,0.15914411
1768,1768,1768,6.4,SIG005,346.784609,350.5147144,51,136.2421,35.2493,132.705,34.123,3.114,1.5,3.267549598,15:28:00,15:28:55,337,225,156,97,-8.165828276,0.564803931,0.048762278,0.74887739,0.376060163,6.41E-06,2.37E-05,0.243070705,0.13074805,0.11171403,0.005613741,0.002929172,0.062450296,292,37,22,289,299,0.001562948,8.77E-05,0.000660957,3.26E-05,0.000625722,4.58E-05,0.089891338
1769,1769,1769,6.4,SIG008,345.0045722,348.7537166,51,136.2946,35.0701,132.705,34.123,2.48,0.6,0.875465047,15:28:00,15:28:52,531,354,247,164,-3.25405684,0.301770213,0.278453827,3.996958787,0.543427154,1.47E-05,0.00075973,2.171917176,0.633912343,1.931172394,0.05592067,0.00732857,1.1643294,62,263,240,299,299,0.000593224,4.31E-05,0.000328379,1.73E-05,0.000442879,2.47E-05,0.048028221
1770,1770,1770,6.4,SIG009,324.6850152,328.6660297,51,136.0854,35.0051,132.705,34.123,3.51,1.5,3.185768731,15:28:00,15:28:50,357,238,157,98,-7.611644658,0.86073693,0.099296304,1.533192991,0.721682873,2.52E-05,9.82E-05,0.665746358,0.010869175,0.063145485,0.009437828,0.006173187,0.068894013,21,261,16,280,299,0.001363285,8.76E-05,0.001470529,6.36E-05,0.001530019,5.75E-05,0.136990537
1771,1771,1771,6.4,SIG010,307.1407726,311.3461967,51,135.8965,34.9718,132.705,34.123,2.583,1.5,3.051690821,15:28:00,15:29:04,610,407,363,315,-2.259230018,0.500541159,1.113541694,16.28990049,7.5139856,0.002921229,0.012383525,76.38204526,1151.351696,1069.887424,0.119922344,0.066419612,1.505359342,58,264,26,264,289,0.040441201,0.001703267,0.094252909,0.008111557,0.092740091,0.005927234,0.0796636
1772,1772,1772,6.4,SIG011,318.5654696,322.6220055,51,136.0587,34.8779,132.705,34.123,4.31,1.5,3.169835708,15:28:00,15:28:45,372,248,176,116,-6.90598325,0.923854512,0.199468019,3.062921272,1.438424698,0.000100807,0.000396076,2.540723907,0.023662709,1.12749701,0.018965912,0.012470432,0.12898821,12,248,18,299,299,0.002582933,0.000181303,0.000752991,3.97E-05,0.001698854,0.000110073,0.147036012
1773,1773,1773,6.4,SIG012,334.494055,338.3596797,51,136.2307,34.9043,132.705,34.123,3.132,1.5,2.954071569,15:28:00,15:28:53,767,512,256,158,-7.962410954,1.162843619,0.074482352,1.077398364,0.475855314,1.22E-05,5.53E-05,0.217924688,0.551891085,0.037522857,0.008378693,0.004712202,0.045272538,262,6,288,282,299,0.000791399,5.51E-05,0.001262174,8.82E-05,0.000579457,3.98E-05,0.18507231
1774,1774,1774,6.4,SMN001,162.6707213,170.4780443,51,133.1612,35.5372,132.705,34.123,29.184,0.75,1.278190614,15:28:00,15:28:23,531,354,177,117,-1.637939057,0.211563381,0.442101537,5.046040871,1.183353078,8.08E-05,0.001952002,4.652260761,3.459308163,2.376004311,0.102468708,0.012392316,3.043200954,278,298,283,223,254,0.000486758,2.94E-05,0.000483428,3.46E-05,0.000391247,3.16E-05,0.033671358
1775,1775,1775,6.4,SMN002,153.5587999,161.8063813,51,133.0682,35.4714,132.705,34.123,47.255,1.5,3.141105631,15:28:00,15:28:21,184,123,81,49,-7.973855897,0.717918843,0.072584799,1.113860884,0.518080863,1.31E-05,5.25E-05,0.29073806,0.049449064,0.021860025,0.007911139,0.004516257,0.069237844,14,270,243,290,299,0.001495624,8.47E-05,0.001322581,6.98E-05,0.001228719,7.05E-05,0.114260333
1776,1776,1776,6.4,SMN003,122.7185157,132.8940709,51,133.0929,35.1795,132.705,34.123,62.487,1.5,3.159686608,15:28:00,15:28:16,544,363,181,102,-8.528250798,0.742745369,0.062071499,0.944674619,0.442922767,9.71E-06,3.84E-05,0.234775115,0.002662523,0.097795882,0.006129428,0.00389181,0.051851322,5,89,72,281,299,0.00085576,4.71E-05,0.000669791,4.08E-05,0.000676454,3.57E-05,0.118211597
1777,1777,1777,6.4,SMN004,130.7786508,140.3711348,51,132.9004,35.2881,132.705,34.123,35.365,1.5,3.17772015,15:28:00,15:28:21,438,292,157,91,-4.826795602,0.411552682,0.25938813,3.998321138,1.880272189,0.00017135,0.000669902,4.369257868,1.171506406,4.097667177,0.025449402,0.016127554,0.388536669,258,246,258,275,299,0.003924123,0.000250399,0.002335537,0.000122269,0.003007961,0.000219993,0.065500644
1778,1778,1778,6.4,SMN005,137.7186981,146.8585707,51,132.7449,35.3611,132.705,34.123,40.933,1.5,3.220333719,15:28:00,15:28:23,238,159,136,106,-5.789549306,0.741075372,0.212504447,3.311944285,1.565221448,0.000118229,0.000450071,2.754889551,0.180116604,12.24098453,0.020291282,0.013098628,0.172039027,202,6,10,291,299,0.003413026,0.000159899,0.002305141,9.55E-05,0.005428424,0.000341919,0.117945809
1779,1779,1779,6.4,SMN006,120.6101043,130.9495982,51,132.4978,35.1942,132.705,34.123,27.044,1.5,3.03390292,15:28:00,15:28:16,1126,751,375,282,-11.01279152,0.22002226,0.011435544,0.178343592,0.081568747,3.04E-07,1.30E-06,0.004406708,0.001700175,0.011222542,0.001136923,0.00049485,0.032467163,10,23,3,146,295,0.000630477,4.23E-05,0.000395895,3.73E-05,0.000469414,3.49E-05,0.03501763
1780,1780,1780,6.4,SMN007,106.9977309,118.5306476,51,132.5914,35.0807,132.705,34.123,168.447,1.5,3.146343518,15:28:00,15:28:15,472,315,187,108,-6.298634967,0.339779652,0.133834876,2.05506591,0.957348489,4.47E-05,0.000178369,1.116685806,5.887729122,0.458576843,0.012820118,0.008360561,0.237068869,43,55,67,283,299,0.003827064,0.000117843,0.005326074,0.000282123,0.003718718,0.000129411,0.054077611
1781,1781,1781,6.4,SMN008,82.65113668,97.11956752,51,132.5308,34.8523,132.705,34.123,169.282,0.333333333,0.359489654,15:28:00,15:28:10,698,465,233,159,2.000636656,0.080692445,1.808522293,20.44275284,1.400175746,0.000106261,0.032460889,70.06929952,43.80929223,17.26060675,0.406548022,0.016228237,31.65620461,293,295,268,291,247,0.000402522,2.81E-05,0.000359514,2.60E-05,0.000406016,2.19E-05,0.012842602
1782,1782,1782,6.4,SMN009,108.1866674,119.6049957,51,132.2227,35.0112,132.705,34.123,104.68,1.5,3.202144522,15:28:00,15:28:14,438,292,152,102,-8.255119708,0.364412711,0.043250104,0.670583281,0.315450182,4.84E-06,1.86E-05,0.109244604,0.240237293,0.716416958,0.004308865,0.002644849,0.074293225,58,17,14,281,299,0.001034251,4.39E-05,0.001277791,4.83E-05,0.002031336,0.000106627,0.057998084
1783,1783,1783,6.4,SMN010,102.5410809,114.52368,51,132.0783,34.887,132.705,34.123,30.955,0.75,1.067633029,15:28:00,15:28:14,1524,1016,508,354,-1.527808983,0.148007581,0.588160439,7.700435606,1.349667683,9.94E-05,0.003442064,7.763023112,3.868036023,1.457114688,0.098358108,0.013838505,4.1754768,260,269,264,222,233,0.000461023,2.98E-05,0.000373734,2.53E-05,0.000520649,4.18E-05,0.023556138
1784,1784,1784,6.4,SMN011,80.70679583,95.47034562,51,132.0141,34.5718,132.705,34.123,99.794,0.010067114,0.849362322,15:28:00,15:28:10,811,541,270,165,0.187019545,0.152613028,1.575190722,18.77004397,2.53162977,0.000446094,0.024411836,55.51995661,13.01934751,29.32892437,0.282991759,0.032187821,11.65096906,194,259,251,299,194,0.000360598,1.53E-05,0.00049132,2.92E-05,0.000585952,3.75E-05,0.024289118
1785,1785,1785,6.4,SMN012,75.24007858,90.89592634,51,131.9352,34.3529,132.705,34.123,134.856,0.010273973,0.631477692,15:28:00,15:28:09,888,592,296,207,3.076789589,0.193760257,6.135619445,73.19443731,7.640063071,0.00376669,0.37290958,829.1612378,376.7656992,596.012153,1.016378829,0.096868657,32.95875331,180,296,278,283,180,0.000526043,3.55E-05,0.000391235,2.60E-05,0.000366918,2.41E-05,0.030837903
1786,1786,1786,6.4,SMN013,99.50202037,111.8107869,51,131.8458,34.669,132.705,34.123,79.761,0.010067114,0.952090716,15:28:00,15:28:12,1537,1024,512,339,-0.083670115,0.139847725,1.431403229,20.07291375,3.02943601,0.000470429,0.020487882,50.93085101,9.855546064,32.15152746,0.225680753,0.029630978,10.13955711,265,275,152,206,165,0.000491374,3.01E-05,0.000423217,4.11E-05,0.000370731,3.27E-05,0.022257457
1787,1787,1787,6.4,SMN014,93.57889536,106.5739633,51,131.7752,34.4668,132.705,34.123,110.082,1.5,3.208162948,15:28:00,15:28:11,787,525,286,258,-8.074736457,0.518336635,0.056866024,0.879775087,0.422171092,8.39E-06,3.22E-05,0.217072664,0.004426168,0.135864427,0.005926193,0.003449423,0.071836262,8,15,130,296,299,0.000736185,3.84E-05,0.000591721,3.25E-05,0.000843461,4.89E-05,0.082495838
1788,1788,1788,6.4,SMN015,144.4382108,153.177664,51,133.1704,35.3644,132.705,34.123,19.982,1.5,2.752864106,15:28:00,15:28:21,995,663,462,455,-11.38137266,0.128367197,0.008131521,0.124942062,0.051007006,1.27E-07,6.60E-07,0.003251467,0.067392471,0.01597061,0.000859656,0.00038645,0.042077545,6,22,8,132,299,0.000491297,4.05E-05,0.00140744,7.45E-05,0.000411374,3.30E-05,0.020430274
1789,1789,1789,6.4,SMN016,119.6992575,130.1111534,51,132.8146,35.1957,132.705,34.123,81.669,1.5,2.743590796,15:28:00,15:28:16,432,288,144,86,-7.781810818,0.074249538,0.028077625,0.423088797,0.175652381,1.49E-06,7.83E-06,0.067585532,0.137401209,0.057861849,0.003458991,0.001695086,0.292708666,163,139,233,298,299,0.002345168,5.12E-05,0.001824961,4.88E-05,0.00123641,3.14E-05,0.011817181
1790,1790,1790,6.4,SMN018,235.0713046,240.5400554,51,133.2331,36.1925,132.705,34.123,7.213,0.230769231,0.82060156,15:28:00,15:28:40,460,307,177,118,-4.353630531,0.261867806,0.191863367,2.589337974,0.346025475,6.28E-06,0.000368037,0.807142298,0.69609267,0.359652288,0.028393907,0.003111933,0.681275719,255,295,289,290,161,0.000510005,2.84E-05,0.000834661,4.28E-05,0.000777964,3.97E-05,0.041677556
1791,1791,1791,6.4,SMN019,248.4577416,253.6380282,51,133.3561,36.2932,132.705,34.123,2.113,1,1.962214721,15:28:00,15:29:14,580,387,193,126,-3.274923291,0.656144459,0.579442975,8.405914568,2.582526056,0.000327417,0.003357124,7.584672349,270.7541718,189.2797682,0.075461071,0.021349739,0.722609002,198,135,126,127,167,0.041442665,0.002956967,0.048204019,0.002541713,0.070243993,0.00410254,0.104428634
1792,1792,1792,6.4,TKS001,175.4789363,182.7398618,51,134.6098,34.203,132.705,34.123,25.742,1.5,3.123661779,15:28:00,15:28:24,216,144,125,99,-8.743171474,1.061680688,0.064787352,0.99928447,0.457570633,1.03E-05,4.18E-05,0.280797128,0.045059894,0.025546655,0.006196949,0.004035777,0.036674472,20,231,151,277,299,0.001086926,9.21E-05,0.000638316,4.88E-05,0.000770354,3.78E-05,0.16897173
1793,1793,1793,6.4,TKS002,173.08248,180.439865,51,134.582,34.0438,132.705,34.123,33.261,1.5,3.193317654,15:28:00,15:28:25,245,163,138,106,-2.996523988,0.568820433,1.071865553,16.56985822,7.806622431,0.002955655,0.011442719,72.64914357,5.404385018,2.801116438,0.099634858,0.066559892,1.100565731,8,9,5,281,299,0.021779301,0.000875132,0.008322949,0.000285221,0.007209156,0.000236397,0.090530584
1794,1794,1794,6.4,TKS003,177.2703814,184.4608038,51,134.6039,33.8716,132.705,34.123,35.674,1.5,3.037525502,15:28:00,15:28:23,449,299,157,88,-8.870721022,0.067793569,0.011625,0.17245663,0.079631636,3.15E-07,1.35E-06,0.009483772,0.001302805,0.003440799,0.001339598,0.000707827,0.124155497,43,0,3,246,297,0.000853447,2.82E-05,0.000604232,2.67E-05,0.000623965,2.96E-05,0.010789682
1795,1795,1795,6.4,TKS004,178.2520121,185.4043684,51,134.5914,33.7749,132.705,34.123,28.567,1.5,3.1905713,15:28:00,15:28:23,382,254,166,133,-7.604264118,0.624168445,0.092943275,1.443424888,0.676514206,2.22E-05,8.60E-05,0.549818223,0.050942506,0.070286013,0.008635448,0.00577203,0.086928653,66,281,122,298,299,0.002225293,0.000101805,0.000500219,2.93E-05,0.000625354,3.58E-05,0.099339493
1796,1796,1796,6.4,TKS005,157.5833849,165.6306831,51,134.3889,33.8788,132.705,34.123,18.947,1.5,1.972196464,15:28:00,15:28:20,900,600,300,180,-0.921152944,0.084026477,0.503207391,5.859556142,1.862228875,0.000248907,0.002526369,6.312055866,1.548652525,4.270619279,0.101592862,0.022069964,7.596733842,253,295,256,251,292,0.000406012,3.16E-05,0.000494799,3.20E-05,0.000556929,3.17E-05,0.013373229
1797,1797,1797,6.4,TKS006,166.0653572,173.7201856,51,134.4192,33.6692,132.705,34.123,74.71,1.5,3.152579915,15:28:00,15:28:20,292,195,124,72,-8.753928946,0.950673653,0.055277809,0.839291088,0.393969529,7.66E-06,3.04E-05,0.184357922,0.001963001,0.144302687,0.005642542,0.003453163,0.037292649,238,275,12,265,299,0.000828506,5.79E-05,0.000504318,3.52E-05,0.000668995,3.87E-05,0.151304411
1798,1798,1798,6.4,TKS007,145.5120742,154.1906733,51,134.285,34.0905,132.705,34.123,39.565,0.01,2.213424611,15:28:00,15:28:19,439,293,205,134,0.059695402,0.267676488,1.249460293,15.56159918,5.367303118,0.00193437,0.015587265,51.36329256,3.773189423,47.80161766,0.269586904,0.060920646,6.328028599,258,297,264,245,264,0.00068793,5.23E-05,0.000961905,5.52E-05,0.000535659,4.30E-05,0.042602036
1799,1799,1799,6.4,TKS008,140.4486106,149.4215922,51,134.212,33.9344,132.705,34.123,80.23,0.011111111,0.693406119,15:28:00,15:28:17,726,484,242,140,2.867044599,0.101301893,2.799785609,31.50392364,3.633301761,0.000953554,0.0782942,171.2493893,44.70665711,65.37694097,0.694328414,0.051150083,43.06527697,249,224,295,251,297,0.000359889,1.80E-05,0.000546642,3.22E-05,0.000454492,3.81E-05,0.016122697
1800,1800,1800,6.4,TKS009,143.275172,152.0814746,51,134.1995,33.7719,132.705,34.123,64.609,0.01,1.465972736,15:28:00,15:28:18,904,603,414,344,0.591387374,0.081369685,0.982132416,11.43448581,2.597082909,0.000525007,0.009644347,22.03588768,18.22220003,11.54091368,0.185685965,0.036945814,14.33825544,268,255,286,267,285,0.000468875,2.55E-05,0.000336307,1.94E-05,0.000548885,2.94E-05,0.012950388
1801,1801,1801,6.4,TKS010,125.2769088,135.2601341,51,134.0614,34.038,132.705,34.123,75.593,1.5,3.225250366,15:28:00,15:28:16,389,259,148,82,-9.317096666,0.646852878,0.034379304,0.541417937,0.257153303,3.10E-06,1.18E-05,0.082039899,0.019378365,0.001994133,0.003370476,0.0020819,0.032739017,157,173,146,299,299,0.000541838,4.55E-05,0.000529744,2.53E-05,0.000442327,2.75E-05,0.102949833
1802,1802,1802,6.4,TKS011,115.5217564,126.2785659,51,133.9218,33.8746,132.705,34.123,34.371,1.5,3.155677857,15:28:00,15:28:16,1553,1035,518,366,-9.398936914,1.085567795,0.051332184,0.782454086,0.36986517,6.61E-06,2.62E-05,0.204599497,0.05072004,0.312154418,0.005194703,0.003276292,0.030066555,7,33,7,296,299,0.000862431,5.47E-05,0.000573484,4.58E-05,0.000767721,5.78E-05,0.172773481
1803,1803,1803,6.4,TKS012,102.1819374,114.2022256,51,133.809,34.0319,132.705,34.123,48.946,1.5,3.176980163,15:28:00,15:28:14,891,594,297,181,-8.06504743,1.66290341,0.11931512,1.853976861,0.853876287,3.63E-05,0.000141879,0.69872208,0.069839482,0.06234112,0.010783218,0.007302415,0.04074377,12,52,34,259,299,0.001310412,0.000113788,0.000503025,2.88E-05,0.000628343,3.99E-05,0.264659298
1804,1804,1804,6.4,TTR001,205.6120824,211.8426974,51,134.3975,35.3415,132.705,34.123,5.994,1.5,2.969479667,15:28:00,15:28:56,663,442,221,142,-1.267245135,0.772089627,2.044798746,28.55017569,13.56650683,0.00932717,0.041758889,348.0937496,1267.765501,142.1364694,0.224188167,0.118017476,1.824420055,118,250,39,283,297,0.088829423,0.006692739,0.098287795,0.006034856,0.069696677,0.005569739,0.122881881
1805,1805,1805,6.4,TTR002,205.1155265,211.3607797,51,134.2198,35.4853,132.705,34.123,17.652,1.5,3.191979586,15:28:00,15:28:50,315,210,144,88,0.10448407,0.45369478,3.342140589,48.73878584,24.41917966,0.028745905,0.111382128,581.5260664,245.7079214,165.2789269,0.369609505,0.183777428,5.11869457,38,171,83,46,299,0.126555651,0.008456148,0.240470195,0.019026658,0.351141877,0.021561397,0.072207767
1806,1806,1806,6.4,TTR003,193.0247011,199.6485292,51,134.2075,35.3432,132.705,34.123,33.907,1.5,3.243531332,15:28:00,15:28:26,830,553,277,175,-8.038681165,1.102273043,0.092188281,1.437963126,0.692225689,2.26E-05,8.46E-05,0.565219052,0.702821326,0.007018169,0.008855546,0.005662286,0.05047845,2,2,183,291,299,0.001446218,8.94E-05,0.001720039,0.000101598,0.000525275,2.06E-05,0.175432203
1807,1807,1807,6.4,TTR004,194.1720427,200.758019,51,134.0684,35.4631,132.705,34.123,13.247,1.5,1.879981754,15:28:00,15:28:28,457,305,273,226,-2.387691313,0.281227328,0.424523735,5.031641725,1.595851486,0.000161313,0.001801869,4.56207661,2.553087435,2.147139057,0.07620967,0.018773586,1.702677614,256,261,260,262,293,0.00053874,2.28E-05,0.000554202,2.80E-05,0.00052474,2.66E-05,0.044758719
1808,1808,1808,6.4,TTR005,177.6443886,184.8202608,51,133.8253,35.429,132.705,34.123,26.548,1.5,3.139363288,15:28:00,15:28:24,330,220,110,106,-7.507503652,0.266337923,0.047896389,0.730179701,0.343480081,5.70E-06,2.28E-05,0.150435652,1.602033096,0.529175837,0.005729208,0.003008193,0.135157911,272,294,297,297,299,0.001118715,6.45E-05,0.002058228,0.00013852,0.001843012,0.000107148,0.042388997
1809,1809,1809,6.4,TTR006,175.900234,183.1444575,51,133.6303,35.5106,132.705,34.123,14.351,1.5,2.772149317,15:28:00,15:28:26,457,304,228,151,-9.969295404,0.069747839,0.010245776,0.151454455,0.066660739,2.03E-07,1.04E-06,0.008319835,0.038538594,0.002424081,0.001244325,0.00052125,0.112094117,198,197,32,64,299,0.000658753,3.82E-05,0.001138969,7.12E-05,0.000690855,4.59E-05,0.011100713
1810,1810,1810,6.4,TTR007,147.4573833,156.0278177,51,133.4876,35.2826,132.705,34.123,56.884,1.5,3.2283759,15:28:00,15:28:20,764,509,255,150,-9.755741516,0.50681679,0.028705023,0.449682266,0.21241595,2.17E-06,8.21E-06,0.055910747,0.056956921,0.009863441,0.002583935,0.001748478,0.03203395,7,295,35,287,299,0.000446379,3.28E-05,0.00057177,3.90E-05,0.000614219,3.05E-05,0.080662397
1811,1811,1811,6.4,TTR008,155.7086377,163.8480389,51,133.3301,35.4258,132.705,34.123,61.193,1.5,2.515059596,15:28:00,15:28:22,179,120,92,63,-5.037667456,0.150746233,0.097654728,1.403896464,0.55933349,1.52E-05,9.49E-05,0.42172735,0.291001229,0.095948914,0.016069699,0.004798635,0.669793811,216,214,193,214,299,0.010956861,0.000299411,0.006043211,0.000257253,0.005089482,0.000155135,0.023992008
1812,1812,1812,6.4,TTR009,128.0480377,137.8306931,51,133.3063,35.1629,132.705,34.123,37.345,0.01,1.114033611,15:28:00,15:28:17,559,373,307,257,0.027482259,0.148662898,0.610162211,7.350829157,1.4729297,0.000117017,0.00372231,8.749945777,5.575530247,7.642444673,0.175641208,0.01383857,7.423414094,261,286,288,260,237,0.000404313,2.77E-05,0.000543135,2.61E-05,0.000678053,2.82E-05,0.023660435
1813,1813,1813,6.4,WKY001,227.0080976,232.6664488,51,135.1694,34.2288,132.705,34.123,9.533,1.5,3.204597668,15:28:00,15:28:35,300,200,163,129,-7.409181946,0.792753711,0.102062838,1.583382158,0.748417378,2.70E-05,0.000103755,0.666669851,3.272208612,0.044681946,0.010191515,0.006301773,0.080775627,158,2,212,269,299,0.001617764,9.21E-05,0.002446713,0.000223184,0.001386397,5.74E-05,0.126170672
1814,1814,1814,6.4,WKY002,251.2240372,256.3484286,51,135.4305,34.2755,132.705,34.123,6.246,0.01,1.686836053,15:28:00,15:28:40,383,255,164,96,-3.141993096,0.252696903,0.253488806,2.83346611,0.852733331,4.57E-05,0.000633542,1.799380413,0.49117682,1.611239553,0.054281006,0.009023141,1.349670751,278,289,299,284,277,0.000589872,3.18E-05,0.000585666,3.32E-05,0.000715345,3.77E-05,0.040217961
1815,1815,1815,6.4,WKY003,221.9759452,227.7593472,51,135.116,34.0996,132.705,34.123,13.936,1.5,3.117139084,15:28:00,15:28:37,188,125,103,76,-5.909677714,0.189525719,0.132474112,2.042845072,0.951188287,4.29E-05,0.000174464,1.444665896,13.91262433,1.027587148,0.014504209,0.008343643,0.480845717,181,182,185,291,299,0.003024357,0.000124856,0.005681941,0.000410898,0.001833695,0.000100872,0.030163955
1816,1816,1816,6.4,WKY004,251.0473938,256.1753187,51,135.4313,34.0838,132.705,34.123,6.657,1.5,3.076328458,15:28:00,15:28:59,970,647,323,200,-0.56124828,1.444606554,4.28806627,65.16392133,29.94746634,0.043843473,0.182893923,1151.506317,54.45700747,390.8261143,0.460612872,0.269216879,2.00339395,220,279,243,294,299,0.052469264,0.00389374,0.065242437,0.003204827,0.05169686,0.002762997,0.229916274
1817,1817,1817,6.4,WKY005,257.8070176,262.803079,51,135.4883,33.8938,132.705,34.123,20.798,0.01,2.27009942,15:28:00,15:28:33,470,313,157,85,-2.474922617,0.07602333,0.239341119,3.135667052,1.111888296,7.48E-05,0.000572708,1.869988144,0.461561479,2.422027595,0.038567613,0.010165595,3.18754072,225,268,258,227,241,0.000503433,2.66E-05,0.000425715,2.36E-05,0.000380279,1.73E-05,0.012099489
1818,1818,1818,6.4,WKY006,227.0617097,232.7187574,51,135.1524,33.8908,132.705,34.123,20.773,1.5,3.15465497,15:28:00,15:28:32,420,280,156,84,-7.546287323,0.86140768,0.098905563,1.510351421,0.70771986,2.45E-05,9.74E-05,0.657114407,0.000597412,0.028504287,0.00948259,0.006200149,0.069166867,13,172,34,291,299,0.00140627,8.78E-05,0.000507292,2.17E-05,0.000625193,3.70E-05,0.13709729
1819,1819,1819,6.4,WKY007,284.6989766,289.2308892,51,135.7735,33.8375,132.705,34.123,7.14,1.5,2.959233989,15:28:00,15:29:08,495,330,165,98,-1.211704116,0.525253107,1.860216698,27.43862036,12.711329,0.007646545,0.034471992,242.3186048,238.6263588,169.2705839,0.182349256,0.105189131,2.181299163,84,24,32,264,299,0.090343817,0.006827824,0.048847482,0.004398414,0.087023472,0.006833464,0.083596628
1820,1820,1820,6.4,WKY008,250.4068752,255.5476534,51,135.3772,33.7289,132.705,34.123,14.573,1.5,3.267613533,15:28:00,15:28:34,229,153,133,105,-7.713654498,0.489220217,0.079814959,1.236884097,0.596704693,1.72E-05,6.35E-05,0.366677853,1.196909317,0.628854062,0.00741185,0.004762111,0.095192364,26,30,17,277,299,0.001615355,8.12E-05,0.001848601,0.000119916,0.00224742,0.000140438,0.077861816
1821,1821,1821,6.4,WKY010,265.6282102,270.4798441,51,135.4972,33.5503,132.705,34.123,11.364,1.5,3.21622634,15:28:00,15:28:33,862,575,287,185,-8.215281147,0.436110925,0.045891712,0.707563216,0.335768829,5.49E-06,2.10E-05,0.082207033,0.107155738,0.015392387,0.004662996,0.002666687,0.067181225,292,39,110,296,299,0.001031919,7.68E-05,0.000636216,4.01E-05,0.000575609,3.28E-05,0.069409209
1822,1822,1822,6.4,WKY011,304.9628863,309.1979334,51,135.946,33.5947,132.705,34.123,6.587,0.01,1.369553368,15:28:00,15:28:42,1364,909,455,326,-2.549174086,0.145367023,0.335356278,4.441620552,0.940492832,5.34E-05,0.001124555,2.534237828,0.350363059,1.11555798,0.058743422,0.011997581,2.539061448,218,232,242,198,202,0.000518682,3.15E-05,0.000453091,3.03E-05,0.000496975,3.88E-05,0.02313588
1823,1823,1823,6.4,WKY012,293.5176443,297.9154369,51,135.7835,33.472,132.705,34.123,7.442,1.5,2.791776671,15:28:00,15:29:08,341,228,114,64,-2.47882965,0.37176342,1.15073215,17.48237422,7.21075734,0.002608774,0.013214017,71.73566962,422.3191141,388.5834594,0.10568593,0.060710092,1.786201245,181,183,7,223,299,0.072264289,0.004452714,0.050051772,0.003783766,0.075294288,0.003346697,0.059167986
1824,1824,1824,6.4,WKY014,274.7513977,279.4446825,51,135.6397,33.7053,132.705,34.123,11.366,1.5,1.912383277,15:28:00,15:28:36,376,251,144,78,-2.635428013,0.101410968,0.302791801,3.8797209,1.28574089,8.49E-05,0.000916328,2.457001673,0.438137808,1.997451725,0.05284309,0.010737202,3.274033684,238,277,257,265,226,0.000432218,2.72E-05,0.000512097,3.10E-05,0.000367019,1.98E-05,0.016140057
1825,1825,1825,6.4,YMG001,115.2000606,125.9843401,51,131.6019,34.6173,132.705,34.123,57.903,1.5,3.037872718,15:28:00,15:28:15,227,152,109,69,-9.492313155,1.457898021,0.04730606,0.703143285,0.321742436,5.20E-06,2.22E-05,0.144761687,0.063451719,0.005857331,0.005172149,0.003028464,0.022290702,219,270,214,299,299,0.000589992,4.46E-05,0.000570554,4.05E-05,0.00038854,2.37E-05,0.232031677
1826,1826,1826,6.4,YMG002,124.1354389,134.2036035,51,131.3987,34.4073,132.705,34.123,77.677,0.010067114,1.343927345,15:28:00,15:28:16,249,166,203,370,1.209056587,0.167370087,2.234892476,29.5237066,6.336721646,0.002280788,0.049853194,109.9546776,71.35611462,835.1386888,0.385772401,0.053017933,14.48215466,243,226,216,245,130,0.002507253,0.000137427,0.000627418,4.39E-05,0.001337034,8.06E-05,0.026637777
1827,1827,1827,6.4,YMG003,105.5732467,117.2463663,51,131.6002,34.3829,132.705,34.123,48.509,0.010067114,1.145519164,15:28:00,15:28:13,599,399,200,149,1.233437361,0.314510098,3.462244493,48.57468514,8.026873731,0.00395936,0.119118724,277.482383,83.7746852,158.6115064,0.512821753,0.092613108,10.24499411,241,242,271,149,172,0.000373677,2.60E-05,0.000526983,3.08E-05,0.000375395,2.96E-05,0.050055837
1828,1828,1828,6.4,YMG004,142.6745495,151.5157651,51,131.182,34.3709,132.705,34.123,14.065,1.5,3.215362695,15:28:00,15:28:24,550,367,244,154,-6.438471634,0.468564165,0.156618967,2.443213877,1.151116879,6.40E-05,0.000244306,1.504906738,0.196515313,1.311699116,0.014263245,0.009658854,0.191262196,156,4,197,282,299,0.002353121,0.000132521,0.001256426,5.35E-05,0.002334738,0.000120841,0.074574303
1829,1829,1829,6.4,YMG005,162.6034777,170.4138813,51,130.9484,34.2904,132.705,34.123,15.724,0.01,2.069628388,15:28:00,15:28:21,1304,869,435,273,-1.090663907,0.251779858,1.297068488,17.49083743,5.788144892,0.001822225,0.016794879,50.61762597,1.512612371,49.9681549,0.16750155,0.049276674,4.180013788,291,218,292,264,291,0.000420551,2.73E-05,0.00044246,2.67E-05,0.000563519,5.18E-05,0.040072009
1830,1830,1830,6.4,YMG006,163.4074569,171.1811817,51,130.9298,34.149,132.705,34.123,25.645,1.5,3.138639884,15:28:00,15:28:22,392,261,131,73,-6.501046354,0.369218174,0.09332692,1.433297423,0.665057018,2.16E-05,8.67E-05,0.559007993,0.666210957,14.08725693,0.010405062,0.005857232,0.177068559,294,287,3,296,299,0.001770685,8.36E-05,0.001932014,8.43E-05,0.006310324,0.000392887,0.058762897
1831,1831,1831,6.4,YMG007,137.9933621,147.1161717,51,131.2064,34.1657,132.705,34.123,21.664,1.5,3.102671292,15:28:00,15:28:18,981,654,327,217,-9.160631554,1.274356531,0.049914816,0.753589118,0.351297635,6.04E-06,2.48E-05,0.159548028,0.014562082,0.038836811,0.005205006,0.003158952,0.025663162,21,199,20,295,299,0.000635104,4.85E-05,0.000377009,3.09E-05,0.000474645,3.97E-05,0.202820141
1832,1832,1832,6.4,YMG008,120.4505601,130.802666,51,131.4042,34.0121,132.705,34.123,83.262,1.5,3.239386186,15:28:00,15:28:14,883,589,294,174,-8.201648823,1.129380891,0.102247181,1.597314829,0.758864727,2.77E-05,0.00010415,0.588585448,1.672766936,0.231638571,0.009046113,0.006229785,0.050327044,16,8,8,268,299,0.001473926,8.08E-05,0.003342109,0.000143611,0.002009782,6.27E-05,0.179746551
1833,1833,1833,6.4,YMG009,82.59011592,97.06764264,51,131.8169,34.2319,132.705,34.123,126.491,0.010067114,1.063700359,15:28:00,15:28:10,885,590,295,204,1.696986649,0.254100936,4.420780226,60.39581298,9.442600604,0.005586369,0.194917447,453.429602,85.57875015,561.238118,0.580831984,0.109140738,14.36230441,252,229,272,155,173,0.000347217,1.94E-05,0.00042427,3.45E-05,0.000539892,2.51E-05,0.04044142
1834,1834,1834,6.4,YMG010,67.55601123,84.64522818,51,131.9822,34.2304,132.705,34.123,224.723,0.010067114,0.750899388,15:28:00,15:28:08,749,499,250,148,3.795049886,0.104866952,6.774608903,85.89106227,10.594354,0.006553435,0.458844162,1006.230635,237.6594805,1323.822712,1.103726173,0.103679514,66.13061535,179,256,199,253,180,0.000519607,2.88E-05,0.000499404,3.70E-05,0.000374479,3.24E-05,0.016690094
1835,1835,1835,6.4,YMG011,155.1665423,163.3329601,51,131.0214,34.0643,132.705,34.123,34.821,1.5,3.17109551,15:28:00,15:28:20,555,370,185,126,-8.607423081,1.025799389,0.074764149,1.147803008,0.538119127,1.42E-05,5.57E-05,0.36164316,2.187801414,0.012028992,0.006906977,0.004652369,0.042306339,9,13,6,290,299,0.000843357,6.59E-05,0.001877449,0.000156748,0.000455568,3.11E-05,0.163261043
1836,1836,1836,6.4,YMG012,137.7215808,146.8612741,51,131.2181,33.9941,132.705,34.123,65.851,1.5,3.171080946,15:28:00,15:28:17,222,148,84,51,-8.968018587,0.66415085,0.042226824,0.64604842,0.306494776,4.52E-06,1.77E-05,0.102907219,0.132369028,0.276278467,0.004378281,0.002516517,0.041420636,115,2,67,299,299,0.000994572,4.83E-05,0.000678629,3.64E-05,0.001051667,7.94E-05,0.105702891
1837,1837,1837,6.4,YMG013,108.2605374,119.6718177,51,131.5348,34.031,132.705,34.123,247.248,0.010067114,1.261583207,15:28:00,15:28:13,258,172,102,63,2.238180945,0.239665743,4.524769321,59.23044344,11.07786492,0.008252794,0.204705222,451.0520257,192.8617077,2165.436583,0.766615595,0.112846277,20.09794049,186,298,285,169,143,0.000509448,2.31E-05,0.000441915,2.16E-05,0.000669593,5.85E-05,0.038143988
1838,1838,1838,6.4,YMG014,82.98198314,97.40128092,51,131.8077,34.0544,132.705,34.123,132.496,1.5,3.149059095,15:28:00,15:28:11,587,391,383,367,-8.391791082,0.489949409,0.047486574,0.735916908,0.342156062,5.65E-06,2.25E-05,0.137309401,3.974279235,0.065085596,0.005025526,0.002909138,0.06444811,12,3,6,281,299,0.00112718,8.20E-05,0.002985579,0.000210556,0.001078794,6.79E-05,0.07797787
1839,1839,1839,6.4,YMG015,58.00181811,77.23477782,51,132.0758,34.0966,132.705,34.123,187.823,1.5,3.221486488,15:28:00,15:28:07,755,503,252,198,-8.794481562,0.997218203,0.074666446,1.157525971,0.55025305,1.46E-05,5.55E-05,0.343500267,0.375732164,0.103189058,0.00671656,0.004579483,0.042319114,162,184,154,293,299,0.000904159,6.97E-05,0.000916356,6.64E-05,0.000779123,4.09E-05,0.158712206
1840,1840,1840,6.4,YMG016,48.9050875,70.65909413,51,132.1766,34.1699,132.705,34.123,286.059,1.5,3.22175262,15:28:00,15:28:06,309,206,241,366,-8.515467451,0.394271432,0.039105938,0.610292418,0.288914479,4.01E-06,1.52E-05,0.082439609,2.035347394,0.283086114,0.004121916,0.002368362,0.065687649,270,6,51,264,299,0.000998385,5.40E-05,0.002255373,0.00016095,0.001259187,7.97E-05,0.062750247
1841,1841,1841,6.4,YMG017,58.35257919,77.49853868,51,132.1011,33.9649,132.705,34.123,236.7,1.5,3.183346652,15:28:00,15:28:07,177,118,74,43,-7.532809651,0.721440349,0.131033449,2.01390936,0.947634929,4.39E-05,0.000170961,1.028900698,1.987664124,3.744558277,0.01252114,0.008076858,0.109049409,15,12,12,287,299,0.002421575,0.000135952,0.002140129,0.000206659,0.002564323,0.000199294,0.114820798
1842,1842,1842,6.4,YMG018,39.99734846,64.81348536,51,132.3561,33.9091,132.705,34.123,219.708,0.010033445,1.101191687,15:28:00,15:28:05,590,393,197,98,2.419202997,0.10191709,3.653184456,48.59256383,7.520033626,0.004094005,0.133285287,296.892965,236.506505,233.0127879,0.612561481,0.108532824,37.76439562,289,245,233,214,235,0.000518305,4.01E-05,0.000542349,4.53E-05,0.000396435,2.66E-05,0.016220609
1843,1843,1843,6.4,YMG019,62.47571009,80.64870954,51,132.1205,33.8388,132.705,34.123,156.002,0.75,0.860269181,15:28:00,15:28:07,1531,1021,618,356,2.165196047,0.151157497,3.34907192,43.52391278,5.536831097,0.002096635,0.111844281,239.9227142,93.09458472,212.1065649,0.675717917,0.0691081,28.08766343,280,253,292,233,265,0.000578641,4.00E-05,0.000734423,5.03E-05,0.000434772,2.70E-05,0.024057463
2147,2147,2147,6.2,KNG005,122.7529819,123.338131,12,139.549,35.3194,139.235,34.246,4.125,1.5,3.092187243,22:18:00,22:18:49,512,341,211,124,-3.564290952,0.473590943,0.579985737,8.849249814,4.086612501,0.000813534,0.003358951,19.41406967,2.587103598,10.81292322,0.060955231,0.033839862,0.808700038,8,108,200,284,292,0.024311342,0.001692963,0.020169393,0.000879565,0.024859716,0.001262513,0.07537434
2148,2148,2148,6.2,SZO003,65.47848781,66.56900454,12,139.0546,34.8158,139.235,34.246,6.995,1.5,3.06903505,22:18:00,22:18:32,473,316,158,102,-9.089908033,0.203349505,0.016581663,0.242361506,0.117091632,6.53E-07,2.74E-06,0.011881925,3.46766921,1.185509261,0.00218313,0.000871563,0.06745534,27,5,172,214,299,0.001063748,4.15E-05,0.003427498,0.000220483,0.002844667,0.000158945,0.032364079
2149,2149,2149,6.2,TKY008,61.63425564,62.79157164,12,139.3909,34.7852,139.235,34.246,2.63,0.01,1.39094283,22:18:00,22:18:31,506,337,246,160,-3.56911657,0.197059726,0.207463462,2.655428614,0.553611164,2.08E-05,0.000423813,0.960473019,0.979855941,1.008289098,0.037980786,0.006273467,1.211005023,183,215,168,186,283,0.000633653,3.38E-05,0.002781605,0.000182985,0.00231216,0.000147493,0.031363029
2150,2150,2150,6.2,TKY009,52.59584832,53.94741199,12,139.4412,34.6874,139.235,34.246,3.906,1.5,3.033865612,22:18:00,22:18:28,403,269,232,182,-9.880955342,0.27198616,0.017984236,0.270462996,0.127028879,7.50E-07,3.22E-06,0.036156614,0.433014676,0.233425864,0.002112297,0.001110993,0.048796427,9,19,154,296,299,0.000580378,3.34E-05,0.001498162,9.69E-05,0.001309983,8.62E-05,0.043287942
2152,2152,2152,6.2,TKY011,30.52049554,32.79482654,12,139.5315,34.1228,139.235,34.246,12.132,1.5,3.043219933,22:18:00,22:18:21,688,459,229,139,-7.475324601,0.340150975,0.068816776,1.070378095,0.487521039,1.11E-05,4.72E-05,0.306196464,3.011484646,33.47112483,0.00738494,0.00401538,0.1364128,93,8,35,283,299,0.003230406,0.000138817,0.006337876,0.000390594,0.010782183,0.000757581,0.054136709
2153,2153,2153,6.2,TKY012,135.6934579,136.2230322,12,139.789,33.1161,139.235,34.246,2.946,1.5,2.856143987,22:18:00,22:18:51,668,445,261,146,-5.469128886,0.277207856,0.162298312,2.362236341,1.041367825,5.42E-05,0.000262256,1.394939892,52.52512154,10.89167323,0.018973648,0.008929581,0.430056152,108,7,203,252,299,0.013078261,0.000585431,0.018653778,0.000953302,0.019081598,0.000736401,0.044119
2154,2154,2154,6.2,AIC001,176.3134308,177.8072718,23,136.75,35.2976,138.547,34.708,6.794,0.01,1.321398774,23:58:00,23:58:58,204,136,103,69,-3.497284041,0.384874219,0.431924875,6.257842977,1.186080251,8.25E-05,0.001865586,4.576329763,4.330033393,11.75536609,0.057305034,0.011753637,0.935521602,250,216,263,281,294,0.042285781,0.003038875,0.033721087,0.002807583,0.042236778,0.004605252,0.061254634
2155,2155,2155,6.2,AIC002,162.4474463,164.0675861,23,136.9153,35.2979,138.547,34.708,4.913,1.5,1.774131178,23:58:00,23:58:52,607,405,294,338,-4.329785981,0.458302045,0.211441803,2.362786687,0.751394586,3.56E-05,0.000446173,1.366358829,59.95870516,42.839905,0.042436344,0.01169157,0.581789706,252,60,236,286,297,0.023125417,0.000842065,0.012057574,0.000946418,0.014283075,0.000946121,0.072941036
2156,2156,2156,6.2,AIC003,172.6046582,174.1303191,23,136.7404,35.1732,138.547,34.708,4.734,1.5,3.268981364,23:58:00,23:59:00,190,127,124,118,-3.010318887,0.763282659,0.930129395,14.371943,7.531144795,0.002334429,0.008624134,57.63813821,120.7851655,89.08735356,0.09780536,0.041596637,0.805113536,11,275,203,44,299,0.040632925,0.003434399,0.049821433,0.003944898,0.088920797,0.007446962,0.121480208
2157,2157,2157,6.2,AIC004,148.8390326,150.6056361,23,136.9737,35.0632,138.547,34.708,6.73,1.5,3.195760544,23:58:00,23:58:38,456,304,249,194,-9.163590381,1.223037081,0.066604901,1.032846482,0.485338253,1.14E-05,4.42E-05,0.283001475,0.000693416,0.007568254,0.00619663,0.00412543,0.031834337,10,209,101,282,299,0.000823379,5.79E-05,0.000292638,2.38E-05,0.000422182,3.12E-05,0.194652397
2158,2158,2158,6.2,AIC005,133.8381614,135.8000495,23,137.2056,35.1979,138.547,34.708,6.434,1,2.035200575,23:58:00,23:58:38,798,532,266,170,-4.223823271,0.245699393,0.164496138,2.356315176,0.800406503,2.80E-05,0.000266516,2.962184055,1.154427991,3.352293929,0.029568051,0.005416721,0.756133516,79,128,228,298,86,4.35E-05,2.26E-06,5.55E-05,2.15E-06,8.12E-05,5.48E-06,0.039104273
2159,2159,2159,6.2,AIC006,110.1980447,112.5726834,23,137.5086,35.2159,138.547,34.708,42.546,0.010067114,0.826427403,23:58:00,23:58:41,513,342,171,105,-1.906378533,0.149050662,0.467187921,6.07729303,0.856941901,3.76E-05,0.002174654,4.721020453,7.372453021,20.48237249,0.074675325,0.008126468,3.147915618,173,258,177,296,102,0.017947129,0.000780929,0.022496231,0.000819808,0.024336668,0.000826367,0.02372215
2160,2160,2160,6.2,AIC009,134.3086181,136.2637329,23,137.1464,35.0812,138.547,34.708,14.289,0.010067114,1.541768928,23:58:00,23:58:35,353,235,198,150,-3.835248624,0.168337515,0.233270171,3.123145241,0.825858997,3.28E-05,0.000544133,1.334738258,1.377811424,4.181200818,0.035809044,0.007165267,1.336569941,259,278,287,291,298,0.000688349,3.70E-05,0.000641648,3.96E-05,0.001033835,6.12E-05,0.026791748
2161,2161,2161,6.2,AIC010,106.7651696,109.2144745,23,137.4236,34.976,138.547,34.708,20.1,1,1.750862409,23:58:00,23:58:29,396,264,170,104,-2.864350793,0.17906485,0.239702997,3.268878894,1.012042112,4.44E-05,0.00057142,1.584822574,0.972191912,3.982740981,0.048730629,0.005882716,1.709903267,249,278,297,160,109,0.000198828,1.33E-05,9.17E-05,4.08E-06,0.000101778,6.41E-06,0.028499056
2162,2162,2162,6.2,AIC011,156.8948247,158.5717063,23,136.8639,34.9965,138.547,34.708,6.856,1.5,2.658653426,23:58:00,23:58:53,269,180,112,64,-3.049954426,0.439436502,0.622553415,8.931342244,3.655207319,0.000689892,0.003853161,19.60654559,6.20134693,21.90888031,0.073909286,0.035675974,1.056775522,142,269,288,259,299,0.028965672,0.002175023,0.016410863,0.000731715,0.03527764,0.002506855,0.069938491
2163,2163,2163,6.2,AIC012,139.014792,140.9046216,23,137.0447,34.9119,138.547,34.708,5.378,1.5,3.185302743,23:58:00,23:58:38,265,176,127,88,-8.283342799,0.994512102,0.078167143,1.19865685,0.566635456,1.56E-05,6.08E-05,0.397869552,0.207701127,0.001802555,0.007646868,0.004848553,0.04831182,8,5,165,297,299,0.001220741,6.48E-05,0.000933218,6.85E-05,0.000738922,3.97E-05,0.158281517
2164,2164,2164,6.2,AIC013,92.10651283,94.93476553,23,137.5761,34.9335,138.547,34.708,20.48,0.010033445,1.417237017,23:58:00,23:58:27,878,586,422,308,-2.432743313,0.149292882,0.460227475,6.319171757,1.500231947,0.000107741,0.002117666,5.123454949,0.651252208,6.083703423,0.067753821,0.013642982,2.851507749,223,265,221,73,83,9.45E-05,5.65E-06,0.000204171,8.58E-06,0.000170981,6.38E-06,0.0237607
2165,2165,2165,6.2,AIC014,121.924235,124.0746512,23,137.22,34.8263,138.547,34.708,5.394,1.5,3.207090086,23:58:00,23:58:33,449,299,204,132,-9.395699532,1.301138614,0.065966345,1.021566361,0.482718866,1.13E-05,4.33E-05,0.269592989,0.005856069,0.019966597,0.006075953,0.004083128,0.029340717,6,2,10,290,299,0.000915513,5.67E-05,0.000369843,1.76E-05,0.000414136,2.12E-05,0.207082642
2166,2166,2166,6.2,AIC015,104.5169756,107.0177471,23,137.4047,34.7549,138.547,34.708,13.026,0.011278195,0.361583665,23:58:00,23:58:33,459,306,248,180,-10.92224066,0.078486946,0.003901464,0.05343298,0.00314126,5.03E-10,1.52E-07,0.000444058,0.000751334,0.000626568,0.000704749,3.33E-05,0.056417884,296,17,295,260,139,0.000411851,1.48E-05,0.000394888,1.08E-05,0.000307664,1.29E-05,0.012491585
2167,2167,2167,6.2,AIC016,149.8971133,151.6513916,23,136.9087,34.7788,138.547,34.708,8.547,1.5,2.524130689,23:58:00,23:58:51,259,173,121,76,-3.882403374,0.401299402,0.309561214,4.514179032,1.889340359,0.000152997,0.000948024,7.517936729,1.362272267,1.842697004,0.045293763,0.014494233,0.709169034,99,189,279,299,299,0.022768558,0.00150082,0.019122115,0.000920396,0.040046998,0.00267713,0.063868783
2168,2168,2168,6.2,AIC017,117.6783797,119.9049667,23,137.2606,34.6728,138.547,34.708,4.595,1,0.877620443,23:58:00,23:58:39,469,313,228,159,-4.393206959,0.153953598,0.113714977,1.539927901,0.235484356,2.52E-06,0.000129201,0.278099346,0.127079775,0.222124453,0.022949146,0.00171653,0.936605168,268,296,290,270,266,0.000227907,4.00E-06,0.000155294,1.08E-05,0.000143441,8.03E-06,0.024502476
2169,2169,2169,6.2,AIC018,131.9696545,133.9589105,23,137.1078,34.6221,138.547,34.708,1.816,0.010033445,1.804297808,23:58:00,23:58:45,2055,1370,731,547,-6.575023874,0.130387732,0.046276344,0.666384683,0.186178981,1.74E-06,2.12E-05,0.052028979,0.018990564,0.070430237,0.00718689,0.001825902,0.346325247,297,297,98,299,270,0.003463654,0.000208026,0.000944882,5.06E-05,0.002722035,0.000180274,0.020751852
2170,2170,2170,6.2,CHB001,183.9536476,185.3859338,23,139.8733,35.9595,138.547,34.708,3.503,1.5,3.161889122,23:58:00,23:59:05,296,197,138,86,-2.776542655,1.163002357,1.393044883,21.62492942,9.857365687,0.004894216,0.019326341,94.00666321,10.21926886,9.195166566,0.127990157,0.082665524,0.691473985,63,97,247,250,299,0.027613403,0.001660753,0.050133665,0.00265315,0.068821987,0.004193122,0.185097574
2171,2171,2171,6.2,CHB002,171.9110508,173.442813,23,139.9031,35.7868,138.547,34.708,2.919,1.5,2.993380649,23:58:00,23:59:02,448,299,201,128,-3.041115544,1.069827377,1.001048061,14.31912451,6.634273364,0.002261315,0.009963156,47.58819917,295.891936,20.24057772,0.111928378,0.061664297,0.657364691,221,283,182,293,299,0.028793459,0.002764132,0.031888865,0.001953728,0.029399736,0.001840277,0.170268315
2172,2172,2172,6.2,CHB008,161.9535134,163.5785454,23,139.9023,35.6537,138.547,34.708,4.768,1.5,3.026206749,23:58:00,23:58:59,190,127,128,132,-1.817255106,0.820510717,1.77276854,27.27176555,12.14435436,0.007257581,0.031286318,205.1002999,53.94185179,156.0973252,0.178858475,0.107572211,1.369635909,19,229,111,289,299,0.043615568,0.003774683,0.049128657,0.004186039,0.080398412,0.0086663,0.130588336
2173,2173,2173,6.2,CHB012,188.7466686,190.1428539,23,140.3333,35.5727,138.547,34.708,2.398,1.5,2.793970525,23:58:00,23:59:06,332,221,145,86,-3.625795323,0.973304351,0.75093836,11.08685725,4.645827835,0.001110151,0.005614333,29.68513322,131.2344409,55.16362743,0.088643575,0.041757415,0.572240335,79,243,99,243,299,0.032720546,0.002014364,0.037263937,0.003023618,0.040641009,0.00270181,0.154906199
2174,2174,2174,6.2,CHB013,177.9568168,179.4369769,23,140.2905,35.4327,138.547,34.708,2.111,0.010033445,2.157285116,23:58:00,23:59:11,340,227,160,100,-3.576060726,0.917246229,0.677088291,9.528777525,2.943953679,0.000539699,0.004578212,22.23271582,5.199477873,496.4749114,0.085926092,0.034925651,0.588598285,195,194,11,260,299,0.039026832,0.003015172,0.031572091,0.00280841,0.03687215,0.003504616,0.145984271
2175,2175,2175,6.2,CHB014,161.1866266,162.8193127,23,140.0489,35.4769,138.547,34.708,13.434,1.5,3.136275751,23:58:00,23:58:48,215,143,86,48,-8.986022258,0.839100776,0.043991068,0.676038223,0.312922953,4.80E-06,1.93E-05,0.11221352,0.0773413,0.19019173,0.004514287,0.002688969,0.033802975,212,36,21,274,299,0.001003242,5.48E-05,0.001101492,5.53E-05,0.001552787,6.93E-05,0.133547036
2176,2176,2176,6.2,CHB015,144.9537862,146.767163,23,139.9159,35.3738,138.547,34.708,4.965,1.5,2.878208803,23:58:00,23:58:56,191,127,73,39,-1.986819064,0.863355617,1.084336027,15.41067472,6.812381212,0.002453177,0.011690794,51.09696461,121.6368716,10.38000067,0.157005764,0.065334518,1.142630323,244,280,219,253,299,0.053578448,0.003786677,0.047759299,0.004384491,0.047954705,0.00427221,0.137407314
2177,2177,2177,6.2,CHB016,180.0205409,181.4838702,23,140.3867,35.2999,138.547,34.708,1.862,1.5,2.740150311,23:58:00,23:59:03,209,140,106,71,-3.556905558,1.119291806,0.714900052,10.742958,4.778648513,0.000968163,0.005090489,23.13017864,30.41345064,83.71422523,0.082668913,0.03720638,0.464064956,96,24,119,287,299,0.028855066,0.002581747,0.024249412,0.002184866,0.040942616,0.00418135,0.178140824
2178,2178,2178,6.2,CHB017,153.9372578,155.6460065,23,140.0755,35.2988,138.547,34.708,3.122,1.5,2.438622603,23:58:00,23:58:57,318,212,154,99,-3.521203311,0.487003738,0.436187117,5.831585949,2.244730426,0.00028643,0.001901471,5.7145396,21.24926854,23.31307417,0.065101454,0.021068406,0.839920652,196,132,98,226,270,0.027409817,0.002131007,0.057740738,0.003640349,0.047287289,0.003209497,0.077509052
2179,2179,2179,6.2,CHB018,169.3741623,170.9286601,23,140.3222,35.1577,138.547,34.708,1.692,1.5,3.150616825,23:58:00,23:59:00,399,266,148,80,-4.226806051,0.870069211,0.489184464,7.464457659,3.443908443,0.000600459,0.002388095,12.55384071,45.37753291,16.10257936,0.050323994,0.029354438,0.363413594,168,7,107,239,296,0.018805292,0.001145819,0.024410791,0.001458549,0.018830701,0.000994879,0.138475816
2180,2180,2180,6.2,CHB019,125.6939812,127.7809724,23,139.8351,35.1105,138.547,34.708,24.442,0.010067114,2.198355931,23:58:00,23:58:33,205,136,103,76,-1.180405773,0.584782002,1.761249077,23.03911831,8.978248069,0.003789538,0.030956364,183.5271988,28.85915324,54.64095043,0.252860057,0.068026602,2.716852763,105,298,280,32,299,0.000124977,9.16E-06,0.00012838,8.27E-06,0.000148762,1.13E-05,0.093070946
2181,2181,2181,6.2,CHB020,148.8701118,150.6363509,23,140.1022,35.1155,138.547,34.708,3.976,0.010204082,1.669095305,23:58:00,23:58:49,230,154,137,112,-2.711334526,0.387742444,0.50841334,6.953884901,2.054612036,0.000182353,0.002584111,12.6711589,1.047618526,4.70403971,0.095358415,0.01305946,1.545238596,53,296,208,25,37,0.072395542,0.005555791,0.008755733,0.000364171,0.019555614,0.000893283,0.061711127
2182,2182,2182,6.2,CHB021,125.3290873,127.4220551,23,139.8979,34.9083,138.547,34.708,1.656,1.5,2.990777452,23:58:00,23:58:49,1208,805,403,280,-3.19521725,0.992818712,0.85970439,13.23675238,5.85859697,0.001669163,0.007366992,52.84516991,4.968831057,0.752553413,0.087273765,0.052982203,0.552323632,4,75,120,286,299,0.019784347,0.001561002,0.015919455,0.000775269,0.02136626,0.0009406,0.158012006
2183,2183,2183,6.2,CHB022,136.9339718,138.8521251,23,139.8598,35.3083,138.547,34.708,4.179,0.010033445,1.980652943,23:58:00,23:58:55,404,269,198,130,-2.089737499,0.514937933,0.763259697,9.815332537,2.986370488,0.000576366,0.005800175,15.63812115,10.6953619,33.51138352,0.124182676,0.034164773,1.515255951,283,140,105,292,266,0.086354915,0.002795725,0.045134466,0.002670102,0.049115952,0.003974399,0.081954917
2184,2184,2184,6.2,FKI002,273.2020794,274.1685179,23,136.0137,36.0386,138.547,34.708,1.486,1.5,2.732886073,23:58:00,23:59:31,537,358,227,170,-6.105989365,0.733429688,0.178036122,2.505911482,1.126122704,5.99E-05,0.000316696,0.910975408,4.44597792,1.802622287,0.022129127,0.007220747,0.18957701,110,161,103,93,282,0.009077683,0.000901409,0.015994608,0.00121511,0.016782129,0.0015827,0.11672896
2185,2185,2185,6.2,FKI003,257.4582871,258.4835964,23,136.2279,36.0444,138.547,34.708,6.645,0.75,1.076466779,23:58:00,23:58:59,377,251,168,101,-5.757627586,0.509620956,0.110877149,1.493734702,0.271787839,3.61E-06,0.000122928,0.440275214,0.203487895,1.63027955,0.018126861,0.002039237,0.223488506,177,116,270,273,92,0.000233822,1.03E-05,0.000241097,1.46E-05,0.000238851,1.34E-05,0.081108694
2186,2186,2186,6.2,FKI004,234.2945559,235.4207699,23,136.4865,35.9789,138.547,34.708,2.66,1.5,2.424634302,23:58:00,23:59:14,518,348,284,208,-4.160704439,0.665161454,0.35260272,4.766174222,1.878327135,0.000184077,0.001236136,6.019783313,52.90317016,3.845380524,0.049185433,0.016530609,0.464610792,269,12,78,259,299,0.029114942,0.002469811,0.038074378,0.003355774,0.041023105,0.003437488,0.105863733
2187,2187,2187,6.2,FKI005,253.2100689,254.2525103,23,136.1743,35.9067,138.547,34.708,2.732,1.5,3.216857546,23:58:00,23:59:23,466,311,216,138,-4.605669237,0.774467106,0.370163946,5.465533461,2.759908199,0.000358743,0.001368608,8.515365958,0.919454437,25.58352976,0.044035974,0.021360282,0.357260085,26,72,49,37,293,0.018580012,0.001342054,0.023723223,0.00165635,0.018169562,0.001651563,0.123260268
2188,2188,2188,6.2,FKI006,243.8457342,244.9280345,23,136.1998,35.7731,138.547,34.708,1.118,0.010033445,1.929269261,23:58:00,23:59:23,1024,683,341,234,-5.817829384,0.632666782,0.169161144,2.31766898,0.806169079,2.68E-05,0.000284689,0.820327175,6.180583507,3.986966285,0.022461941,0.004457719,0.223075628,23,33,207,102,243,0.010325684,0.00079512,0.011985542,0.001257409,0.014445897,0.001185869,0.100692046
2189,2189,2189,6.2,FKI007,249.0784915,250.1381516,23,136.0575,35.6447,138.547,34.708,5.67,1.5,2.951567643,23:58:00,23:59:19,244,163,105,63,-3.377181106,0.953409201,0.738000636,10.82038276,4.858379569,0.001199358,0.005435045,23.98636917,25.49197716,133.0996258,0.08702265,0.036739524,0.57349922,16,133,287,43,274,0.041684603,0.004158292,0.084176541,0.007851069,0.063423672,0.005859659,0.151739787
2190,2190,2190,6.2,FKI008,257.4839334,258.509141,23,135.9084,35.5479,138.547,34.708,3.814,1.5,3.203480067,23:58:00,23:58:57,269,179,136,101,-9.114305804,0.991461726,0.054672617,0.846635554,0.400163039,7.74E-06,2.98E-05,0.191560733,0.002375314,0.005654188,0.005114875,0.003400503,0.032414469,2,284,19,297,299,0.000611382,4.65E-05,0.000174261,7.95E-06,0.000207549,1.11E-05,0.157796035
2191,2191,2191,6.2,FKI009,268.9537732,269.9354221,23,135.7519,35.4965,138.547,34.708,3.58,1.5,3.100070264,23:58:00,23:59:26,210,140,107,81,-4.107152032,1.1253014,0.693458385,10.19493811,4.770049809,0.00116724,0.004794871,30.77250599,19.03135653,390.809421,0.072356169,0.042573705,0.404004847,9,146,30,278,299,0.019511657,0.00088799,0.045028482,0.004625678,0.089235718,0.009413998,0.17909728
2192,2192,2192,6.2,FKI010,286.0941906,287.0172223,23,135.551,35.4904,138.547,34.708,3.05,1.5,2.641814254,23:58:00,23:59:33,274,183,162,132,-5.761841772,0.646559559,0.184876323,2.599414072,1.158223499,6.04E-05,0.000341694,1.118547933,15.0010338,16.27829415,0.024214328,0.008391732,0.235311822,243,17,36,255,278,0.016120063,0.00129489,0.048517715,0.004820283,0.035550066,0.003626826,0.10290315
2193,2193,2193,6.2,FKI011,216.1317563,217.3521017,23,136.6706,35.9053,138.547,34.708,2.143,1.5,2.285960937,23:58:00,23:59:09,714,476,287,164,-4.658022639,0.36480987,0.182147295,2.490271272,0.903720439,4.36E-05,0.00032938,1.351584528,219.1227067,40.01887213,0.029541651,0.007811,0.508801106,79,28,30,86,299,0.014534388,0.001007073,0.021306124,0.001860055,0.020466913,0.001220866,0.058061294
2194,2194,2194,6.2,FKS020,345.4314973,346.1963595,23,140.1078,37.5474,138.547,34.708,1.186,1,1.512497391,23:58:00,00:00:07,178,119,84,57,-4.854967566,1.165648866,0.37734532,5.244931036,1.197299237,8.20E-05,0.00141431,3.415141228,96.60494857,73.38758801,0.045330827,0.010134429,0.244346298,145,24,219,295,215,0.016289161,0.001515032,0.054236391,0.00569876,0.069464384,0.004960153,0.185518779
2195,2195,2195,6.2,GIF001,229.3888732,230.5390534,23,136.8978,36.2742,138.547,34.708,1.815,1.5,3.149731328,23:58:00,23:59:14,1042,695,347,272,-3.087928716,1.036821158,0.842489604,12.95965133,6.027739225,0.001778171,0.007075974,36.24751548,89.18813186,13.9367824,0.097850515,0.044902394,0.592978754,234,259,101,242,299,0.035980138,0.002835848,0.01951534,0.001631717,0.046379797,0.004756023,0.165015212
2196,2196,2196,6.2,GIF002,221.9804031,223.1687688,23,137.0253,36.2734,138.547,34.708,3.113,1.5,2.517414221,23:58:00,23:59:11,974,649,325,224,-4.426095665,0.892920829,0.429076428,5.674583348,2.504827953,0.000294213,0.001832789,7.885970473,3.618777557,6.627711205,0.052430449,0.021424147,0.368935538,256,153,273,54,299,0.023720534,0.001752408,0.037400408,0.002521717,0.029521055,0.002369856,0.142112764
2197,2197,2197,6.2,GIF003,212.8924242,214.1312314,23,137.3014,36.3322,138.547,34.708,1.753,1.5,2.522363792,23:58:00,23:59:09,1027,684,342,235,-5.289311378,0.576811118,0.195516153,2.82340678,1.230843262,6.15E-05,0.000381618,1.174214823,1.057972363,20.17554023,0.027091239,0.007125478,0.295104008,276,237,236,155,225,0.017730523,0.001506638,0.015070208,0.001335648,0.011259284,0.001240207,0.091802341
2198,2198,2198,6.2,GIF004,195.0880051,196.4391247,23,137.5174,36.2492,138.547,34.708,3.157,1.5,3.220278793,23:58:00,23:59:05,627,418,246,150,-2.61482833,1.10458952,1.663761451,26.22639044,12.62619792,0.007247113,0.02758912,155.0198341,32.85389613,49.07113338,0.144146017,0.092057612,0.8199391,19,127,38,51,299,0.030490659,0.002427594,0.046944146,0.003017078,0.038258873,0.003006472,0.175800882
2199,2199,2199,6.2,GIF005,199.0372493,200.3617394,23,137.2514,36.1536,138.547,34.708,3.524,0.75,1.523569787,23:58:00,23:59:06,646,431,227,156,-4.38008925,0.537606312,0.349346445,5.035044132,1.205371466,7.15E-05,0.001216302,3.169100313,8.185491256,21.13619783,0.041494728,0.008907414,0.484962805,282,94,10,269,239,0.030976256,0.00256007,0.03769608,0.003347634,0.025967754,0.001568473,0.085562702
2200,2200,2200,6.2,GIF006,206.4175405,207.6949711,23,136.9528,36.0333,138.547,34.708,3.757,1.5,2.900190482,23:58:00,23:59:06,688,459,333,215,-3.165237655,0.606371767,0.631837076,9.452177424,4.237630128,0.00084871,0.00398351,23.69557963,74.09478308,23.8216381,0.081212405,0.037698808,0.841517725,57,107,82,286,299,0.030623206,0.001910903,0.057679497,0.003230282,0.034292062,0.002461675,0.096507064
2201,2201,2201,6.2,GIF007,176.3975197,177.8906545,23,137.4861,36.0378,138.547,34.708,26.943,0.130434783,0.540668997,23:58:00,23:58:40,378,252,180,114,-2.164331788,0.157849868,0.367327589,4.727300987,0.390435144,9.99E-06,0.001349159,2.881260674,7.067827516,4.185240501,0.071217991,0.005516912,2.834819201,214,231,221,218,251,7.10E-05,4.98E-06,7.50E-05,6.89E-06,8.52E-05,5.56E-06,0.025122587
2202,2202,2202,6.2,GIF008,180.9655013,182.4212506,23,137.26,35.9515,138.547,34.708,4.834,1.5,3.29254444,23:58:00,23:59:00,775,517,326,216,-2.283154179,0.777484704,1.540742235,24.35870173,11.79670513,0.006497966,0.023663223,145.414301,163.4469442,63.23672828,0.148695628,0.090227362,1.201672752,4,206,23,226,299,0.03935349,0.002634726,0.035677556,0.002230917,0.026299357,0.001541344,0.123740534
2203,2203,2203,6.2,GIF009,206.0482899,207.3279956,23,136.8311,35.9219,138.547,34.708,1.944,1.5,2.233179914,23:58:00,23:59:05,563,375,255,164,-4.802775808,0.313774605,0.204152884,2.709470741,1.04346486,5.23E-05,0.000414076,2.128830506,88.42892287,2.358895782,0.025079858,0.008319669,0.502212072,144,20,63,11,248,0.018969903,0.001121165,0.023650821,0.001544349,0.014928799,0.000956049,0.049938779
2204,2204,2204,6.2,GIF010,169.6985114,171.2500651,23,137.245,35.8029,138.547,34.708,8.909,0.010033445,1.378728626,23:58:00,23:58:40,734,489,245,153,-3.848653538,0.338385523,0.377927266,5.36768481,1.135244087,6.86E-05,0.001425199,3.46983998,2.095916746,3.078970069,0.043365754,0.009910109,0.805220821,218,290,258,44,75,3.92E-05,2.00E-06,0.000144325,8.78E-06,0.000219017,1.71E-05,0.053855729
2205,2205,2205,6.2,GIF011,184.1156082,185.5466442,23,136.9808,35.7593,138.547,34.708,3.711,1.5,2.025153606,23:58:00,23:59:00,1244,830,415,283,-3.673912501,0.450174992,0.41140953,6.101151878,1.790043154,0.0001754,0.001688394,4.966200752,77.91793798,15.10033239,0.056801401,0.020381959,0.792788879,152,135,198,284,299,0.033658163,0.002086111,0.023722839,0.001268169,0.026812414,0.001502892,0.071647575
2206,2206,2206,6.2,GIF012,213.7157027,214.9497653,23,136.4882,35.6365,138.547,34.708,2.72,1.5,3.138479204,23:58:00,23:59:07,832,555,277,195,-3.593483421,0.614196249,0.608136477,9.502524282,4.376706051,0.000919159,0.003683936,17.0230112,1.075449979,341.5312827,0.064735335,0.035801633,0.662238019,29,89,249,228,299,0.019925132,0.001573031,0.022652008,0.001208439,0.044595053,0.00272831,0.097752369
2207,2207,2207,6.2,GIF013,164.7456086,166.3433664,23,137.1617,35.6637,138.547,34.708,5.512,1.5,3.127957191,23:58:00,23:58:55,1111,741,370,235,-1.803969625,0.92313747,2.118065829,32.30686611,15.01778025,0.011074366,0.044684509,261.7233323,6.675501195,835.3030887,0.201454713,0.129610354,1.371168797,89,98,196,291,299,0.049913082,0.003890855,0.02961755,0.002144963,0.077687108,0.006463746,0.146921891
2208,2208,2208,6.2,GIF014,146.7364369,148.5280509,23,137.4258,35.6576,138.547,34.708,8.196,1.5,3.101325311,23:58:00,23:58:51,1368,912,456,355,-2.350065891,0.672540159,1.015133795,16.22531113,7.441532326,0.002501588,0.010267881,58.04025068,69.8629263,41.02226275,0.110206228,0.056007493,1.029598222,271,11,145,264,299,0.044356448,0.002815656,0.03628147,0.00347265,0.038387881,0.002763676,0.107038091
2209,2209,2209,6.2,GIF015,175.8088161,177.3069085,23,136.9072,35.5454,138.547,34.708,4.499,1.5,3.123761757,23:58:00,23:58:58,920,613,322,217,-2.025962712,0.769542697,1.432896936,21.82171951,10.35957161,0.005051026,0.020435418,157.3320535,4.891884316,19.77292272,0.146163876,0.083615905,1.193403201,57,289,249,279,299,0.030004213,0.00224577,0.025920286,0.001641701,0.033846893,0.002184492,0.122476524
2210,2210,2210,6.2,GIF016,159.5975143,161.2462917,23,137.1191,35.5424,138.547,34.708,3.557,0.01,2.295619846,23:58:00,23:58:54,1059,706,353,208,-3.81398137,0.442410998,0.415400664,5.905316778,2.13991929,0.000229944,0.001722587,8.074563226,32.76634161,218.8695046,0.050444381,0.016503466,0.716418431,247,249,218,114,152,0.026468115,0.002147879,0.021613142,0.001746253,0.028212864,0.001935848,0.070411897
2211,2211,2211,6.2,GIF017,199.3189195,200.6415502,23,136.5714,35.4829,138.547,34.708,3.277,1.5,1.971566998,23:58:00,23:59:06,614,409,289,195,-3.338778653,0.441772801,0.441138585,6.041405535,1.89203917,0.000191547,0.001945416,6.182765378,27.50372988,11.59660055,0.065160574,0.01778241,0.926756829,167,132,299,81,297,0.042456403,0.00310038,0.049859679,0.004290492,0.042799305,0.003841938,0.070310325
2212,2212,2212,6.2,GIF018,128.8736989,130.9100082,23,137.5,35.4887,138.547,34.708,18.708,0.010238908,0.50991764,23:58:00,23:58:33,679,452,226,154,-2.128727907,0.342125146,0.775196643,10.9710985,0.877760262,3.95E-05,0.005999877,13.22267513,4.424453816,19.02574063,0.114874981,0.008475753,2.109698166,207,230,147,197,186,0.000220028,9.53E-06,0.000310017,1.21E-05,0.00033827,1.88E-05,0.054450908
2213,2213,2213,6.2,GIF019,132.731895,134.7098956,23,137.4039,35.4495,138.547,34.708,12.694,0.010273973,1.237006875,23:58:00,23:58:35,720,480,343,218,-2.718702184,0.400515431,0.422074515,5.73277005,1.119164805,6.88E-05,0.001774426,4.231573623,2.8300133,3.788386568,0.075883287,0.009657047,1.190437911,232,223,270,240,299,0.000115627,5.93E-06,0.00011951,5.55E-06,0.000138669,7.97E-06,0.063744011
2214,2214,2214,6.2,GIF021,162.7576571,164.3747394,23,137,35.4426,138.547,34.708,4.459,1,2.010317893,23:58:00,23:58:44,678,452,274,175,-3.349217734,0.439028295,0.35121635,4.624355907,1.678409182,0.000126255,0.00123333,4.105854485,0.759040296,2.853242764,0.060814484,0.013401293,0.8703509,294,256,220,288,296,9.09E-05,5.61E-06,0.000127508,7.11E-06,0.000215629,1.53E-05,0.069873523
2215,2215,2215,6.2,GIF022,199.5859168,200.9067898,23,136.4715,35.2834,138.547,34.708,1.342,0.010067114,1.311569327,23:58:00,23:59:12,1132,755,377,307,-4.58278103,0.858204489,0.230021837,3.220965963,0.650610461,2.28E-05,0.000522585,2.022428271,3.104574719,5.21219925,0.039225862,0.008924724,0.28718489,292,21,165,295,299,0.015140092,0.001317104,0.018618068,0.001347233,0.019494043,0.001128198,0.136587487
2216,2216,2216,6.2,GIF023,142.8460612,144.6858569,23,137.2158,35.3882,138.547,34.708,13.675,1.5,3.195387036,23:58:00,23:58:35,769,513,350,275,-8.463756194,0.975441712,0.072080806,1.113708412,0.525436474,1.34E-05,5.18E-05,0.332341749,3.211948979,3.663742372,0.006866872,0.004468611,0.044232092,5,11,4,295,299,0.000966106,6.21E-05,0.003038603,0.000191454,0.003142729,0.000204509,0.15524637
2217,2217,2217,6.2,GIF024,124.5340137,126.6401223,23,137.387,35.3009,138.547,34.708,17.708,0.010033445,1.010396825,23:58:00,23:58:32,1255,837,418,283,-3.364219479,0.231411025,0.305061276,4.241899013,0.665994491,2.38E-05,0.000920994,2.005132481,1.928163744,1.48076554,0.043886898,0.006751804,1.191600579,297,209,298,299,85,4.87E-05,3.33E-06,5.53E-05,3.79E-06,7.13E-05,4.71E-06,0.036830209
2218,2218,2218,6.2,GIF026,191.2904951,192.6682473,23,136.7414,35.5912,138.547,34.708,2.863,3,2.101645836,23:58:00,23:59:03,639,426,213,121,-3.747096187,0.403659343,0.294542076,3.922128105,1.435428393,9.69E-05,0.000866149,4.750326257,366.4332479,3.780969412,0.046624143,0.011368638,0.725731084,199,4,44,175,193,0.025859715,0.002176033,0.0377231,0.001969169,0.025869289,0.00132956,0.06424438
2219,2219,2219,6.2,GNM003,222.0555015,223.2434674,23,139.0784,36.6578,138.547,34.708,3.068,1.5,2.432071763,23:58:00,23:58:55,463,309,216,135,-2.901529432,0.822076564,0.67030138,8.765490315,3.772199778,0.000673024,0.004491978,20.58372902,12.34580225,2.608451266,0.100917738,0.026464932,0.771320916,188,245,241,116,273,0.000226749,1.50E-05,0.000482978,2.44E-05,0.00044019,2.20E-05,0.130837549
2220,2220,2220,6.2,GNM004,212.3319219,213.5739803,23,138.5918,36.6172,138.547,34.708,4.47,1.5,2.843772545,23:58:00,23:58:52,500,333,167,109,-2.265931801,0.902469538,1.08694071,14.62221165,7.673265579,0.002411158,0.011770522,87.62344548,11.35649029,9.299442605,0.149881704,0.041384562,1.043508375,203,286,239,34,240,0.000321055,2.25E-05,0.001135845,6.77E-05,0.000732892,3.40E-05,0.143632488
2221,2221,2221,6.2,GNM005,200.7576715,202.0708853,23,138.5177,36.5133,138.547,34.708,4.076,1.5,2.994926566,23:58:00,23:59:09,433,289,212,138,-2.226249811,0.982386569,1.678325568,24.63122884,11.76420812,0.006391865,0.028132933,147.8594638,72.75417874,42.97590155,0.167380852,0.085621915,1.070540808,246,135,229,64,295,0.101463549,0.008211453,0.098791662,0.010319938,0.070070529,0.006597412,0.156351678
2222,2222,2222,6.2,GNM006,201.2640017,202.5739332,23,138.7523,36.5103,138.547,34.708,3.842,1.5,2.571044987,23:58:00,23:58:46,593,395,198,115,-2.735235642,0.713139491,0.754236524,10.56353945,4.82964246,0.000945282,0.00564549,45.63138339,5.509431645,1.236266227,0.100563539,0.031539015,0.886024908,147,295,278,38,299,7.44E-05,4.55E-06,7.26E-05,4.42E-06,4.59E-05,2.77E-06,0.113499675
2223,2223,2223,6.2,GNM007,199.4694978,200.7911366,23,139.0101,36.4619,138.547,34.708,3.157,1.5,2.606333006,23:58:00,23:59:09,367,244,165,105,-3.773845135,0.87633724,0.690510119,10.55228329,4.376679642,0.000818791,0.004758534,17.11242407,60.49612786,6.253096892,0.075304579,0.030990906,0.539920708,235,168,46,175,299,0.030424599,0.002956946,0.066435764,0.006376096,0.041358147,0.002482573,0.139473404
2224,2224,2224,6.2,GNM008,189.9872666,191.3744013,23,139.1368,36.3478,138.547,34.708,2.453,1.5,3.003931254,23:58:00,23:59:07,477,318,279,224,-2.034729569,1.217075577,1.746695779,26.83576124,11.92725717,0.006966359,0.030477942,154.213435,104.3985326,52.90194084,0.182770114,0.091286729,0.943555613,199,195,260,216,292,0.048614773,0.004348224,0.06298689,0.005825556,0.028376886,0.002739457,0.193703594
2225,2225,2225,6.2,GNM009,201.9788745,203.2841994,23,139.3251,36.4106,138.547,34.708,2.641,1.5,2.74856231,23:58:00,23:59:08,476,318,219,135,-3.940557984,0.651909282,0.404656427,5.500705127,2.510329846,0.000312907,0.001635172,9.68654172,6.581386766,8.863878161,0.055594257,0.01810731,0.535824582,235,79,133,227,299,0.031974561,0.002639901,0.055767432,0.005108926,0.055448695,0.004107039,0.103754585
2226,2226,2226,6.2,GNM010,191.773042,193.1473521,23,139.5331,36.2343,138.547,34.708,4.162,1.5,2.184811726,23:58:00,23:59:05,286,191,149,108,-2.889379605,0.731924176,0.513011383,6.123593218,2.25045888,0.000318212,0.002631773,9.093761085,36.47640878,106.4386109,0.10378368,0.023708693,0.890928476,262,213,15,253,267,0.061692062,0.003913816,0.045535703,0.003376926,0.033559362,0.002194867,0.116489351
2227,2227,2227,6.2,GNM011,190.8584373,192.239286,23,139.3609,36.2914,138.547,34.708,3.879,0.01,2.146329046,23:58:00,23:59:07,343,228,148,91,-3.224501892,0.775972942,0.795227217,11.45150423,4.145498242,0.000735497,0.006303007,28.56832961,112.230781,51.00677748,0.095131699,0.027639058,0.770297596,232,115,294,79,299,0.062613643,0.005522218,0.078391923,0.007796747,0.04343509,0.004091809,0.123499929
2228,2228,2228,6.2,GNM013,184.0312207,185.4629079,23,139.0176,36.3181,138.547,34.708,4.506,1,1.658668142,23:58:00,23:59:06,339,226,172,116,-3.838039155,0.643583215,0.522540114,7.746476308,1.7229665,0.000189152,0.002714265,15.24274035,16.08916887,842.6178587,0.06265391,0.016387129,0.611678668,110,173,23,180,205,0.049630351,0.003669501,0.075361647,0.005716008,0.060624638,0.004846399,0.10242945
2229,2229,2229,6.2,GNM014,183.2357601,184.6736142,23,138.7179,36.35,138.547,34.708,5.149,1.5,3.19569116,23:58:00,23:59:02,431,288,172,98,-1.461905281,1.413636299,2.848912139,45.00061865,21.09137562,0.020898451,0.080787512,498.5528975,64.54803814,112.0075082,0.274293071,0.171264075,1.219149646,34,116,108,296,299,0.05470915,0.004260272,0.082251298,0.006209046,0.080251548,0.00611677,0.224987205
2230,2230,2230,6.2,GNM015,170.1691927,171.7164935,23,138.7579,36.2287,138.547,34.708,5.379,1.5,2.851349749,23:58:00,23:58:58,1014,676,454,311,-2.426046476,0.792106107,0.982712863,13.71955017,6.097965435,0.00198251,0.009626625,54.34871581,20.59677446,558.2492488,0.126151869,0.053785613,1.000668423,143,230,246,246,299,0.056805062,0.003560477,0.035724631,0.002579287,0.033471978,0.002468101,0.126067602
2231,2231,2231,6.2,GNM016,160.2894715,161.9312035,23,138.9251,36.1162,138.547,34.708,6.718,1.5,2.345537956,23:58:00,23:58:39,705,470,279,181,-2.876494872,0.389958835,0.539706872,7.950060653,2.919291443,0.000405652,0.002910908,14.80137042,3.881070987,2.105415036,0.078927363,0.020830134,1.271711793,222,292,199,235,269,5.65E-05,3.38E-06,7.95E-05,5.54E-06,5.42E-05,3.02E-06,0.062063876
2232,2232,2232,6.2,IBR005,241.1547699,242.249093,23,140.2372,36.3851,138.547,34.708,3.27,1.5,3.134422672,23:58:00,23:59:17,437,291,158,92,-3.197849331,1.082894429,1.197751731,18.35362325,8.494706338,0.003554069,0.014281388,90.41344584,7.105003122,15.7924405,0.114740923,0.074584883,0.665751397,31,154,147,284,299,0.019309978,0.001312532,0.041685305,0.002631913,0.041564594,0.002801361,0.172348001
2233,2233,2233,6.2,IBR009,194.7899785,196.1431511,23,139.7037,36.1848,138.547,34.708,3.745,0.010033445,2.558383564,23:58:00,23:59:07,389,259,241,212,-3.822005204,0.88452923,0.664005495,9.006785687,3.67149198,0.000729365,0.004399197,25.69116563,201.7306686,9.641725826,0.073315046,0.033835612,0.520787785,89,44,105,53,299,0.03579657,0.002879552,0.035307031,0.003317556,0.041665461,0.00373226,0.140777199
2234,2234,2234,6.2,IBR010,208.4505847,209.7156319,23,139.9653,36.1843,138.547,34.708,2.224,1.5,2.730275435,23:58:00,23:59:17,269,179,156,124,-4.530726449,0.8368758,0.402920837,5.84565064,2.498595617,0.000305575,0.001618321,7.092992416,95.49491972,7.234882757,0.049317881,0.023113202,0.370274042,134,59,236,274,299,0.019536871,0.00168605,0.039183746,0.003091308,0.043325493,0.002957058,0.13319292
2235,2235,2235,6.2,IBR012,228.0240354,229.1810653,23,140.2869,36.1901,138.547,34.708,3.722,0.6,1.202341492,23:58:00,23:59:14,296,197,137,85,-5.040998022,0.409100791,0.258174896,3.859677986,0.735906115,2.43E-05,0.000662565,1.833216152,4.096419416,4.344295986,0.031797946,0.005722476,0.488369599,144,209,105,162,299,0.029095563,0.002755339,0.041576117,0.00442966,0.036707246,0.004027829,0.065110413
2236,2236,2236,6.2,IBR017,212.2144955,213.4572372,23,140.3194,35.9537,138.547,34.708,1.856,1.5,3.015148453,23:58:00,23:59:11,329,219,172,121,-3.397866329,0.979874645,0.930289641,13.60625718,6.261096374,0.001984133,0.008616149,46.57364835,6.843211493,11.35044807,0.095642041,0.054886446,0.613279125,220,204,137,290,299,0.019271311,0.001359633,0.040416587,0.002758564,0.032573195,0.002435882,0.155951893
2237,2237,2237,6.2,ISK002,324.6196965,325.433476,23,137.2877,37.4443,138.547,34.708,1.626,1,1.571828333,23:58:00,23:59:49,217,145,163,220,-5.316105804,1.082353622,0.317828079,4.328416494,1.130823323,6.30E-05,0.001007105,2.185214125,127.1515861,29.4367858,0.041011284,0.008636394,0.238075145,273,207,263,137,161,0.020826208,0.002244027,0.068141546,0.00740453,0.047915454,0.002251071,0.172261929
2238,2238,2238,6.2,ISK005,317.0837345,317.9168047,23,136.9039,37.2307,138.547,34.708,2.25,1.5,3.035206752,23:58:00,23:59:40,148,99,58,32,-5.393262453,0.932069492,0.334279577,5.263838421,2.369368432,0.000259701,0.001112901,6.018881597,4.967530759,128.3918352,0.035209318,0.017517809,0.237349976,147,278,45,245,299,0.01677462,0.001562502,0.054687903,0.005031233,0.074860995,0.007693029,0.148343467
2239,2239,2239,6.2,ISK007,296.0167195,296.9089056,23,136.9681,37.0427,138.547,34.708,1.874,0.010067114,1.359981406,23:58:00,23:59:34,171,114,77,47,-5.510544368,0.559013072,0.211552796,2.934586813,0.675506305,2.10E-05,0.000447544,1.027821741,39.6576676,168.2665696,0.027215172,0.004822032,0.305892608,61,270,33,75,57,0.020100397,0.001805934,0.041038703,0.003852014,0.042304691,0.003876903,0.088969694
2240,2240,2240,6.2,ISK008,290.5182338,291.4272537,23,136.7783,36.8918,138.547,34.708,1.587,1.5,3.075004851,23:58:00,23:59:36,281,187,132,83,-3.781560732,1.41832113,1.145856764,18.10575528,7.978040594,0.003143166,0.013123071,63.03015954,13.49740405,34.33585163,0.105729574,0.062248272,0.468383705,171,266,108,248,278,0.029826438,0.00281129,0.034299384,0.002891361,0.042447854,0.003381553,0.225732819
2241,2241,2241,6.2,ISK010,266.8121764,267.8016757,23,136.6431,36.5419,138.547,34.708,1.533,1.5,2.677868944,23:58:00,23:59:28,623,415,208,129,-3.827190886,1.574035939,0.727174859,10.32921263,3.883319193,0.000959629,0.005283047,18.08236532,25.98766314,6.283747058,0.086290575,0.039476984,0.344451904,62,277,260,251,286,0.027061487,0.002662488,0.023189443,0.001371286,0.012192599,0.000992311,0.2505156
2242,2242,2242,6.2,ISK011,267.34692,268.3344473,23,136.4432,36.3967,138.547,34.708,1.737,1.5,2.848734349,23:58:00,23:59:31,226,151,136,113,-5.237009009,0.924580873,0.353629182,5.118019077,2.276412999,0.000256719,0.001248861,8.429778243,3.500648452,41.23154054,0.03840027,0.017033789,0.260957172,43,254,27,70,299,0.013548871,0.001509841,0.033634747,0.002773377,0.047185879,0.005200606,0.147151616
2243,2243,2243,6.2,ISK014,268.7826413,269.7649129,23,136.3154,36.3028,138.547,34.708,4.106,1.5,2.981262085,23:58:00,23:59:22,147,98,79,56,-4.087380074,0.849802861,0.688168131,10.61949466,4.811313755,0.001063745,0.004724947,24.22985946,9.180188586,36.76974189,0.066641451,0.036922617,0.492726731,162,282,181,283,299,0.031824695,0.002455661,0.062412573,0.005302683,0.071937818,0.007199454,0.135250326
2244,2244,2244,6.2,KNG001,139.4691337,141.3528891,23,139.7062,35.5291,138.547,34.708,8.658,1.5,3.246391137,23:58:00,23:58:53,182,121,94,65,-0.394291356,0.677468714,2.780126974,41.81121598,21.14634849,0.020549404,0.076976342,530.2484925,327.4759672,95.20383118,0.316934734,0.154776757,2.939411997,74,39,225,55,299,0.083198438,0.005991132,0.078262011,0.006337932,0.076551222,0.005464412,0.107822495
2245,2245,2245,6.2,KNG002,127.8978835,129.9494848,23,139.634,35.4371,138.547,34.708,12.927,1.5,3.07477051,23:58:00,23:58:34,149,100,56,30,-7.650341215,0.561034062,0.069561361,1.063865569,0.486467902,1.16E-05,4.83E-05,0.28343483,0.409133014,0.404193925,0.007408393,0.004173415,0.082968775,68,69,21,266,299,0.002601023,0.000117184,0.001783903,9.68E-05,0.002317223,0.000184293,0.089291344
2246,2246,2246,6.2,KNG003,119.0953745,121.2959531,23,139.6579,35.2727,138.547,34.708,5.617,3,1.97879768,23:58:00,23:58:32,734,490,245,146,-7.910991573,0.045745838,0.010919597,0.152116528,0.047324512,1.18E-07,1.19E-06,0.009013067,0.007719673,0.002354013,0.001949027,0.000341144,0.267698589,232,214,243,235,244,0.000454179,2.50E-05,0.000275728,9.10E-06,0.000411939,1.59E-05,0.007280676
2247,2247,2247,6.2,KNG004,109.3286715,111.7217902,23,139.6218,35.1441,138.547,34.708,5.855,3,2.706283878,23:58:00,23:58:30,406,271,135,84,-11.66809545,0.253649428,0.008146969,0.123379294,0.049892042,1.23E-07,6.63E-07,0.018636866,0.102109375,0.005396258,0.000784356,0.00031713,0.019429393,49,0,241,190,194,0.000510065,2.45E-05,0.000919429,6.29E-05,0.000362542,1.61E-05,0.04036956
2248,2248,2248,6.2,KNG005,113.5745178,115.8799858,23,139.5462,35.3192,138.547,34.708,7.115,1.5,2.060896784,23:58:00,23:58:35,512,341,211,124,-2.167916577,0.560042809,0.908077796,12.58297205,4.442547841,0.000887149,0.008246013,39.75052823,4.229140382,3.535546741,0.127416593,0.030199109,1.42950155,14,231,161,58,119,7.56E-05,4.90E-06,0.000254705,1.45E-05,0.000527433,3.40E-05,0.089133581
2249,2249,2249,6.2,KNG006,122.6017514,124.7404884,23,139.5387,35.4544,138.547,34.708,11.024,1.5,3.300397344,23:58:00,23:58:49,483,322,184,107,-0.668625703,0.623071272,2.532853103,38.32078598,19.40730112,0.017693567,0.064127258,265.1926249,951.8647649,164.4614706,0.28147916,0.139971812,2.838496654,16,291,58,228,257,0.102009631,0.007199986,0.150712254,0.008136078,0.115318862,0.00575036,0.099164873
2250,2250,2250,6.2,KNG007,110.8604671,113.2212134,23,139.4901,35.3385,138.547,34.708,8.494,1,1.788552784,23:58:00,23:58:45,509,339,280,208,-1.495071882,0.325801132,1.178399661,16.56770271,4.602647092,0.001121037,0.013834902,29.70821896,1.825454902,6.92904897,0.147863239,0.037362995,2.851592696,189,165,121,117,150,0.104103772,0.006700759,0.03577734,0.001417449,0.046141901,0.002262189,0.051852861
2251,2251,2251,6.2,KNG008,119.6649864,121.8552788,23,139.3265,35.5751,138.547,34.708,13.391,0.010238908,1.662713132,23:58:00,23:58:32,388,259,168,99,-0.470785433,0.199775018,1.279228713,18.06409201,4.971131243,0.001145872,0.016362941,86.85861579,13.48104731,7.49923185,0.195095473,0.041693978,6.136007478,212,277,99,113,294,0.000437262,1.74E-05,0.000806903,5.05E-05,0.000409568,1.14E-05,0.031795182
2252,2252,2252,6.2,KNG009,110.3011937,112.6736585,23,139.3618,35.4424,138.547,34.708,21.173,1.5,3.170239648,23:58:00,23:58:31,182,122,107,87,-6.024542596,0.603747712,0.192960525,2.972355752,1.394606002,9.44E-05,0.000370621,2.363915398,0.27772666,0.047475134,0.018530332,0.011903931,0.192844636,40,3,11,299,299,0.004306661,0.000226655,0.001524257,0.00010993,0.001152339,4.85E-05,0.096089433
2253,2253,2253,6.2,KNG010,101.0967638,103.6800639,23,139.3504,35.3355,138.547,34.708,9.407,1.5,3.226775501,23:58:00,23:58:28,297,198,140,95,-6.654668877,0.890116356,0.182483867,2.831650457,1.346011046,8.75E-05,0.000331741,2.082244885,0.029628458,0.210189257,0.017177098,0.011265762,0.121250314,2,258,214,279,299,0.002411084,0.000139571,0.000524125,4.03E-05,0.000874198,5.64E-05,0.141666418
2254,2254,2254,6.2,KNG011,115.0351984,117.3119638,23,139.1548,35.6154,138.547,34.708,10.498,1.5,3.209134849,23:58:00,23:58:30,1302,868,434,270,-5.688499493,0.956873415,0.332927569,5.162789253,2.440019988,0.000287951,0.001103831,6.877151955,0.049746372,0.807058125,0.030452809,0.020647334,0.199964428,2,31,13,297,299,0.004096501,0.000268406,0.001149999,2.47E-05,0.001741098,9.71E-05,0.152291134
2255,2255,2255,6.2,KNG012,95.70551322,98.43040821,23,139.2048,35.3794,138.547,34.708,11.208,1.5,3.191522157,23:58:00,23:58:27,556,371,263,166,-10.08434907,0.144184722,0.008607651,0.12916557,0.064613488,1.91E-07,7.39E-07,0.003388298,0.147416753,1.303047043,0.000994208,0.000450986,0.043324916,177,223,80,242,292,0.000502393,1.99E-05,0.001464783,5.26E-05,0.002465868,0.000123102,0.022947711
2256,2256,2256,6.2,KNG013,82.83327178,85.9671502,23,139.152,35.2641,138.547,34.708,21.439,1.5,1.959482106,23:58:00,23:58:25,116,77,46,25,-0.845634558,0.343404926,1.742784717,25.58371786,8.116359384,0.002945531,0.030285914,173.8228454,145.8119898,124.2021537,0.222832415,0.052560083,4.077103296,33,289,257,67,159,0.001182627,5.83E-05,0.000499282,3.83E-05,0.000460639,3.45E-05,0.054654592
2257,2257,2257,6.2,KNG014,87.4469619,90.42107689,23,139.0826,35.3608,138.547,34.708,23.104,0.04109589,0.805241635,23:58:00,23:58:27,507,338,273,197,-11.00970897,0.052221039,0.003065747,0.042317807,0.005214096,1.54E-09,9.40E-08,0.000205552,0.050833677,0.562311753,0.000511368,4.66E-05,0.061527322,58,158,6,188,249,0.000428107,1.08E-05,0.000831364,2.78E-05,0.001287811,8.67E-05,0.008311237
2258,2258,2258,6.2,KYT004,318.3368028,319.1666023,23,135.196,35.5354,138.547,34.708,1.493,1.5,3.33025688,23:58:00,23:59:42,184,123,126,132,-5.136360196,1.01731713,0.373485476,5.930114546,2.878544363,0.000391296,0.001392866,8.470697653,0.895965189,12.45557393,0.036069327,0.020458617,0.222772483,262,297,292,217,287,0.009056094,0.000695229,0.02273854,0.001793915,0.038831622,0.001885497,0.16191105
2259,2259,2259,6.2,KYT011,274.3315821,275.2940554,23,135.5638,35.017,138.547,34.708,1.265,0.010033445,1.942074881,23:58:00,23:59:49,346,230,150,90,-3.892453682,1.132925287,0.613934109,8.390160337,2.45991554,0.00036,0.003768164,12.85154997,56.95970122,397.6425742,0.082140678,0.025008823,0.455550872,299,282,34,236,258,0.032839963,0.002583548,0.044993331,0.003615001,0.02820305,0.002035566,0.18031066
2260,2260,2260,6.2,KYT013,251.1213838,252.1724597,23,135.8047,34.8784,138.547,34.708,1.446,1.5,1.935366226,23:58:00,23:59:30,388,258,187,120,-3.779903443,0.350317496,0.370220806,5.336638563,1.600832827,0.000129756,0.001367603,4.401214405,49.29817178,170.4969837,0.051662454,0.015495518,0.926601657,123,7,71,253,299,0.039040893,0.002425102,0.065615543,0.005841793,0.039213589,0.00306389,0.055754761
2261,2261,2261,6.2,MIE001,194.0814182,195.4394968,23,136.4943,35.1718,138.547,34.708,2.099,1,2.227316842,23:58:00,23:59:06,689,460,395,308,-2.897274839,0.694358116,0.544780452,6.845416508,2.609194254,0.000370043,0.002944745,32.61994634,7.904488469,29.59683245,0.085232168,0.026713986,0.771258367,27,264,149,32,299,0.043206982,0.002865764,0.032358169,0.001800546,0.023925888,0.001617181,0.110510526
2262,2262,2262,6.2,MIE002,189.4520849,190.8431096,23,136.5073,35.0279,138.547,34.708,3.216,1.5,3.211765581,23:58:00,23:59:01,490,327,218,188,-2.452689653,0.620173629,0.926066644,14.07832522,7.021042066,0.002240536,0.008574801,38.10163374,3.747066066,114.8304397,0.110663064,0.04506413,1.121164306,47,286,239,183,281,0.038110179,0.001766732,0.014880114,0.000733286,0.039288938,0.002760908,0.098703699
2263,2263,2263,6.2,MIE003,176.8537063,178.3430218,23,136.6357,34.9704,138.547,34.708,3.411,1.5,2.440416055,23:58:00,23:58:58,280,186,142,97,-3.15915225,0.539911193,0.378048767,5.451976977,2.198189836,0.000212855,0.001410965,6.171982434,0.413585304,2.189126849,0.060404603,0.019419647,0.70295508,299,297,276,299,299,0.023458239,0.002490795,0.010897083,0.000597864,0.019538986,0.001177276,0.085929535
2264,2264,2264,6.2,MIE004,192.2873039,193.6579646,23,136.4493,34.8569,138.547,34.708,3.405,0.75,1.824269603,23:58:00,23:58:55,767,511,256,252,-6.680400075,0.218521947,0.061966522,0.88500519,0.242389362,3.22E-06,3.83E-05,0.088880658,0.090258489,0.25162141,0.008603217,0.002049558,0.247369223,269,200,203,215,254,0.003640293,0.000146006,0.002837134,5.85E-05,0.001758621,5.27E-05,0.034778848
2265,2265,2265,6.2,MIE005,222.3119824,223.4985851,23,136.1151,34.7677,138.547,34.708,2.216,1.5,2.237712409,23:58:00,23:59:07,738,492,335,225,-4.61378125,0.39122431,0.219760493,2.974003734,1.088286848,6.06E-05,0.000477546,2.14385911,3.775231911,70.96970268,0.032864221,0.011926343,0.527809715,272,294,288,299,299,0.017105007,0.001019027,0.023586265,0.001121927,0.034117515,0.00214593,0.062265283
2266,2266,2266,6.2,MIE008,223.2881991,224.4696413,23,136.1073,34.6285,138.547,34.708,3.902,1,1.128630447,23:58:00,23:58:53,489,326,242,234,-7.666520114,0.158274237,0.025299451,0.342265726,0.058478041,2.05E-07,6.36E-06,0.016902257,0.018355409,0.091689358,0.004630662,0.000765587,0.183828447,194,299,102,191,299,7.42E-05,4.63E-06,0.000159904,7.08E-06,0.000232672,1.29E-05,0.025190127
2267,2267,2267,6.2,MIE009,185.143877,186.567026,23,136.5296,34.5752,138.547,34.708,2.2,0.01,1.609281631,23:58:00,23:58:56,299,199,149,99,-7.099157715,0.111448179,0.033372768,0.429665783,0.112057253,7.25E-07,1.11E-05,0.042211182,5.926790803,1.366902208,0.005513443,0.001007489,0.310834928,293,251,289,154,188,0.007212375,0.000289572,0.005079876,0.000309344,0.005829952,0.000325962,0.017737529
2268,2268,2268,6.2,MIE010,167.7427408,169.3122178,23,136.7334,34.4908,138.547,34.708,2.436,1.5,2.965177182,23:58:00,23:58:52,308,206,149,96,-6.279860355,0.425482348,0.097980494,1.494303649,0.672173485,2.12E-05,9.54E-05,0.575253749,1.560039377,1.694670004,0.012782479,0.005719311,0.188761492,298,281,238,274,299,0.004567651,0.000184437,0.005253079,0.000155438,0.004648458,0.000170234,0.067717619
2269,2269,2269,6.2,MIE013,193.6373384,194.9985098,23,136.4996,34.2777,138.547,34.708,1.186,0.010067114,1.268164081,23:58:00,23:59:21,274,183,157,122,-5.024655135,0.326652489,0.151044783,2.087137714,0.434275335,9.28E-06,0.000227883,0.489337301,161.2511585,6.520705028,0.021974092,0.003521626,0.422673323,36,242,241,39,64,0.020577121,0.001372379,0.052731886,0.004616721,0.038534728,0.002950431,0.051988358
2270,2270,2270,6.2,MIE018,191.9230515,193.2962951,23,136.4546,34.8702,138.547,34.708,2.321,1.5,3.107374887,23:58:00,23:59:08,525,350,233,140,-2.595105187,1.266676205,1.293352813,19.32351441,9.26689054,0.004083803,0.016696954,66.1068106,47.30157843,115.979089,0.142094703,0.071022916,0.7048426,17,59,14,258,295,0.046693132,0.003849764,0.035093921,0.002409753,0.024063032,0.002031273,0.201597779
2271,2271,2271,6.2,NAR001,257.737593,258.7617956,23,135.7272,34.7154,138.547,34.708,1.749,1.5,2.786291206,23:58:00,23:59:27,731,487,244,169,-3.653845133,0.570740744,0.428046335,5.760467809,2.647212665,0.000360252,0.001831947,10.23411092,8.138960879,110.6548252,0.061916942,0.022256825,0.681632817,57,260,264,67,286,0.027924853,0.002304541,0.031633599,0.003436739,0.038711705,0.00256336,0.090836211
2272,2272,2272,6.2,NAR002,247.9752852,249.0396395,23,135.8352,34.6683,138.547,34.708,2.1,1.5,2.977801293,23:58:00,23:59:23,684,456,243,184,-4.263810226,1.299138736,0.483476104,7.083102262,3.543418139,0.000523496,0.002330675,14.40795261,64.85074696,25.52533392,0.060038545,0.021621594,0.290371839,241,151,251,194,233,0.020957372,0.001608353,0.038374125,0.003276304,0.027264023,0.002218047,0.206764352
2273,2273,2273,6.2,NAR004,238.3733836,239.4804167,23,135.9512,34.528,138.547,34.708,1.48,1.5,3.239949474,23:58:00,23:59:10,814,543,271,191,-4.104602938,1.023268792,0.663118424,10.42516663,4.90690978,0.001166039,0.004385268,25.63692634,0.695805141,0.715047178,0.063101284,0.039935289,0.387461303,75,261,291,257,299,0.009256434,0.000797652,0.011583562,0.000418295,0.010446588,0.000628158,0.162858286
2274,2274,2274,6.2,NAR006,241.0673084,242.1620268,23,135.9541,34.3383,138.547,34.708,1.855,1.5,3.242882495,23:58:00,23:59:11,1019,679,358,244,-3.828270334,0.842168047,0.602166405,9.476366887,4.498217298,0.000964797,0.003621873,22.89162766,2.75550106,195.630469,0.06158962,0.034976906,0.459503295,156,146,9,267,294,0.01286128,0.000989908,0.019365253,0.000692036,0.03134782,0.00175015,0.134035208
2275,2275,2275,6.2,NGN001,238.8936793,239.9983125,23,138.366,36.8514,138.547,34.708,1.753,1.5,3.071985255,23:58:00,23:59:22,369,246,160,94,-4.168597856,1.13432375,0.690241951,10.67567234,4.983643812,0.001135334,0.004749468,20.10024802,8.37747063,33.09858989,0.063327788,0.03677851,0.350781888,24,51,267,44,299,0.023083049,0.002143656,0.031845163,0.003004231,0.026096829,0.002576526,0.180533232
2276,2276,2276,6.2,NGN002,235.3954867,236.5164585,23,138.2069,36.8069,138.547,34.708,6.09,1.5,2.631849163,23:58:00,23:59:18,656,437,219,159,-1.8270513,1.332294202,1.844396631,24.70878695,10.73658932,0.00592635,0.03377731,180.4881487,50.73733462,282.8351507,0.219398714,0.109410086,1.034698471,239,299,52,299,299,0.058752305,0.005598244,0.078213116,0.004751198,0.1065777,0.009963506,0.212041208
2277,2277,2277,6.2,NGN004,218.1298508,219.3390795,23,138.1938,36.6486,138.547,34.708,3.421,1.5,2.486812777,23:58:00,23:59:12,592,395,311,219,-2.936400662,1.575596757,1.231837367,16.94688062,6.69852608,0.002361083,0.015072482,133.0557857,137.5725126,50.4533766,0.148466134,0.07118737,0.592055187,236,58,55,294,299,0.037792839,0.004061652,0.025219136,0.002013942,0.050280362,0.004902848,0.250764012
2278,2278,2278,6.2,NGN005,229.9542363,231.1016027,23,137.8544,36.6981,138.547,34.708,4.155,0.01,2.822492875,23:58:00,23:59:15,660,440,277,166,-3.703335139,1.2696468,0.655146492,9.135900305,4.364605566,0.000866119,0.004292116,11.23065986,12.15237097,243.0692965,0.081441285,0.027392008,0.403033886,221,86,36,174,219,0.02449449,0.001564262,0.023145837,0.001753392,0.048577451,0.004507631,0.202070564
2279,2279,2279,6.2,NGN006,209.8777377,211.134234,23,137.8507,36.5086,138.547,34.708,5.006,0.01,2.087691711,23:58:00,23:59:09,554,370,278,204,-2.933578445,1.087501679,1.165451019,16.62876304,5.08098946,0.001498222,0.013570727,31.78043954,64.57104201,64.3229618,0.130517487,0.051464382,0.754082108,95,250,74,260,290,0.057157103,0.00595599,0.079744052,0.007177632,0.065194758,0.005106006,0.173081268
2280,2280,2280,6.2,NGN007,206.6812378,207.9570486,23,138.1191,36.5339,138.547,34.708,11.145,0.010135135,0.689175742,23:58:00,23:58:44,400,267,180,109,-1.749268503,0.45882295,1.329689472,19.72445271,2.0019371,0.000211532,0.017582337,42.69979869,43.93178307,22.29089744,0.152957371,0.019966879,2.094619512,113,157,156,34,49,0.000272223,5.91E-06,0.000494962,2.31E-05,0.000344195,1.49E-05,0.073023941
2281,2281,2281,6.2,NGN008,190.3038852,191.6887288,23,138.2491,36.4022,138.547,34.708,6.233,0.75,1.646083313,23:58:00,23:58:48,1017,678,356,239,-3.176602538,0.367501691,0.493023724,6.992487301,1.980243365,0.000166565,0.002426826,5.761572124,4.228824978,0.37767526,0.058087119,0.013629393,0.993116884,251,243,189,248,183,0.00014881,7.23E-06,0.000114987,6.07E-06,0.000118905,5.24E-06,0.058489711
2282,2282,2282,6.2,NGN009,191.3177555,192.6953128,23,137.8694,36.3378,138.547,34.708,6.571,0.01,2.409622878,23:58:00,23:58:45,497,331,262,185,-2.11913689,0.544601375,1.30205741,19.41798122,7.378800031,0.002493093,0.016951183,73.46331351,13.77046869,10.3288187,0.160079293,0.053695853,1.846869851,245,251,294,216,242,0.00027416,2.17E-05,0.000133975,1.06E-05,0.00013228,9.03E-06,0.086676001
2283,2283,2283,6.2,NGN010,180.4282644,181.8883135,23,138.4357,36.3281,138.547,34.708,5.83,1.5,2.565722825,23:58:00,23:58:43,412,275,177,104,-9.64305404,0.107771343,0.009856416,0.141406684,0.056499046,1.61E-07,9.68E-07,0.004322213,0.007986367,0.03065868,0.001434162,0.000535423,0.083613193,136,200,207,278,299,0.000474394,2.43E-05,0.000835931,5.07E-05,0.001082657,8.18E-05,0.017152342
2284,2284,2284,6.2,NGN011,174.0318532,175.5451108,23,138.2669,36.2564,138.547,34.708,2.037,1.5,3.134698455,23:58:00,23:59:03,695,463,353,239,-2.472692941,1.851232856,1.612877529,24.10170731,11.33918871,0.006449055,0.025909814,155.8544705,74.17305983,70.26963483,0.169597889,0.099918429,0.575624487,249,12,222,261,299,0.032563739,0.003037798,0.050743743,0.005042853,0.033371499,0.003013854,0.29463286
2285,2285,2285,6.2,NGN012,179.7032024,181.1690949,23,137.9785,36.2564,138.547,34.708,11.584,1.5,2.581347885,23:58:00,23:58:41,668,446,353,249,-1.176580917,0.973647039,1.690751088,21.83221574,10.11098619,0.004824721,0.028585046,156.9698352,34.43872969,71.12304803,0.276915585,0.067535282,1.787004802,40,115,158,57,76,0.000138312,7.43E-06,0.000174277,1.07E-05,0.000252079,2.00E-05,0.154960739
2286,2286,2286,6.2,NGN013,177.9679749,179.4480429,23,137.7852,36.1833,138.547,34.708,10.727,0.6,1.471494652,23:58:00,23:58:59,1508,1005,503,350,-3.497456536,0.428602899,0.434589528,6.162993861,1.368861219,0.000103464,0.001886388,7.417394939,3.724071178,468.795941,0.06379154,0.013596178,0.93516415,101,46,8,262,276,0.04871926,0.004303406,0.043351676,0.003510721,0.0442606,0.003953012,0.06821427
2287,2287,2287,6.2,NGN014,154.3983531,156.1020545,23,138.4844,36.0956,138.547,34.708,16.011,1.5,3.196045869,23:58:00,23:58:36,369,246,265,440,-7.101324538,0.162002936,0.071482493,1.110650124,0.522556834,1.32E-05,5.09E-05,0.314672729,10.50592303,0.285778237,0.007023353,0.004393227,0.272396476,176,175,175,297,299,0.002515274,5.94E-05,0.004336268,0.000335093,0.001226101,5.53E-05,0.025783568
2288,2288,2288,6.2,NGN015,153.8616257,155.5712051,23,138.1116,36.0454,138.547,34.708,43.466,0.010067114,0.946927173,23:58:00,23:58:37,282,188,173,162,0.287135884,0.421544128,2.588973967,35.94607822,5.199241968,0.001522086,0.067014036,162.7930901,422.7593781,533.8197632,0.40676014,0.061397092,6.062827497,186,264,257,170,184,0.000405812,3.42E-05,0.000763942,5.07E-05,0.00047435,3.71E-05,0.067090832
2289,2289,2289,6.2,NGN016,137.2115113,139.1258382,23,138.2229,35.9133,138.547,34.708,40.89,0.6,1.438042681,23:58:00,23:58:36,355,236,155,96,-1.129687197,0.441609482,1.44310798,19.89373601,4.491522642,0.00109078,0.020823478,69.60468438,23.41559511,32.24359753,0.180780645,0.044513489,2.572132935,287,205,299,84,99,0.000237597,1.72E-05,0.000181403,1.16E-05,0.000329398,2.14E-05,0.070284332
2290,2290,2290,6.2,NGN017,155.3201222,157.0138222,23,137.8255,35.9748,138.547,34.708,11.884,1.5,3.074671826,23:58:00,23:58:55,990,660,330,236,-0.712337187,0.696637575,2.700695603,41.23679961,19.22849751,0.01736259,0.072506463,428.6224422,1032.730889,686.3793078,0.304353883,0.164650792,2.745059866,10,39,275,294,299,0.09470585,0.007341068,0.117607361,0.008928922,0.096352911,0.008495157,0.110873314
2291,2291,2291,6.2,NGN018,153.7418638,155.4527603,23,137.5295,35.8132,138.547,34.708,11.136,0.75,0.921275753,23:58:00,23:58:39,585,390,274,184,-3.81011807,0.173109137,0.240931109,3.352718454,0.513876632,1.24E-05,0.000578449,1.530447484,2.260992685,2.620866274,0.034318198,0.004011381,1.245616493,215,273,291,269,215,4.40E-05,2.72E-06,4.64E-05,3.67E-06,5.74E-05,3.85E-06,0.027551175
2292,2292,2292,6.2,NGN019,148.6697506,150.438342,23,137.7078,35.8562,138.547,34.708,10.375,1,0.955421124,23:58:00,23:58:35,579,386,194,130,-3.115516293,0.134243965,0.22575607,3.01802419,0.518843841,1.18E-05,0.00050896,1.159334743,2.987077086,1.633127472,0.038275805,0.003796503,1.791469569,242,172,258,239,139,0.000250402,1.81E-05,8.81E-05,2.87E-06,0.000117137,6.04E-06,0.021365591
2293,2293,2293,6.2,NGN020,135.7249081,137.6599095,23,137.9532,35.8282,138.547,34.708,7.561,0.5,1.245766554,23:58:00,23:58:37,736,491,379,261,-1.591731784,0.377503451,0.807021899,10.88689884,2.271489009,0.000255729,0.006505284,14.14061978,9.465641825,2.406428797,0.132816703,0.020980633,2.210607497,222,284,274,219,178,0.00013716,1.07E-05,6.64E-05,3.47E-06,0.000109793,4.20E-06,0.06008154
2294,2294,2294,6.2,NGN021,126.586258,128.6587763,23,137.9341,35.7304,138.547,34.708,6.742,0.75,1.612522125,23:58:00,23:58:43,678,452,331,216,-2.732561482,0.485776388,0.598547593,7.535919705,2.008132243,0.000234296,0.003557248,12.50255752,3.029966705,1.965057044,0.088028545,0.020365946,1.138589011,161,176,270,241,259,0.000233356,8.37E-06,9.87E-05,6.19E-06,0.000120875,7.55E-06,0.077313713
2295,2295,2295,6.2,NGN022,131.2622035,133.2620203,23,137.6125,35.6079,138.547,34.708,13.772,0.010135135,0.759493089,23:58:00,23:58:35,927,618,309,186,-3.341267581,0.115457186,0.262276198,3.741364464,0.460208182,1.00E-05,0.000686018,1.560504762,2.510532109,3.2592997,0.038073595,0.003707649,2.071966747,280,277,277,233,239,9.41E-05,5.65E-06,0.000312723,1.72E-05,0.000349653,2.21E-05,0.018375582
2296,2296,2296,6.2,NGN023,107.4753282,109.9088084,23,138.0338,35.5787,138.547,34.708,7.737,1.5,2.831786704,23:58:00,23:58:29,711,474,281,183,-2.456521785,0.219020128,0.535925717,7.373751955,3.527492852,0.000583389,0.002872083,23.04976076,28.84572198,1.308627778,0.077510188,0.022964533,2.223589571,99,276,146,208,242,0.000177624,5.75E-06,0.000220939,1.29E-05,0.000106774,4.29E-06,0.034858136
2297,2297,2297,6.2,NGN025,89.49411943,92.40236692,23,137.8567,35.2807,138.547,34.708,33.826,0.6,0.754238322,23:58:00,23:58:26,584,389,210,111,-0.592382837,0.176590351,1.044343329,14.05933566,1.650764135,0.000156333,0.010849103,23.24842571,12.70052471,23.98337824,0.157711353,0.017447701,5.611459794,180,295,143,270,128,5.93E-05,4.05E-06,0.000123683,8.40E-06,6.82E-05,2.93E-06,0.028105227
2298,2298,2298,6.2,NIG013,341.1255152,341.9000104,23,138.8834,37.7638,138.547,34.708,1.283,1.5,2.435183781,23:58:00,00:00:03,225,150,142,127,-4.478673718,1.630895105,0.346728462,4.377441398,1.892195455,0.00017767,0.0011828,7.78632962,183.0157498,10.68621625,0.062299811,0.018187083,0.240016207,285,28,284,299,299,0.011378081,0.001234088,0.04455732,0.004271847,0.014959276,0.001292602,0.259565018
2299,2299,2299,6.2,NIG022,260.3055781,261.3197161,23,138.8462,37.0364,138.547,34.708,1.195,1.5,2.84182529,23:58:00,23:59:29,246,164,118,76,-5.331295859,1.772060796,0.346662112,5.029706971,2.130122143,0.000245798,0.001201554,4.9838262,4.532307867,14.65603663,0.044636336,0.02032803,0.158266789,105,100,83,257,285,0.00897298,0.000872229,0.029533297,0.002231124,0.02113804,0.001670141,0.282032235
2300,2300,2300,6.2,NIG024,269.1181185,270.0991701,23,138.444,37.1268,138.547,34.708,1.277,0.010067114,2.06475827,23:58:00,23:59:31,580,387,193,115,-6.105105688,0.710041937,0.233345863,3.454524968,1.063191703,5.87E-05,0.00054393,1.43841109,1.405758716,3.962102875,0.022970114,0.00901265,0.203263319,296,176,105,42,287,0.016022368,0.001809217,0.020832382,0.002504971,0.026721866,0.00247057,0.113006684
2301,2301,2301,6.2,NIG025,274.2780146,275.2406752,23,138.2235,37.1607,138.547,34.708,2.681,1.5,2.523657678,23:58:00,23:59:28,174,116,99,77,-4.873108509,1.697855922,0.402240164,5.643325965,2.193174698,0.000258725,0.00160375,5.874187237,31.67861416,129.3755753,0.053332518,0.023208547,0.197365446,58,168,111,299,299,0.012287,0.001003104,0.048121095,0.004891043,0.073474951,0.00723011,0.270222163
2302,2302,2302,6.2,NIG027,264.7566895,265.7538422,23,137.8624,37.0235,138.547,34.708,1.589,1.5,2.753856316,23:58:00,23:59:28,573,382,198,120,-5.597997897,0.837725827,0.240698858,3.397980141,1.561365082,0.00011128,0.000579287,3.060244231,124.9898686,77.49031827,0.029991001,0.010793444,0.224941155,77,45,19,60,252,0.014972615,0.001496078,0.024382968,0.002317134,0.016963056,0.001309588,0.133328206
2303,2303,2303,6.2,OSK002,270.0247009,271.0024706,23,135.5958,34.8573,138.547,34.708,2.403,1.5,3.286412243,23:58:00,23:59:28,428,285,251,203,-3.386899147,0.798011395,0.855438067,13.26701307,6.579823219,0.001999811,0.007309785,39.35984192,40.46397937,34.80888558,0.078186039,0.047406066,0.615601955,35,296,23,202,286,0.029940511,0.002292451,0.029745151,0.002050918,0.028426597,0.003040326,0.127007458
2304,2304,2304,6.2,OSK003,281.3870336,282.3254553,23,135.4683,34.7668,138.547,34.708,1.388,1,2.169861153,23:58:00,23:59:37,282,188,133,84,-5.188916043,0.90825078,0.236187809,3.517476226,1.169954895,6.65E-05,0.000557705,2.182552169,36.593036,13.99821233,0.031570088,0.009066454,0.218398618,161,294,146,167,200,0.01347966,0.001011029,0.028896582,0.002794059,0.037394804,0.003150959,0.144552601
2305,2305,2305,6.2,OSK004,265.7450808,266.7385386,23,135.6394,34.7405,138.547,34.708,1.908,1.5,3.207935785,23:58:00,23:59:27,312,208,159,108,-4.140161766,1.20375455,0.688118893,10.77371653,5.136870248,0.001231934,0.004726022,19.6439126,1.619689844,3.627874159,0.065393467,0.034053635,0.341331439,15,94,264,61,293,0.02517797,0.001974991,0.029462082,0.002229878,0.040889655,0.002880167,0.191583487
2306,2306,2306,6.2,OSK007,269.6061278,270.5854101,23,135.6058,34.5577,138.547,34.708,1.089,1.5,2.823007882,23:58:00,23:59:44,530,353,310,250,-3.798719934,1.310530316,0.850474748,12.86038677,5.796734272,0.001459911,0.007232057,19.76649327,23.89799765,139.6863428,0.09230409,0.036168573,0.442541233,130,217,36,167,285,0.028721933,0.002684269,0.029679223,0.003228519,0.031072174,0.002499104,0.208577378
2307,2307,2307,6.2,SIG001,232.0799692,233.2168778,23,136.2065,35.5398,138.547,34.708,2.376,0.01,2.225950221,23:58:00,23:59:17,406,271,195,125,-4.49705041,0.698758826,0.336872038,4.898962451,1.642403921,0.000142032,0.001131657,4.246999828,12.28533676,3.598151418,0.042993468,0.013062304,0.386593937,159,203,248,131,157,0.023141144,0.002313805,0.045874163,0.004444433,0.042339251,0.003727247,0.111210921
2308,2308,2308,6.2,SIG002,242.9113094,243.9977546,23,136.0243,35.4215,138.547,34.708,2.423,0.75,2.330663272,23:58:00,23:59:19,447,298,189,112,-3.231914377,1.16364656,0.711219046,9.95172326,4.074857689,0.00069599,0.005058289,12.54834573,42.46488931,27.30804473,0.092763033,0.025299632,0.500880031,35,105,279,41,226,0.036585491,0.003602636,0.045340478,0.004566518,0.030825982,0.001513776,0.185200102
2309,2309,2309,6.2,SIG004,249.6795366,250.7366566,23,135.9184,35.3476,138.547,34.708,1.488,1.5,3.018209147,23:58:00,23:59:27,618,412,256,184,-4.996766357,0.871008999,0.336462176,5.074632841,2.297760494,0.00025972,0.001125555,6.481847372,0.649557695,2.795913489,0.037672068,0.020419003,0.271754467,210,171,282,296,299,0.011335581,0.000861018,0.015195706,0.001215402,0.013241398,0.001014146,0.138625388
2310,2310,2310,6.2,SIG005,218.4471255,219.6546076,23,136.2421,35.2493,138.547,34.708,4.37,1.5,3.200726967,23:58:00,23:59:12,337,225,156,97,-2.609572289,1.249705414,1.679615247,25.78353277,12.21192367,0.007297664,0.028122008,143.5056775,100.6111872,18.55439755,0.158604074,0.099076883,0.797418958,13,33,94,279,299,0.038113459,0.003715101,0.068609142,0.005712961,0.073646581,0.005931875,0.198896794
2311,2311,2311,6.2,SIG007,228.4492374,229.6041247,23,136.0957,35.1339,138.547,34.708,4.287,1.5,3.244771675,23:58:00,23:58:56,281,188,158,121,-6.054011097,0.809407058,0.253506995,3.94935499,1.884864379,0.000170737,0.000640206,4.280817039,0.147166933,0.238376629,0.022325958,0.015580746,0.173309747,3,85,211,289,299,0.003111414,0.000222548,0.000972731,4.35E-05,0.001876135,6.38E-05,0.128821134
2312,2312,2312,6.2,SIG008,209.3422521,210.6019433,23,136.2946,35.0701,138.547,34.708,2.573,1.5,3.033468412,23:58:00,23:59:05,531,354,247,164,-1.934923315,0.740903356,1.375184788,20.23562817,9.332818144,0.004394759,0.018854535,125.2459476,281.5433993,12.63780181,0.149371859,0.083776708,1.266738861,53,7,72,267,299,0.049467929,0.003038363,0.034957239,0.002408491,0.049080199,0.003809535,0.117918431
2313,2313,2313,6.2,SIG009,227.0188796,228.1810065,23,136.0854,35.0051,138.547,34.708,2.643,1.5,3.011504217,23:58:00,23:59:01,357,238,157,98,-5.458099406,0.474263883,0.15687773,2.429794118,1.116192132,5.62E-05,0.000244643,1.629248223,0.463637742,1.831919249,0.018788445,0.009034844,0.248914765,226,272,233,286,299,0.005665479,0.000246607,0.004425235,0.00019459,0.007002751,0.000468686,0.075481441
2314,2314,2314,6.2,SIG010,243.6582161,244.7413457,23,135.8965,34.9718,138.547,34.708,2.558,1.5,3.014885823,23:58:00,23:59:24,610,407,363,315,-3.551209166,1.068369059,0.892774282,13.10411422,6.05161893,0.001827993,0.007939489,39.88564424,34.61349269,114.0292761,0.088887077,0.052138103,0.522753789,24,78,293,287,299,0.02725201,0.002292804,0.041655268,0.00435356,0.042318301,0.003393906,0.170036217
2315,2315,2315,6.2,SIG011,227.9982236,229.1553839,23,136.0587,34.8779,138.547,34.708,3.598,1.5,3.22039403,23:58:00,23:59:09,372,248,176,116,-2.995240729,1.374474784,1.119664664,17.33896561,8.15887084,0.003285995,0.012508599,74.36640417,12.46071158,32.17847979,0.115173886,0.066064162,0.526498467,13,248,221,254,289,0.025448008,0.002559807,0.032618262,0.00275007,0.039933207,0.004210332,0.218754456
2316,2316,2316,6.2,SIG012,212.5986189,213.8391282,23,136.2307,34.9043,138.547,34.708,2.011,1.5,3.099259847,23:58:00,23:59:12,767,512,256,158,-3.049560735,0.913211429,0.760008231,11.2942799,5.336543461,0.001400306,0.005755281,37.5733973,5.780626576,16.68551295,0.091848498,0.043170052,0.631946904,76,71,7,81,299,0.023788881,0.001841721,0.043228477,0.003487387,0.034609411,0.003200397,0.145342113
2317,2317,2317,6.2,SIT001,180.4282231,181.8882725,23,139.1937,36.2428,138.547,34.708,2.516,1,2.791677427,23:58:00,23:59:05,363,242,164,100,-3.808260304,0.931916294,0.619989497,9.250510713,4.151442157,0.000758722,0.003843366,17.80664685,86.13869846,5.580928786,0.073167719,0.03132461,0.493312907,11,14,66,265,289,0.033807952,0.002842122,0.03469766,0.003676481,0.027588548,0.001661547,0.148319085
2318,2318,2318,6.2,SIT002,177.3008875,178.786478,23,139.3884,36.1476,138.547,34.708,3.187,1.5,3.029716672,23:58:00,23:59:03,376,251,194,133,-2.511770093,1.249837263,1.23456513,18.19105488,8.573286728,0.0035343,0.015200545,95.15487519,208.2506028,5.474689172,0.138953254,0.07163933,0.698546177,21,218,269,83,299,0.038574696,0.00275456,0.076005993,0.007526673,0.03432607,0.002841408,0.198917779
2319,2319,2319,6.2,SIT003,184.0270034,185.4587231,23,139.6968,36.072,138.547,34.708,5.197,0.010033445,1.537290875,23:58:00,23:58:50,131,87,87,86,-2.8868898,0.400234862,0.392933486,4.269318805,1.033806944,9.23E-05,0.001542694,3.369483701,0.147432409,0.057381394,0.075341395,0.015021652,1.182765392,223,248,292,217,224,0.001083342,6.91E-05,0.001006426,4.14E-05,0.000491815,3.63E-05,0.063699357
2320,2320,2320,6.2,SIT004,164.7124908,166.3105668,23,139.1045,36.1179,138.547,34.708,9.309,1,1.715650576,23:58:00,23:58:39,436,291,151,90,-3.183619143,0.177395814,0.373505353,5.618467511,1.434656382,0.000103695,0.001390787,3.103348878,3.792659714,1.934676366,0.044576912,0.011766684,1.578870376,138,174,289,126,156,9.74E-05,4.43E-06,0.000168711,6.50E-06,0.000518704,3.05E-05,0.028233421
2321,2321,2321,6.2,SIT005,163.3467703,164.9580776,23,139.2626,36.0562,138.547,34.708,2.143,0.01,1.815617687,23:58:00,23:58:58,449,299,150,106,-4.176581912,0.629594271,0.369365425,5.299206145,1.354388671,0.000113655,0.001361128,2.941392857,84.09420135,68.82685557,0.051976673,0.014968889,0.51871353,96,13,6,201,219,0.025974736,0.002191335,0.025905583,0.001956698,0.028062135,0.001489965,0.10020304
2322,2322,2322,6.2,SIT006,150.8307154,152.5742596,23,139.0709,35.9954,138.547,34.708,4.4,1.5,2.177203937,23:58:00,23:58:48,932,621,311,182,-3.592673759,0.494214849,0.400265535,5.672560514,1.950225697,0.00019204,0.001599385,10.401593,9.926753802,2.532201915,0.053913227,0.01486176,0.685424157,295,251,275,291,131,0.011344802,0.000568502,0.007458337,0.000260427,0.002241161,7.92E-05,0.078656736
2323,2323,2323,6.2,SIT007,168.0995771,169.6657532,23,139.3912,36.054,138.547,34.708,7.139,0.01,2.814733857,23:58:00,23:58:40,803,535,268,161,-1.563958188,0.566069202,1.058720492,14.39274814,7.172017498,0.002243653,0.011179972,86.73306648,23.46322519,25.91077036,0.160779626,0.043954363,1.784601915,144,282,240,61,92,7.19E-05,3.83E-06,0.000191107,1.22E-05,0.000110087,7.43E-06,0.090092712
2324,2324,2324,6.2,SIT008,178.2955531,179.7729241,23,139.7526,35.9745,138.547,34.708,9.413,1.5,3.056407693,23:58:00,23:59:03,193,129,91,59,-2.800307022,1.188691821,1.28450459,19.77480545,8.816200733,0.003886809,0.016425945,76.57132157,219.2068572,369.7484411,0.135073537,0.076233277,0.713971485,110,25,246,252,299,0.035294585,0.003376445,0.071453023,0.006866858,0.059535835,0.006560536,0.189186179
2325,2325,2325,6.2,SIT009,157.7202571,159.3884547,23,139.4826,35.9034,138.547,34.708,6.308,1.5,3.132056481,23:58:00,23:58:59,393,262,190,122,-2.617884277,0.44009625,0.812513647,11.81555322,6.210853484,0.001636262,0.006584962,23.46123397,254.1978682,767.7949954,0.093038929,0.039026028,1.328302228,10,8,7,146,236,0.053474189,0.004603973,0.092843181,0.006747537,0.090978765,0.005620223,0.070043494
2326,2326,2326,6.2,SIT010,166.5604131,168.1409267,23,139.6481,35.9065,138.547,34.708,18.163,1.5,2.865816339,23:58:00,23:58:38,199,133,113,88,-1.295692576,0.665004735,1.443068907,21.64930392,10.08566881,0.004319703,0.020764282,233.2871857,20.29687506,37.19860179,0.20759626,0.069252568,1.961438322,91,183,189,105,299,0.000410702,2.43E-05,0.001027878,7.03E-05,0.000541305,4.04E-05,0.105838791
2327,2327,2327,6.2,SIT011,162.4043687,164.024934,23,139.7212,35.8098,138.547,34.708,6.856,1.5,2.558082886,23:58:00,23:58:59,170,113,103,88,-2.775167158,0.776518674,1.056987076,15.87548955,6.204303843,0.001849222,0.011156283,26.46134716,367.348477,131.8786303,0.110332261,0.045302386,0.892751285,187,252,74,95,281,0.050656563,0.004906076,0.094999673,0.008651218,0.069896625,0.005535257,0.123586785
2328,2328,2328,6.2,SIT012,144.1860225,146.008935,23,139.3215,35.8401,138.547,34.708,3.438,3,2.850640031,23:58:00,23:58:36,875,585,420,268,-10.90123976,0.240982076,0.008838562,0.131056294,0.059092271,1.61E-07,7.81E-07,0.032517146,0.026138175,0.9685743,0.000934925,0.00036617,0.02437654,138,237,29,135,157,0.000257379,1.34E-05,0.000507286,1.34E-05,0.001262708,6.84E-05,0.038353489
2329,2329,2329,6.2,SIT013,147.0076292,148.7959779,23,139.4659,35.7965,138.547,34.708,14.894,1.5,1.688836868,23:58:00,23:58:37,314,209,120,64,-1.501562438,0.261575828,1.226607098,17.44711394,4.850275518,0.00108586,0.015029979,45.51356089,10.54075793,8.524006547,0.145680259,0.033302099,3.499314407,274,272,268,222,154,0.000395856,1.34E-05,0.000370021,1.63E-05,0.000518885,3.59E-05,0.041631086
2330,2330,2330,6.2,SIT014,144.9937557,146.8066388,23,138.801,35.9954,138.547,34.708,14.499,0.01010101,1.052915051,23:58:00,23:58:34,489,326,163,100,-1.354798671,0.15379805,0.608829573,8.113065214,1.384116875,0.000104091,0.003706682,7.891517084,9.767509096,4.058384558,0.094891371,0.01293403,3.876642564,195,124,239,94,115,4.64E-05,2.58E-06,7.01E-05,4.94E-06,5.70E-05,3.25E-06,0.02447772
2331,2331,2331,6.2,SZO001,68.48356922,72.24264151,23,139.0795,35.1424,138.547,34.708,73.124,1,1.299217028,23:58:00,23:58:23,889,592,296,186,0.693705719,0.115393465,1.656826466,21.79363521,4.715660463,0.001172384,0.027419923,59.66670841,35.32658108,63.01929829,0.257009413,0.042613489,13.9941874,195,160,191,186,133,0.000165129,1.03E-05,0.000339096,2.33E-05,0.000198794,8.25E-06,0.01836544
2332,2332,2332,6.2,SZO002,58.25662567,62.63253496,23,139.1031,34.9652,138.547,34.708,87.88,0.230769231,0.963376032,23:58:00,23:58:21,541,361,204,151,2.312942063,0.25346849,3.651161532,45.33665014,7.455591475,0.003131097,0.133187852,284.7807886,150.2605505,528.2882344,0.854889224,0.064932498,21.19169688,135,242,252,139,171,0.000106254,5.69E-06,0.000164069,9.05E-06,0.000124228,5.65E-06,0.040340763
2333,2333,2333,6.2,SZO003,47.89338857,53.12980961,23,139.0546,34.8158,138.547,34.708,279.656,0.214285714,0.554416371,23:58:00,23:58:20,473,316,158,102,1.347391267,0.168850694,2.137837149,27.14897089,2.377526786,0.000355599,0.045671854,97.85977483,90.73023203,177.120226,0.429814267,0.028954913,15.9940278,260,198,261,262,169,9.59E-05,4.57E-06,0.000151127,1.16E-05,0.000188369,1.37E-05,0.026873423
2334,2334,2334,6.2,SZO004,25.81902498,34.57776816,23,138.8194,34.6469,138.547,34.708,170.273,0.010033445,0.927624886,23:58:00,23:58:15,733,488,244,168,2.052043856,0.097155319,2.808606418,34.22533587,5.218552494,0.001719356,0.078882534,168.1399078,86.08495453,76.89021437,0.48221349,0.055125463,31.18549486,171,275,142,173,203,6.99E-05,4.69E-06,6.26E-05,2.80E-06,5.85E-05,3.56E-06,0.015462749
2336,2336,2336,6.2,SZO006,31.93675413,39.35678168,23,138.7941,34.9113,138.547,34.708,67.837,0.01,1.590353477,23:58:00,23:58:17,859,573,286,167,1.651174852,0.197766146,3.008147476,38.44868944,10.19216454,0.005795607,0.090463074,201.5774628,72.65393976,64.82394754,0.556683738,0.085067116,17.68627827,131,230,142,80,169,5.32E-05,4.66E-06,7.16E-05,3.23E-06,0.000125205,8.26E-06,0.03147546
2337,2337,2337,6.2,SZO007,47.17248741,52.48088765,23,138.9466,34.9771,138.547,34.708,108.503,1,1.681313517,23:58:00,23:58:20,933,622,311,244,0.674388955,0.262810329,2.374210498,32.13829117,8.7987095,0.004033029,0.056324031,120.4854354,40.19097682,48.18570637,0.385354023,0.071945009,9.212920756,219,204,239,118,180,0.000108603,4.74E-06,0.000260672,1.40E-05,0.000210827,4.56E-06,0.041827563
2338,2338,2338,6.2,SZO008,52.01982628,56.8776083,23,138.8657,35.096,138.547,34.708,54.22,0.010135135,1.246796089,23:58:00,23:58:20,303,202,142,95,1.499218223,0.291519129,4.136232549,56.07515297,11.96501281,0.006730639,0.170932707,364.2219451,333.1269651,129.4968158,0.757216344,0.081548951,16.32047484,293,284,249,81,67,0.00021828,8.24E-06,0.000481195,2.08E-05,0.000517488,2.50E-05,0.04639671
2339,2339,2339,6.2,SZO009,63.78557579,67.80560212,23,138.9127,35.1971,138.547,34.708,16.617,1,1.654541195,23:58:00,23:58:22,931,621,310,242,0.331287551,0.433489383,2.77313807,39.2170048,10.62154552,0.005331822,0.076891836,180.6567524,41.56714153,51.75848289,0.416388983,0.080534746,6.035324596,122,199,214,63,121,8.97E-05,5.11E-06,0.000107349,5.69E-06,8.95E-05,4.95E-06,0.068991978
2340,2340,2340,6.2,SZO010,75.60128021,79.02248775,23,138.9349,35.3091,138.547,34.708,21.057,1.5,2.867567456,23:58:00,23:58:24,378,252,186,123,-9.783131465,0.153639603,0.01152012,0.173528443,0.078351123,2.76E-07,1.33E-06,0.025030505,0.000537697,0.000908807,0.001632817,0.000653417,0.066775064,15,202,6,289,299,0.000625696,3.12E-05,0.00035758,8.35E-06,0.000761124,2.10E-05,0.024452502
2341,2341,2341,6.2,SZO011,56.35129511,60.86434474,23,138.6016,35.2128,138.547,34.708,113.367,0.01,1.796777449,23:58:00,23:58:21,375,250,160,97,-11.85598428,0.068979324,0.001725599,0.022899565,0.007192584,2.43E-09,2.97E-08,0.000227063,0.003960768,0.025709085,0.000377485,6.33E-05,0.034384309,48,4,16,50,299,0.00016697,6.92E-06,0.000363227,2.20E-05,0.000678646,5.44E-05,0.0109784
2342,2342,2342,6.2,SZO012,47.09161391,52.40820643,23,138.6213,35.1271,138.547,34.708,22.394,1.5,2.883358466,23:58:00,23:58:20,486,324,272,206,-10.56246828,0.262498144,0.009862051,0.14473834,0.064047831,2.04E-07,9.70E-07,0.005601628,0.13222099,0.270756933,0.001307965,0.000582289,0.031307599,234,11,48,289,299,0.000581709,2.01E-05,0.00091316,4.27E-05,0.001250001,7.25E-05,0.041777877
2343,2343,2343,6.2,SZO013,37.59011978,44.06832315,23,138.476,35.041,138.547,34.708,110.187,1.5,3.189300635,23:58:00,23:58:18,169,113,90,65,-6.462021186,0.490894891,0.102022082,1.57565793,0.743277778,2.67E-05,0.000103669,0.64003035,0.530337412,0.589137163,0.011610575,0.006197994,0.14860899,107,52,186,271,299,0.003161001,0.000162301,0.002684403,0.000125768,0.002306702,0.000111698,0.078128348
2344,2344,2344,6.2,SZO014,32.66124449,39.94692594,23,138.3735,34.9649,138.547,34.708,78.866,0.010033445,1.555315388,23:58:00,23:58:18,515,344,301,242,2.253961289,0.244297858,6.467599464,86.11105855,21.73561263,0.025364767,0.413955514,904.8716757,576.027282,142.5236092,0.931977917,0.192929982,23.96987841,157,240,271,299,299,0.000272215,7.36E-06,0.000945077,5.96E-05,0.000298032,9.83E-06,0.038881212
2345,2345,2345,6.2,SZO015,62.44113767,66.54243514,23,138.3407,35.2435,138.547,34.708,40.222,1,1.226737285,23:58:00,23:58:22,1000,667,333,208,1.173812173,0.165846886,2.27240331,28.96944495,5.588255079,0.001968264,0.051634501,113.1189385,79.69786597,71.47815278,0.389984221,0.056115027,14.77473102,142,142,193,134,156,0.000265196,1.79E-05,0.000122932,8.37E-06,0.00011799,5.29E-06,0.026395352
2346,2346,2346,6.2,SZO017,39.10381143,45.36637597,23,138.1281,34.6374,138.547,34.708,82.352,1.5,3.176447338,23:58:00,23:58:19,435,290,219,147,-9.40763155,0.754574004,0.049527006,0.762355062,0.35763633,6.24E-06,2.44E-05,0.152871567,0.044495784,0.105187379,0.004712371,0.003079381,0.039238957,20,31,17,287,299,0.000632742,3.98E-05,0.000503503,2.49E-05,0.000668908,3.77E-05,0.120094183
2347,2347,2347,6.2,SZO018,29.7267533,37.58563371,23,138.2241,34.7402,138.547,34.708,132.723,3,1.997205176,23:58:00,23:58:17,495,330,396,1133,-7.550668469,0.041489314,0.017705479,0.250413341,0.082242747,3.17E-07,3.13E-06,0.06265647,0.423832301,1.202613059,0.002455093,0.000580625,0.371801883,43,41,44,25,249,0.002598025,7.54E-05,0.001908778,6.92E-05,0.002947674,0.000109003,0.006603229
2348,2348,2348,6.2,SZO019,50.62585305,55.60554826,23,137.9981,34.7699,138.547,34.708,45.049,1,1.310310554,23:58:00,23:58:20,2056,1370,685,680,0.335762025,0.202499995,1.567108308,20.04889738,4.362902672,0.001066433,0.024521383,52.16363478,3.977508161,13.03549209,0.257673883,0.034960311,7.995124935,292,233,251,117,230,0.000135892,8.99E-06,0.000108156,5.82E-06,0.000104627,6.53E-06,0.032228875
2349,2349,2349,6.2,SZO021,57.3935054,61.83053018,23,138.1332,35.0969,138.547,34.708,40.287,0.75,1.223418696,23:58:00,23:58:21,1239,826,413,268,0.744255075,0.246776193,1.836728315,21.83580924,4.54768549,0.001278928,0.033733057,72.73791761,68.55596812,22.67777448,0.353080502,0.049232344,8.989806497,137,190,151,122,150,4.61E-05,3.01E-06,5.52E-05,2.91E-06,7.47E-05,5.73E-06,0.039275651
2350,2350,2350,6.2,SZO022,79.3270632,82.59408548,23,137.8136,35.0916,138.547,34.708,36.177,0.010238908,0.516693754,23:58:00,23:58:24,466,311,214,131,-1.249780414,0.263200377,0.771336527,9.926678356,0.852065254,4.02E-05,0.005949338,12.65913009,40.69860896,40.83460684,0.154126856,0.008366336,3.679354896,126,111,148,114,107,7.95E-05,5.15E-06,0.000203733,1.19E-05,0.000176515,1.16E-05,0.041889641
2351,2351,2351,6.2,SZO023,69.21692885,72.93821522,23,137.8164,34.8738,138.547,34.708,28.48,0.272727273,0.501019474,23:58:00,23:58:22,367,244,239,229,0.335210823,0.263715847,1.915638498,25.73749232,1.930588284,0.000233326,0.036695503,77.89552123,46.89818391,57.07753257,0.336008919,0.025407968,8.0056103,207,199,297,200,90,0.000910959,8.32E-05,6.11E-05,4.84E-06,4.09E-05,3.05E-06,0.041971681
2352,2352,2352,6.2,SZO024,75.62217941,79.04248237,23,137.7197,34.7102,138.547,34.708,12.675,0.010033445,1.471744051,23:58:00,23:58:25,566,377,330,264,-1.637507006,0.244394662,0.828350161,10.81285875,2.712743025,0.00037642,0.006860693,16.00461383,0.851174154,2.774828991,0.115981904,0.024033535,2.981799146,270,266,265,62,84,0.000240588,8.45E-06,0.000238962,1.66E-05,0.000268423,1.49E-05,0.038896619
2353,2353,2353,6.2,SZO025,92.83725641,95.64390298,23,137.5314,34.7194,138.547,34.708,17.185,0.01,1.731368431,23:58:00,23:58:29,250,167,142,118,-3.578815452,0.149993734,0.228912462,3.273213545,0.914654191,3.98E-05,0.000523894,2.593326032,1.23984641,9.938094583,0.034040485,0.007440745,1.425944065,289,299,218,291,136,0.000186476,1.02E-05,0.000256215,1.81E-05,0.000339853,3.40E-05,0.023872244
2354,2354,2354,6.2,SZO026,66.62359062,70.48193263,23,137.8975,34.9816,138.547,34.708,105.402,1,0.92745797,23:58:00,23:58:22,802,535,279,176,-1.017650166,0.187793627,0.778342706,9.928471346,1.431886785,0.00013198,0.006057319,12.93265857,4.530717281,11.41078773,0.138950133,0.016601462,4.648983277,244,263,136,151,209,0.000115397,7.57E-06,0.000724081,3.69E-05,0.000226911,9.92E-06,0.029888284
2355,2355,2355,6.2,TCG003,256.8436604,257.8714135,23,139.7153,36.8144,138.547,34.708,1.237,1.5,3.274419311,23:58:00,23:59:24,459,306,246,176,-4.31277497,1.156328803,0.623387754,9.219991407,4.617466475,0.001053004,0.003877227,17.98168574,3.10828235,1.237562682,0.055873217,0.034344496,0.303600307,17,160,123,217,299,0.012807462,0.001055556,0.016911172,0.001260781,0.025758889,0.001793905,0.184035445
2356,2356,2356,6.2,TCG004,246.2465805,247.3183746,23,139.4204,36.8061,138.547,34.708,2.04,1.5,2.515265023,23:58:00,23:59:22,600,400,278,189,-4.351181893,0.713490421,0.384918601,5.633918611,2.222317621,0.000236055,0.001473012,10.0837859,39.95553728,206.1360885,0.049529519,0.021845812,0.43617004,23,83,24,291,299,0.021505724,0.001444897,0.059947509,0.005312101,0.059023602,0.005937074,0.113555527
2357,2357,2357,6.2,TCG007,239.7320975,240.8328852,23,139.8861,36.5692,138.547,34.708,1.907,1.5,2.481575415,23:58:00,23:59:19,1008,672,336,232,-4.669068308,0.732210643,0.241142877,3.428047908,1.374006407,8.98E-05,0.000575802,2.724015844,16.48112665,4.769241271,0.033753753,0.010475272,0.28964491,126,84,287,299,299,0.017101006,0.001610141,0.032852461,0.003049543,0.025542063,0.002216003,0.116534943
2358,2358,2358,6.2,TCG008,233.6065822,234.736097,23,139.7675,36.56,138.547,34.708,3.249,1,1.485128472,23:58:00,23:59:17,337,224,137,77,-4.231130837,0.603636022,0.247375089,3.002099548,0.883661771,3.42E-05,0.000611712,1.630175136,22.53673868,35.09745706,0.045010993,0.007106583,0.468514803,42,293,264,57,67,0.035160598,0.002158754,0.077030465,0.005400344,0.059591794,0.004341983,0.096071657
2359,2359,2359,6.2,TCG009,247.9256792,248.9902456,23,139.7155,36.7258,138.547,34.708,5.972,1.5,2.492826591,23:58:00,23:59:22,286,191,114,65,-2.972395937,0.873980658,0.749689585,10.68297867,4.228052002,0.000881126,0.005597753,26.11359802,56.78227305,207.593872,0.111838873,0.044546369,0.804027361,10,130,207,281,299,0.03251293,0.00254036,0.12591576,0.006709495,0.081615303,0.006247218,0.139098342
2360,2360,2360,6.2,TCG010,228.8427778,229.995689,23,139.4376,36.6347,138.547,34.708,1.848,1.5,2.875367371,23:58:00,23:59:17,653,435,320,209,-4.339224663,0.792863097,0.394031995,5.825082518,2.482851652,0.000324706,0.001550471,6.605857992,83.94410637,10.87577874,0.049920557,0.020721264,0.395604372,212,11,34,228,298,0.013913473,0.001422076,0.023170816,0.001606426,0.017539547,0.0013035,0.126188081
2361,2361,2361,6.2,TCG012,209.154803,210.4156164,23,139.8047,36.2859,138.547,34.708,2.252,1.5,2.931628699,23:58:00,23:59:17,451,301,212,134,-4.004860215,1.046242868,0.468426653,6.889322544,3.251181933,0.000477418,0.002193008,11.13752025,183.8640087,161.8482432,0.060127079,0.020481978,0.361091667,239,258,165,87,292,0.019366186,0.001821525,0.061265283,0.004333315,0.063179316,0.005674168,0.166514724
2362,2362,2362,6.2,TCG015,250.2042072,251.2591198,23,139.7144,36.7489,138.547,34.708,2.453,1.5,2.711181476,23:58:00,23:59:22,427,285,240,183,-2.897488627,0.758313177,0.744096044,10.37963921,4.547863186,0.001024749,0.005503767,30.2688928,79.65331176,9.286180181,0.094445994,0.040697867,0.782554883,273,22,249,280,299,0.035534121,0.003181499,0.054110005,0.004507918,0.042771991,0.004221028,0.12068929
2363,2363,2363,6.2,TKY001,131.5429785,133.5385907,23,139.0956,35.8029,138.547,34.708,6.048,1.5,3.216273711,23:58:00,23:58:32,619,412,266,163,-9.603951538,0.808784783,0.03928318,0.607348184,0.288772398,4.03E-06,1.54E-05,0.100774175,0.000384336,0.031422116,0.003592911,0.002435817,0.027912157,7,3,59,290,299,0.000486711,3.50E-05,8.86E-05,4.21E-06,0.000346247,2.04E-05,0.128722096
2364,2364,2364,6.2,TKY002,126.0125119,128.0943135,23,139.1454,35.7304,138.547,34.708,8.193,1.5,2.663004732,23:58:00,23:58:32,870,580,290,168,-2.406524393,0.262681197,0.746361473,10.34188993,4.948425013,0.001000647,0.005570536,24.72229312,39.48896806,8.912621537,0.087967607,0.032041078,2.104135284,217,143,205,36,288,7.94E-05,4.15E-06,6.85E-05,4.11E-06,4.48E-05,2.72E-06,0.041807011
2365,2365,2365,6.2,TKY003,138.6502031,140.5449353,23,139.2912,35.7968,138.547,34.708,18.337,0.01010101,1.253377924,23:58:00,23:58:35,276,184,111,62,-1.979044996,0.291880129,0.839597808,11.82979881,2.247092583,0.000279525,0.007024517,22.8204204,29.25284632,16.08740511,0.114923823,0.022802233,2.473918575,278,237,241,119,138,0.000110156,5.71E-06,0.00021257,1.22E-05,0.000166577,9.73E-06,0.046454165
2366,2366,2366,6.2,TKY004,128.5659322,130.6070401,23,139.4034,35.6282,138.547,34.708,15.062,1.5,3.211015287,23:58:00,23:58:33,380,253,177,110,-9.220474923,0.720490804,0.044244762,0.685148147,0.325396136,5.09E-06,1.95E-05,0.129286342,0.008448027,0.094143628,0.004148323,0.002745091,0.036176283,27,28,78,281,299,0.000824594,4.14E-05,0.000425788,1.48E-05,0.000528822,2.82E-05,0.114669673
2367,2367,2367,6.2,TKY005,124.9003017,127.000336,23,139.4156,35.5782,138.547,34.708,10.233,0.01010101,1.294003004,23:58:00,23:58:32,371,247,170,113,-0.355610786,0.420461989,1.581605532,20.79914972,4.216113949,0.001059668,0.024983838,111.1516144,18.87404902,37.52771766,0.286051991,0.047327313,4.274625806,90,272,250,107,119,0.000252831,1.17E-05,0.000648839,2.94E-05,0.000339212,1.88E-05,0.066918604
2368,2368,2368,6.2,TKY006,140.304768,142.1774522,23,139.5029,35.699,138.547,34.708,16.528,1.5,3.040068534,23:58:00,23:58:35,326,217,134,76,-7.710644158,0.092492076,0.017470026,0.261618646,0.120904213,7.12E-07,3.04E-06,0.016906276,0.120471748,0.03202979,0.003171501,0.001016908,0.215446849,285,284,288,284,299,0.001736274,2.58E-05,0.001084828,4.36E-05,0.000901404,2.38E-05,0.014720571
2369,2369,2369,6.2,TKY007,152.1074197,153.8364947,23,139.6859,35.7107,138.547,34.708,9.36,1.5,3.157719,23:58:00,23:58:37,330,220,142,83,-8.338264357,0.18888979,0.030591296,0.464371634,0.220347133,2.36E-06,9.33E-06,0.058192774,2.707126062,7.717680549,0.003431811,0.001841693,0.114154959,24,10,23,250,299,0.00110072,3.42E-05,0.00289749,0.000170039,0.004035141,0.000291542,0.030062744
2370,2370,2370,6.2,TKY008,77.58052852,80.9180969,23,139.3909,34.7852,138.547,34.708,29.356,0.428571429,0.520221712,23:58:00,23:58:28,506,337,246,160,-0.768440698,0.178052901,1.052988941,13.49136144,1.11060211,7.52E-05,0.01097259,23.66652782,5.830917097,7.143747239,0.160896335,0.01189949,5.677759135,291,221,205,298,231,9.67E-05,7.46E-06,0.000184899,1.29E-05,0.000187378,1.31E-05,0.028337999
2371,2371,2371,6.2,TKY009,81.78028377,84.95301533,23,139.4412,34.6874,138.547,34.708,50.158,1.5,2.987085182,23:58:00,23:58:25,403,269,232,182,-9.492258106,0.158513755,0.017419088,0.262254879,0.116040218,6.84E-07,3.03E-06,0.017798722,0.81869914,0.151456487,0.001752922,0.001057824,0.069482493,177,18,180,289,299,0.0004617,2.64E-05,0.001509755,0.000109251,0.000600018,3.68E-05,0.025228248
2372,2372,2372,6.2,TKY010,74.69743458,78.15821603,23,139.2573,34.3779,138.547,34.708,64.622,0.1875,0.653826268,23:58:00,23:58:24,381,254,195,147,1.365250207,0.192432424,1.873939785,22.86605744,2.42857274,0.000379957,0.035088845,75.93125884,27.14698608,23.42376649,0.42919869,0.029464753,14.01393203,289,295,292,286,290,0.000329719,2.02E-05,0.000541952,2.68E-05,0.000744741,4.57E-05,0.030626571
2373,2373,2373,6.2,TKY029,110.814991,113.1766859,23,139.4793,34.0745,138.547,34.708,16.366,3,2.289106336,23:58:00,23:58:29,576,384,229,130,-11.90774066,0.160637226,0.003813205,0.055826487,0.021437587,1.93E-08,1.45E-07,0.002833867,0.013334252,0.282827701,0.000526267,0.000139233,0.020584478,276,0,111,162,299,0.000289186,1.48E-05,0.000808621,2.62E-05,0.00085764,4.17E-05,0.025566209
2374,2374,2374,6.2,TYM002,278.7245635,279.6719191,23,136.9747,36.866,138.547,34.708,3.834,1.5,2.735729586,23:58:00,23:59:37,215,143,147,155,-2.654572784,1.351769429,1.407381717,21.10812785,8.554171101,0.00374727,0.019766437,78.62581624,102.0886362,188.6062819,0.1544931,0.072707779,0.71810233,166,282,60,240,299,0.061980627,0.005799432,0.054619568,0.004485948,0.086712437,0.00864391,0.215140787
2375,2375,2375,6.2,TYM005,265.9345452,266.9272978,23,137.0803,36.7824,138.547,34.708,2.976,1.5,2.057745216,23:58:00,23:59:26,186,124,81,50,-4.94544507,1.003254224,0.35317195,5.118913214,1.574689695,0.000133763,0.001247136,4.567614472,30.15066032,46.9506545,0.044633779,0.013125521,0.27953264,73,225,261,148,291,0.021674832,0.001865554,0.039798404,0.004590088,0.036843282,0.003836136,0.159672869
2376,2376,2376,6.2,TYM007,249.1161075,250.1756083,23,137.2123,36.6687,138.547,34.708,1.562,0.010067114,1.898433772,23:58:00,23:59:22,532,355,177,121,-4.885820458,0.92759761,0.286241389,4.000304824,1.119555991,7.47E-05,0.000817754,2.351901495,38.52837505,15.98785112,0.039291846,0.012991368,0.266147681,274,25,106,283,299,0.021735753,0.001795078,0.027612679,0.002442227,0.026854236,0.002007737,0.147631745
2377,2377,2377,6.2,TYM008,240.2068491,241.3054711,23,137.2831,36.6086,138.547,34.708,1.682,1.5,2.68746844,23:58:00,23:59:18,681,454,227,147,-3.319072543,1.211505513,0.97308125,14.30832434,5.827427459,0.001729483,0.009453428,44.42551907,27.53191862,39.36090582,0.103199908,0.050139274,0.535221787,133,236,128,65,299,0.048414942,0.005111974,0.035913086,0.003339731,0.061993479,0.006449205,0.192817091
2378,2378,2378,6.2,TYM009,244.4826946,245.5621875,23,137.1406,36.5864,138.547,34.708,2.711,0.01,1.873106966,23:58:00,23:59:19,740,493,247,201,-3.230855087,0.743741409,0.776628747,11.19669595,3.121927873,0.000535169,0.006021791,18.39677332,18.69383757,88.37501352,0.088687999,0.026110162,0.749243119,67,170,17,277,211,0.057001113,0.004523631,0.061666505,0.004933971,0.027669716,0.00245678,0.118370122
2379,2379,2379,6.2,TYM010,254.7623283,255.798444,23,136.8872,36.56,138.547,34.708,2.095,1.5,2.869647622,23:58:00,23:59:23,680,453,227,160,-4.001652833,1.179424526,0.69131324,10.39917192,4.67818394,0.000990779,0.004749843,26.37112578,9.881410999,2.899741404,0.076546235,0.036402914,0.407787163,196,42,88,299,299,0.035772875,0.003008278,0.021270074,0.002114046,0.019886289,0.001742919,0.187711243
2380,2380,2380,6.2,TYM012,236.2759975,237.3928116,23,137.0353,36.4411,138.547,34.708,1.497,1.5,2.745678246,23:58:00,23:59:17,715,477,238,164,-4.578840178,1.75686549,0.402285415,5.740870665,2.497766673,0.000305799,0.00160139,10.93760504,4.249592007,35.41121708,0.058216869,0.021468929,0.208204544,289,210,50,299,299,0.010906331,0.000649849,0.025785516,0.001877666,0.014812689,0.000900778,0.279613827
2381,2381,2381,6.2,YMN001,124.9310633,127.0305891,23,138.9198,35.7895,138.547,34.708,11.933,0.5,1.590659807,23:58:00,23:58:32,1215,810,405,235,-2.393568866,0.177236319,0.538657451,7.983202463,2.008283974,0.000185566,0.002895362,17.13661712,5.521310106,3.95761735,0.06928849,0.014394733,2.456338671,216,238,151,207,112,6.72E-05,4.63E-06,0.000149024,7.59E-06,0.000220359,1.36E-05,0.028208036
2382,2382,2382,6.2,YMN002,107.0201989,109.4637975,23,138.947,35.6132,138.547,34.708,30.234,0.010869565,1.051922291,23:58:00,23:58:29,362,242,158,98,-0.078285526,0.172939285,1.033875648,14.00143569,2.510388119,0.000299577,0.010688105,29.20916415,38.07928428,12.39621995,0.220508838,0.019057251,8.011469973,287,275,176,290,121,0.000296021,2.17E-05,0.000133055,4.06E-06,0.000258344,1.13E-05,0.027524142
2383,2383,2383,6.2,YMN003,87.56359895,90.53388239,23,138.813,35.4648,138.547,34.708,17.161,0.010380623,1.299306834,23:58:00,23:58:26,491,327,199,115,-0.692930504,0.134077556,1.180089951,16.90812719,3.57008859,0.000595517,0.013926122,34.98179725,108.4131029,18.21641368,0.169698784,0.030764946,7.952478681,251,149,276,77,108,9.25E-05,6.02E-06,0.000473993,3.47E-05,0.000318361,2.06E-05,0.021339106
2384,2384,2384,6.2,YMN004,111.7257421,114.0685822,23,138.7266,35.702,138.547,34.708,18.764,3,0.498143969,23:58:00,23:58:29,630,420,210,131,-2.216678874,0.463598103,0.213484674,0.961841597,0.091670552,2.61E-06,0.000415556,1.290770509,0.329656277,0.007529811,0.089667526,0.007538147,1.215271765,299,291,290,299,299,0.000248975,1.59E-05,0.000168263,7.71E-06,0.000328703,2.57E-05,0.07378393
2385,2385,2385,6.2,YMN005,105.296163,107.7788566,23,138.5677,35.6548,138.547,34.708,41.431,0.010033445,1.010332927,23:58:00,23:58:28,258,172,128,92,0.347117279,0.506051873,2.152634922,28.6676758,5.235855331,0.001197957,0.046331019,98.86230835,97.60877406,136.1454383,0.374052356,0.033107601,4.644267495,58,262,161,61,252,0.000297975,1.80E-05,0.000342391,1.75E-05,0.000239492,8.87E-06,0.080540657
2386,2386,2386,6.2,YMN006,84.72808765,87.79435538,23,138.6069,35.4684,138.547,34.708,14.916,1,1.196596049,23:58:00,23:58:25,730,487,243,149,0.066014615,0.239997901,1.809968572,23.00575865,4.60388248,0.001187822,0.032750359,70.03847438,48.38453939,50.50941149,0.306036811,0.051085369,8.012095046,239,259,243,142,153,7.70E-05,4.57E-06,0.000249879,5.77E-06,0.000153582,9.04E-06,0.038196852
2387,2387,2387,6.2,YMN007,63.94227621,67.95303295,23,138.4649,35.2791,138.547,34.708,50.091,1.5,3.218053603,23:58:00,23:58:22,547,365,266,186,-10.01180731,0.408820499,0.020486495,0.318169271,0.15050736,1.10E-06,4.18E-06,0.023674818,0.055677458,0.062175234,0.001933707,0.001257475,0.029719254,238,208,24,272,299,0.000296391,1.63E-05,0.000394254,2.60E-05,0.000348413,2.50E-05,0.065065803
2388,2388,2388,6.2,YMN008,82.84660215,85.9799947,23,138.3321,35.432,138.547,34.708,9.872,1.5,2.223273038,23:58:00,23:58:25,683,455,228,138,-1.380262332,0.171669957,0.75719109,11.01187613,3.96955926,0.000717668,0.005731887,24.58203693,58.29277891,8.07582834,0.117254085,0.026903742,4.291543807,136,276,197,25,272,9.40E-05,5.72E-06,9.23E-05,5.00E-06,6.78E-05,4.14E-06,0.027322122
2389,2389,2389,6.2,YMN009,88.01193745,90.96758287,23,138.4627,35.4965,138.547,34.708,50.784,0.6,0.998197905,23:58:00,23:58:25,374,249,139,78,0.967665126,0.349053961,2.700620596,36.36331867,6.242756488,0.00184077,0.072933321,216.8575767,506.2902228,211.5477945,0.486948599,0.048575084,8.765373339,56,267,158,215,75,5.43E-05,4.10E-06,0.000110618,6.20E-06,9.50E-05,6.67E-06,0.055553663
2390,2390,2390,6.2,YMN010,121.1571594,123.3209523,23,138.4096,35.7918,138.547,34.708,10.31,1.5,2.521644263,23:58:00,23:58:31,971,647,363,273,-0.754736436,0.450509278,1.625567188,21.24034676,9.803894977,0.004247333,0.026369894,173.3282146,25.68102635,12.63000112,0.253736576,0.068553489,3.538825964,218,190,62,32,245,0.000327356,1.97E-05,0.000290468,9.73E-06,0.000533342,3.56E-05,0.071700778
2391,2391,2391,6.2,YMN011,104.4955879,106.9968593,23,138.3835,35.6382,138.547,34.708,3.927,1.5,2.447015556,23:58:00,23:58:29,306,204,142,94,-1.633984871,0.298052604,1.05696126,15.73561704,6.18159942,0.001693583,0.011165878,57.95890621,19.84916443,3.219556968,0.126117525,0.041937776,2.658657459,133,299,192,72,285,0.000126084,7.20E-06,0.000105286,5.45E-06,7.78E-05,3.99E-06,0.047436545
2392,2392,2392,6.3,AIC004,219.7295972,219.7864779,5,136.9736,35.0634,139.25,34.426,2.46,1.5,3.071510002,10:30:00,10:31:33,456,304,249,194,-3.191963075,0.832848703,0.911765123,14.00565855,6.346616643,0.001979816,0.008284775,38.66387034,39.90145719,91.50131319,0.098259854,0.056674255,0.741292945,22,68,149,280,299,0.018649438,0.001675671,0.023514952,0.00138292,0.028981709,0.002546878,0.132551988
2393,2393,2393,6.3,AIC007,192.0104172,192.0755068,5,137.3353,35.1394,139.25,34.426,3.563,1.5,3.056310046,10:30:00,10:31:26,585,390,195,137,-3.19395318,0.744444142,0.651527922,9.95756439,4.532305109,0.000998803,0.004221287,25.87223622,10.58739195,188.0619787,0.073818909,0.04093334,0.623039203,271,129,9,274,299,0.015418902,0.000962868,0.01594273,0.000598699,0.032124872,0.001686196,0.118481965
2394,2394,2394,6.3,AIC009,205.5230476,205.5838591,5,137.1464,35.0812,139.25,34.426,4.488,1.5,3.219103622,10:30:00,10:31:29,353,235,198,150,-3.579742268,0.869950336,0.689390604,10.59798757,5.105124456,0.001245723,0.004745819,30.04291768,205.4733768,224.366609,0.073778037,0.038714826,0.532859243,174,25,28,239,288,0.025353771,0.002613849,0.042590512,0.002681116,0.052603428,0.005050716,0.138456896
2395,2395,2395,6.3,AIC010,177.8088404,177.8791268,5,137.4236,34.976,139.25,34.426,5.572,0.6,1.157435443,10:30:00,10:31:22,396,264,170,104,-3.655529231,0.243722451,0.188746381,2.647328598,0.483176161,1.21E-05,0.000355174,1.252030218,17.62907208,124.5770939,0.039271277,0.004895928,1.012416822,147,115,205,150,164,0.023578491,0.001483427,0.081727339,0.006218723,0.047790521,0.004344187,0.038789633
2396,2396,2396,6.3,AIC015,172.8280099,172.900321,5,137.4047,34.7549,139.25,34.426,3.096,1.5,2.778118908,10:30:00,10:31:22,459,306,248,180,-3.864585295,0.570054433,0.413929696,5.69718504,2.606139212,0.000334026,0.001708592,7.986748008,559.0412907,2.784659615,0.060212411,0.019371532,0.663665985,205,47,243,219,259,0.018264758,0.001350519,0.037151626,0.00300349,0.042993134,0.0031444,0.090726981
2397,2397,2397,6.3,AIC017,183.9529199,184.0208596,5,137.2633,34.6694,139.25,34.426,2.018,1.5,3.213697378,10:30:00,10:31:28,469,313,228,159,-3.152722641,0.75554882,1.041645483,16.52232577,7.743572034,0.002826099,0.010802821,67.91060797,0.663855872,77.05735902,0.102443855,0.062712465,0.851928703,38,125,12,294,299,0.01952736,0.001078319,0.015310271,0.00118053,0.030004857,0.001565067,0.120249329
2398,2398,2398,6.3,CHB001,179.6767749,179.7463308,5,139.8733,35.9595,139.25,34.426,4.17,1.5,3.064018517,10:30:00,10:31:25,296,197,138,86,-2.629527033,0.754298949,1.063846284,15.51383255,7.322169106,0.002679911,0.011269311,79.71663568,12.86392371,30.13336312,0.114147456,0.0658847,0.950829403,61,28,31,255,299,0.029984438,0.002180096,0.06296774,0.005983749,0.058456064,0.004189765,0.120050406
2399,2399,2399,6.3,CHB002,162.5580781,162.6349555,5,139.9031,35.7868,139.25,34.426,2.607,1.5,2.103156053,10:30:00,10:31:21,448,299,201,128,-3.996420175,0.430137168,0.382961931,5.519789845,1.74665035,0.000163701,0.001461062,3.720835898,143.8830857,10.44168879,0.044732646,0.015236948,0.653427619,93,13,40,104,299,0.026037851,0.002142292,0.041510897,0.002215437,0.031879515,0.001909705,0.068458456
2400,2400,2400,6.3,CHB008,148.870562,148.9545038,5,139.9023,35.6537,139.25,34.426,7.546,1.5,3.051851672,10:30:00,10:31:18,190,127,128,132,-2.148530562,0.871494429,1.287955045,18.81043539,8.748936759,0.003896869,0.016517668,83.99374295,8.238233261,38.82023104,0.140844626,0.076707092,1.015442959,257,228,112,262,299,0.050841044,0.002923766,0.029961223,0.002440937,0.027608471,0.002030961,0.138702646
2401,2401,2401,6.3,CHB012,161.2256325,161.303145,5,140.3333,35.5727,139.25,34.426,3.185,1.5,2.736878056,10:30:00,10:31:21,332,221,145,86,-3.796549146,0.401847637,0.340309829,4.295741078,2.007767797,0.000219735,0.001158108,2.850435235,8.248223188,448.3896701,0.053029235,0.016558052,0.829151342,42,289,9,205,248,0.026757086,0.001374046,0.032862537,0.002296206,0.038584275,0.002771352,0.063956038
2402,2402,2402,6.3,CHB014,137.6812878,137.7720472,5,140.0489,35.4769,139.25,34.426,10.726,1.5,3.041586076,10:30:00,10:31:19,215,143,86,48,-2.048828112,1.174423061,1.584226965,24.2774852,11.17592282,0.005863257,0.025020643,110.969731,104.74204,105.429779,0.188027957,0.093921092,1.005953082,72,29,218,289,299,0.055036993,0.003723997,0.085697677,0.006085915,0.078755695,0.00603113,0.186915235
2403,2403,2403,6.3,CHB015,121.6340199,121.7367439,5,139.9159,35.3738,139.25,34.426,7.969,1.5,2.376540977,10:30:00,10:31:13,191,127,73,39,-3.140551386,0.410203689,0.472153807,6.509627587,2.518604029,0.00031887,0.002228857,5.541528855,216.6089227,23.29841312,0.065715885,0.023299941,1.006585488,23,281,234,276,285,0.032352854,0.003192828,0.043042392,0.003672321,0.038543042,0.002281984,0.065285945
2404,2404,2404,6.3,CHB016,142.170027,142.2579227,5,140.3869,35.3004,139.25,34.426,5.396,1.5,3.181011303,10:30:00,10:31:15,209,140,106,71,-2.339848163,0.787182915,1.706986185,26.70370539,12.65166634,0.007432572,0.028998027,147.0225245,20.80626818,10.05722594,0.170233817,0.101038731,1.358782815,10,67,160,277,299,0.056676649,0.003379079,0.041744436,0.002663279,0.063116062,0.003955966,0.125284052
2405,2405,2405,6.3,CHB017,122.8465901,122.948301,5,140.0755,35.2988,139.25,34.426,8.857,1.5,3.195987612,10:30:00,10:30:56,318,212,154,99,-6.856341527,0.629767257,0.113952476,1.736220785,0.825537361,3.35E-05,0.000129337,0.779141291,0.231742855,0.150293975,0.010991977,0.006961223,0.109666905,257,280,249,260,299,0.001852322,0.000133884,0.002766945,0.000171939,0.00309206,0.000236677,0.100230572
2406,2406,2406,6.3,CHB018,127.301091,127.3992455,5,140.3222,35.1577,139.25,34.426,3.345,0.01,1.459478696,10:30:00,10:31:13,399,266,148,80,-3.989968601,0.313208296,0.244538755,3.415643053,0.812154203,3.22E-05,0.000596951,4.930028312,59.60202505,1.419020133,0.03756229,0.005453344,0.753526754,65,38,171,294,66,0.031466156,0.00160238,0.034874701,0.002533768,0.040478363,0.001415663,0.049848649
2407,2407,2407,6.3,CHB021,79.91873643,80.07499255,5,139.8979,34.9083,139.25,34.426,6.47,1.5,2.565059736,10:30:00,10:30:58,1208,805,403,280,-5.850801884,0.838220451,0.191499251,2.24320253,0.897649555,6.11E-05,0.000366366,1.128225938,0.364789914,0.297266693,0.029983205,0.01125285,0.224749983,293,295,233,260,281,0.006077381,0.000384281,0.003347979,0.000221227,0.001213597,8.49E-05,0.133406928
2408,2408,2408,6.3,CHB024,154.0021604,154.0833068,5,140.0784,35.6335,139.25,34.426,2.385,0.01,2.119787176,10:30:00,10:31:34,289,193,186,172,-3.568318301,0.666918879,0.681199454,10.29625129,3.057637908,0.000527493,0.004634384,14.37645273,43.23650548,192.543594,0.074861081,0.02763844,0.705282242,285,50,161,170,190,0.040577028,0.003420992,0.116565458,0.009584717,0.145849753,0.015524065,0.106143436
2409,2409,2409,6.3,GNM011,207.6666237,207.7268076,5,139.3609,36.2914,139.25,34.426,2.759,1.5,3.333265019,10:30:00,10:31:32,343,228,148,91,-4.066082962,1.20101171,0.61454955,9.165898847,4.760533418,0.001061335,0.003771139,17.94713922,76.91409816,9.962070409,0.062008028,0.031754699,0.324399779,197,70,79,203,284,0.019182446,0.001964135,0.037690904,0.002699797,0.040293267,0.002945407,0.19114695
2410,2410,2410,6.3,IBR005,235.4958462,235.5489197,5,140.2372,36.3851,139.25,34.426,2.736,0.010033445,1.540591325,10:30:00,10:31:39,437,291,158,92,-5.0525406,0.266099551,0.129269853,1.699576164,0.402672104,1.00E-05,0.000166434,0.537510247,1380.05909,132.7076734,0.020362937,0.004515921,0.480812931,155,9,158,152,299,0.013905294,0.000901533,0.081118417,0.006379784,0.048600135,0.004265231,0.042351059
2411,2411,2411,6.3,IBR010,206.005217,206.0658862,5,139.9653,36.1843,139.25,34.426,3.208,1.5,3.019530224,10:30:00,10:31:31,269,179,156,124,-4.831356009,0.66997015,0.404515173,6.087425283,2.73440688,0.00037704,0.001632558,11.28829268,10.12291394,13.53598882,0.042173587,0.024108518,0.395516817,166,271,128,271,299,0.013601226,0.001220395,0.034415403,0.001967981,0.027159041,0.001930036,0.106629061
2412,2412,2412,6.3,IBR012,217.5531611,217.6106108,5,140.2869,36.1901,139.25,34.426,3.642,1.5,2.691805307,10:30:00,10:31:33,296,197,137,85,-3.860461563,0.775217837,0.589565007,7.931982407,3.496954987,0.000634356,0.003456253,17.38950619,116.2109134,17.08828943,0.065731599,0.033226663,0.532758402,116,121,85,263,299,0.036943174,0.003274651,0.076189365,0.007009628,0.06600503,0.006389349,0.123379751
2413,2413,2413,6.3,KNG001,129.509629,129.606111,5,139.7062,35.5291,139.25,34.426,10.379,1.5,3.129389255,10:30:00,10:31:13,182,121,94,65,-1.989465082,0.769493084,1.55122308,23.9510377,11.36805937,0.005932523,0.023915528,135.2282056,22.68165047,191.6247346,0.171698909,0.092832329,1.401982791,117,287,207,299,299,0.057133751,0.00372795,0.056011035,0.003815633,0.051683928,0.00388108,0.122468628
2414,2414,2414,6.3,KNG002,117.7525755,117.8586825,5,139.634,35.4371,139.25,34.426,21.384,1.5,2.367941759,10:30:00,10:31:10,149,100,56,30,-1.376971776,0.377712121,1.186268873,16.26216411,6.481913532,0.001998321,0.01406964,51.39838267,34.7510543,170.502428,0.172562216,0.056613163,2.870546969,63,178,27,269,286,0.100813479,0.009275885,0.051807199,0.003449872,0.030908524,0.002017195,0.060114751
2415,2415,2415,6.3,KNG003,101.2393444,101.362739,5,139.6579,35.2727,139.25,34.426,7.884,1.5,2.766033421,10:30:00,10:31:07,734,490,245,146,-2.249613569,0.619012055,0.883020353,12.26478632,5.546810651,0.001510803,0.007795658,19.52553211,36.08617145,266.7897018,0.118992114,0.045294837,1.207810892,257,172,221,253,259,0.051301692,0.002893892,0.049747587,0.002722423,0.05546381,0.003224772,0.098518828
2416,2416,2416,6.3,KNG005,103.0181235,103.13939,5,139.549,35.3194,139.25,34.426,41.079,1.5,3.194096432,10:30:00,10:30:53,512,341,211,124,-4.58321412,0.82448722,0.39765618,6.106699004,2.895988299,0.000406657,0.001573591,10.04410393,4.831458027,1.863195131,0.040370066,0.024749021,0.307648926,222,17,39,298,299,0.008208588,0.000395429,0.004883659,0.000377133,0.003619381,0.000238762,0.131221217
2417,2417,2417,6.3,KNG006,117.3415604,117.4480387,5,139.5387,35.4544,139.25,34.426,13.112,0.01010101,1.984512349,10:30:00,10:31:12,483,322,184,107,-2.092563273,0.486862001,1.0414588,14.11678922,5.006333189,0.001076198,0.010788084,53.99680553,1140.841,80.11601387,0.146993152,0.044694392,1.897016422,70,9,258,284,299,0.091339423,0.005946524,0.068315088,0.005139718,0.057792688,0.00285608,0.077486494
2418,2418,2418,6.3,KNG007,103.8019891,103.9223409,5,139.4901,35.3385,139.25,34.426,6.841,1.5,2.583395291,10:30:00,10:31:07,509,339,280,208,-2.512329702,0.42751561,0.635937967,8.646530154,3.91833004,0.00068206,0.004034603,18.09337915,1.663275192,1.802776308,0.084031175,0.028753334,1.235003897,64,223,235,214,239,0.048388139,0.00425534,0.023293972,0.001361722,0.035088221,0.001652398,0.068041223
2419,2419,2419,6.3,KNG009,113.4770794,113.5871804,5,139.3618,35.4424,139.25,34.426,23.354,0.01,1.685591687,10:30:00,10:31:08,182,122,107,87,-1.979546038,0.314734116,0.725779352,10.13350324,3.009878789,0.000378896,0.005264712,12.74112399,18.39112977,487.6418604,0.105361364,0.018786457,2.103378498,289,183,184,119,168,0.071686774,0.004666816,0.096855455,0.006324951,0.127637937,0.007758961,0.05009149
2420,2420,2420,6.3,KNG010,101.5455965,101.6686194,5,139.3504,35.3355,139.25,34.426,7.8,0.010067114,1.204980995,10:30:00,10:31:05,297,198,140,95,-3.24350901,0.267870936,0.317696022,4.139104621,0.801626183,3.71E-05,0.001008278,2.566542975,0.858139272,1.719825108,0.053097676,0.007731141,1.245459996,192,276,288,156,289,0.049289694,0.002527678,0.021674319,0.001827555,0.025726914,0.001696218,0.042632984
2421,2421,2421,6.3,KNG011,132.5390415,132.6333198,5,139.1548,35.6154,139.25,34.426,2.695,0.010033445,1.695724085,10:30:00,10:31:12,1302,868,434,270,-4.321628625,0.606302365,0.331719196,4.628605751,1.16185458,7.93E-05,0.00108915,3.029278396,126.5204575,329.1919749,0.052798207,0.016297368,0.547154257,222,8,7,292,299,0.018574621,0.000997086,0.02993401,0.0013298,0.036929569,0.002215983,0.096496018
2422,2422,2422,6.3,KNG013,93.62058745,93.75401001,5,139.152,35.2641,139.25,34.426,14.269,0.010344828,0.884117599,10:30:00,10:31:03,116,77,46,25,-1.228248314,0.298029489,1.062295885,12.97907983,1.575081446,0.000221552,0.011189604,25.36901087,5.129138828,6.677550078,0.161356536,0.023832546,3.401787602,232,295,241,175,230,0.162037072,0.007039703,0.061694306,0.004090759,0.109429118,0.005423315,0.047432866
2423,2423,2423,6.3,NGN016,189.2316557,189.2977008,5,138.2421,35.9151,139.25,34.426,1.932,1.5,3.297164116,10:30:00,10:31:29,355,236,155,96,-2.495640122,1.2153537,1.655551179,24.71779729,12.41750885,0.007535149,0.027363425,158.718579,759.4987331,125.7065881,0.148685668,0.096521365,0.768681254,14,10,17,251,287,0.033216921,0.002594794,0.07890798,0.00619449,0.064535298,0.004845057,0.193429549
2424,2424,2424,6.3,NGN022,198.7621275,198.8250068,5,137.6125,35.6079,139.25,34.426,2.27,1,1.795915453,10:30:00,10:31:32,927,618,309,186,-4.913587784,0.691415858,0.296763056,3.99382903,1.073599504,7.14E-05,0.000874329,3.192447452,159.648322,4.051776226,0.046012715,0.016234589,0.418136802,10,106,66,291,299,0.015978333,0.001082016,0.029816602,0.002205182,0.026092714,0.002263095,0.110042252
2425,2425,2425,6.3,NGN025,158.7292678,158.8079987,5,137.8567,35.2807,139.25,34.426,6.699,1.5,2.400110541,10:30:00,10:31:19,584,389,210,111,-4.330607921,0.335784961,0.342238469,5.180119882,1.860203031,0.000170863,0.001170969,2.787884467,2.717351327,92.96904019,0.038104311,0.01352834,0.713005273,145,234,4,32,248,0.025831189,0.002335267,0.046986789,0.002127547,0.060746812,0.004784256,0.053441836
2426,2426,2426,6.3,SIT003,187.4691813,187.5358471,5,139.6968,36.072,139.25,34.426,4.645,1.5,2.650787304,10:30:00,10:31:28,131,87,87,86,-4.17412236,0.765427774,0.384435507,5.658812573,2.304697622,0.000262775,0.001476366,5.902027651,60.68125397,24.29468057,0.051251065,0.019476546,0.420705843,193,133,14,271,286,0.022075055,0.001736268,0.038323039,0.002892435,0.033358208,0.002348604,0.121821614
2427,2427,2427,6.3,SIT006,175.2661292,175.3374349,5,139.0709,35.9954,139.25,34.426,2.81,1,2.11292049,10:30:00,10:31:25,932,621,311,182,-5.237136639,0.709663988,0.277238574,4.088446398,1.288185084,8.69E-05,0.000768557,2.222058349,37.02490532,80.73492743,0.034173075,0.010006455,0.302559755,90,52,42,125,260,0.014618083,0.001255822,0.039869644,0.003448992,0.021135648,0.001938899,0.112946532
2428,2428,2428,6.3,SIT007,181.4788886,181.5477541,5,139.3912,36.054,139.25,34.426,2.216,1.5,2.827068165,10:30:00,10:31:25,803,535,268,161,-4.111673078,0.842880444,0.468056396,6.843361016,2.903074763,0.000441559,0.002181104,17.94889749,72.71033965,163.0181644,0.053664696,0.025925113,0.400039212,149,54,5,93,299,0.016895333,0.001886368,0.023468297,0.001877265,0.029132916,0.001815129,0.134148589
2429,2429,2429,6.3,SIT008,178.1375106,178.2076673,5,139.7526,35.9745,139.25,34.426,4.318,1.5,3.304661252,10:30:00,10:31:29,193,129,91,59,-2.965162325,0.757019851,1.053295324,16.80811885,8.184339166,0.003056223,0.011048184,86.9611216,79.76997116,10.58181137,0.098117117,0.060513879,0.814361769,15,224,203,26,299,0.036063943,0.002851882,0.084939362,0.008223346,0.074324618,0.005039035,0.120483451
2430,2430,2430,6.3,SIT010,168.5539396,168.6280836,5,139.6481,35.9065,139.25,34.426,6.211,1.5,2.993368513,10:30:00,10:31:23,199,133,113,88,-3.89253825,0.536537654,0.453631006,6.397195118,3.299653514,0.000467029,0.002057706,5.146522398,26.60350221,51.6572364,0.05469535,0.019916609,0.640516123,13,264,10,159,240,0.031598046,0.002021674,0.048682411,0.003629692,0.066994534,0.004173852,0.08539262
2431,2431,2431,6.3,SZO001,81.16753673,81.32139336,5,139.0795,35.1424,139.25,34.426,19.034,3,2.518614864,10:30:00,10:30:49,889,592,296,186,-10.93886325,0.219754692,0.007797675,0.108824018,0.04310515,9.76E-08,6.07E-07,0.012802512,0.444532461,0.836264179,0.001122739,0.000342733,0.032101142,260,49,128,112,148,0.00054467,3.13E-05,0.000908246,5.39E-05,0.001418377,8.34E-05,0.034975045
2432,2432,2432,6.3,SZO002,61.44201761,61.64512575,5,139.1031,34.9652,139.25,34.426,37.512,1.5,3.206097129,10:30:00,10:30:46,541,361,204,151,-5.186817478,1.443593907,0.522303609,8.080515431,3.822611507,0.000707441,0.002717042,17.24415943,3.196704068,9.138589254,0.04768588,0.032276886,0.207550905,19,26,13,288,299,0.005580539,0.000413503,0.003376856,0.000227817,0.005478368,0.000432237,0.229755106
2433,2433,2433,6.3,SZO003,46.88689979,47.15274511,5,139.0546,34.8158,139.25,34.426,121.185,1.5,3.12480822,10:30:00,10:30:42,473,316,158,102,-6.623516459,0.536602166,0.107946953,1.661277559,0.768924242,2.87E-05,0.00011604,0.752996126,5.447103057,2.984775051,0.011553657,0.006792767,0.135284152,276,10,97,279,299,0.002204489,0.000116396,0.006635852,0.000398988,0.006325663,0.000394027,0.085402887
2434,2434,2434,6.3,SZO004,46.46536684,46.73361013,5,138.8194,34.6469,139.25,34.426,30.587,0.75,1.371949766,10:30:00,10:30:42,733,488,244,168,0.044348708,0.2044575,1.392490648,17.23865214,3.510069753,0.000923875,0.019377449,45.0000363,18.29149095,23.11281738,0.275685183,0.044409619,8.472083886,215,225,222,138,152,0.000780795,4.90E-05,0.001357082,9.43E-05,0.001604617,9.34E-05,0.032540422
2435,2435,2435,6.3,SZO005,56.18144447,56.40349902,5,138.7841,34.7549,139.25,34.426,38.387,1.5,3.248423917,10:30:00,10:30:44,284,189,161,124,-7.620332199,0.64310151,0.084927919,1.327418495,0.630500974,1.92E-05,7.19E-05,0.438858676,9.440697097,0.189295143,0.007718954,0.005192952,0.075415185,14,11,257,286,299,0.001501481,8.39E-05,0.005735064,0.000489701,0.00226981,0.000156325,0.102352784
2436,2436,2436,6.3,SZO006,68.19312701,68.37618424,5,138.7941,34.9113,139.25,34.426,16.996,1.5,2.862469024,10:30:00,10:30:45,859,573,286,167,-9.72775907,0.30332949,0.022745207,0.33970227,0.146965782,1.07E-06,5.13E-06,0.038323039,0.757146391,0.233048565,0.002931956,0.001463568,0.060732719,180,153,152,298,299,0.000859295,3.84E-05,0.001745862,7.26E-05,0.001216066,6.71E-05,0.048276388
2437,2437,2437,6.3,SZO007,67.26394514,67.44952421,5,138.9466,34.9771,139.25,34.426,5.348,0.75,1.356170827,10:30:00,10:30:55,933,622,311,244,-0.989495776,0.297866665,1.474709401,20.09589908,3.62427584,0.00101272,0.02173803,53.42079278,32.60234885,5.748931267,0.181701727,0.046736028,3.83280761,216,209,276,123,156,0.000412938,3.62E-05,0.000863186,6.20E-05,0.00045175,3.03E-05,0.047406952
2438,2438,2438,6.3,SZO008,82.35740919,82.50904707,5,138.8657,35.096,139.25,34.426,7.018,1.5,3.19892078,10:30:00,10:30:49,303,202,142,95,-4.797073486,0.756254504,0.389068286,6.025842789,2.841616766,0.000390628,0.001507011,9.677699425,1.016792596,0.013552053,0.037525908,0.024069663,0.311776301,84,48,93,291,299,0.005502367,0.000310182,0.005213256,0.000205219,0.002770318,8.79E-05,0.120361643
2439,2439,2439,6.3,SZO009,91.10422267,91.241325,5,138.9127,35.1971,139.25,34.426,3.387,1.5,2.805337305,10:30:00,10:31:05,931,621,310,242,-1.656874639,0.940203352,1.889841049,28.15821356,11.47288416,0.007106518,0.035648922,157.5364835,16.90285276,86.14045481,0.198703684,0.106652052,1.327895787,88,197,93,235,297,0.076823445,0.006140099,0.070409919,0.005073318,0.060133026,0.004632701,0.149638011
2440,2440,2440,6.3,SZO010,102.3175244,102.4396203,5,138.9349,35.3091,139.25,34.426,4.468,1.5,3.208952882,10:30:00,10:30:52,378,252,186,123,-5.302389049,0.675361416,0.290751963,4.526350881,2.135507975,0.000219629,0.00084202,5.480420589,8.370862416,11.40478779,0.026964153,0.018005178,0.250859416,71,59,58,275,299,0.003793463,0.000273628,0.004712527,0.000339188,0.004797864,0.000397035,0.107487108
2441,2441,2441,6.3,SZO011,105.4100598,105.5285776,5,138.6221,35.2216,139.25,34.426,6.417,1.5,1.757455556,10:30:00,10:30:55,375,250,160,97,-10.25364904,0.277142312,0.010285093,0.133353897,0.030717095,8.22E-08,1.05E-06,0.003339686,0.023020415,0.02775809,0.001854203,0.000523183,0.042037244,184,113,134,280,299,0.000711807,3.57E-05,0.001874742,0.000115189,0.00128594,0.000109587,0.044108569
2442,2442,2442,6.3,SZO013,98.38165628,98.50863055,5,138.476,35.041,139.25,34.426,23.068,1.5,3.189763946,10:30:00,10:30:56,169,113,90,65,-6.199518377,1.202167381,0.29411579,4.541349242,2.138519052,0.000221958,0.00086122,5.561167257,0.629826233,0.060040675,0.027642828,0.018173222,0.14447656,10,294,138,299,299,0.005034416,0.000353068,0.003928402,0.000224646,0.00392627,0.000248219,0.191330881
2443,2443,2443,6.3,SZO014,100.0590867,100.183935,5,138.3735,34.9649,139.25,34.426,5.115,1,0.903510994,10:30:00,10:31:03,515,344,301,242,-2.044605382,0.436373098,0.358539933,3.400522822,0.635185992,2.54E-05,0.001228863,3.946698424,0.529663502,1.092117696,0.108012863,0.014565921,1.555239855,295,296,281,298,299,0.030992942,0.001476865,0.010331886,0.000406514,0.013666441,0.000672125,0.069450936
2444,2444,2444,6.3,SZO015,123.08664,123.1881526,5,138.3407,35.2435,139.25,34.426,7.25,1.5,2.473562877,10:30:00,10:31:09,1000,667,333,208,-2.100832782,0.618232953,0.892798506,12.2362293,4.715504809,0.001234357,0.007964429,47.59048906,7.20328145,7.366912275,0.13042784,0.037768305,1.325555823,67,76,170,102,136,0.048496212,0.00393862,0.036821037,0.001755331,0.044755918,0.001908696,0.09839483
2445,2445,2445,6.3,SZO016,98.32063657,98.44768954,5,138.3113,34.8566,139.25,34.426,29.395,1.5,2.956416203,10:30:00,10:30:52,290,193,154,109,-8.675295364,0.694586512,0.045378453,0.68362526,0.304978189,4.55E-06,2.05E-05,0.112300629,0.12403074,0.579603929,0.005046511,0.00256212,0.045650418,21,85,71,77,299,0.001914422,0.000133811,0.003816096,0.000282303,0.004753458,0.000409623,0.110546877
2446,2446,2446,6.3,SZO017,105.4236993,105.5422019,5,138.1281,34.6374,139.25,34.426,10.308,0.010067114,1.615973303,10:30:00,10:31:06,435,290,219,147,-3.060360302,0.548367593,0.557613052,6.909427016,1.687859666,0.000205088,0.003100504,7.022773684,2.280987073,0.761749686,0.08146177,0.018294352,0.933387395,285,195,285,144,180,0.04112705,0.002864461,0.018217567,0.000740931,0.013087794,0.00079403,0.087275413
2447,2447,2447,6.3,SZO018,100.2054844,100.3301505,5,138.2241,34.7402,139.25,34.426,27.502,0.010204082,1.285836665,10:30:00,10:31:05,495,330,396,1133,-3.083850598,0.370614342,0.397828448,5.275400356,1.057822626,6.59E-05,0.00157276,4.242676156,4.267090539,1.075543253,0.068057077,0.010975194,1.153801082,235,290,285,250,258,0.060624264,0.004613631,0.040259177,0.001518553,0.028252918,0.002150824,0.058985105
2448,2448,2448,6.3,SZO021,126.3841256,126.4829917,5,138.1332,35.0969,139.25,34.426,7.978,1.5,3.00042183,10:30:00,10:31:11,1239,826,413,268,-1.035821455,0.978116845,2.177474926,31.70503155,14.41261617,0.010782402,0.04728361,262.7419859,1278.358738,915.163836,0.278356513,0.119766716,1.788094707,267,4,14,257,270,0.110543356,0.008136294,0.065146438,0.004104423,0.056744449,0.00392563,0.155672131
2449,2449,2449,6.3,SZO024,143.6377203,143.7247185,5,137.7197,34.7102,139.25,34.426,3.759,1,1.801046726,10:30:00,10:31:15,566,377,330,264,-3.199939624,0.365558565,0.50407437,6.873314877,2.170897727,0.000208667,0.002539585,5.940757211,36.48449756,38.48663694,0.069285713,0.013896301,1.190876137,61,12,7,101,147,0.041046853,0.002617288,0.015889934,0.00082319,0.017511635,0.001536601,0.058180453
2450,2450,2450,6.3,SZO026,138.2116685,138.3020799,5,137.8975,34.9816,139.25,34.426,4.276,1.5,3.029242561,10:30:00,10:31:14,802,535,279,176,-2.413807327,1.024529535,1.192154195,17.80676099,8.055193401,0.003293182,0.01416796,79.47560591,1.724181047,62.7896781,0.12927834,0.073235165,0.792831969,253,278,4,260,299,0.030137297,0.002303311,0.025551281,0.00129001,0.042559806,0.002429038,0.16305894
2451,2451,2451,6.3,TKY003,152.4720632,152.5540234,5,139.2912,35.7968,139.25,34.426,28.186,1.5,3.11974835,10:30:00,10:31:17,276,184,111,62,-1.231305382,1.041613084,3.102490052,47.2463436,22.27409734,0.023627079,0.095836432,658.4506078,536.3128351,159.9651079,0.321286579,0.189470423,1.938054677,171,251,185,292,299,0.073468738,0.004060176,0.125007491,0.009768558,0.117361064,0.007058441,0.165777871
2452,2452,2452,6.3,TKY004,134.4062372,134.4992067,5,139.4034,35.6282,139.25,34.426,7.482,1.5,3.065472768,10:30:00,10:31:14,380,253,177,110,-1.129593838,0.945005811,2.285573331,33.35160199,15.3791383,0.012402451,0.052104153,253.5552946,124.5520724,6.067057088,0.253852457,0.135658143,1.687822453,143,59,86,235,299,0.056033158,0.005208514,0.045281141,0.003124048,0.052805208,0.002940119,0.150402346
2453,2453,2453,6.3,TKY005,129.0035459,129.1004061,5,139.4156,35.5782,139.25,34.426,13.963,1.5,3.307635179,10:30:00,10:30:58,371,247,170,113,-7.321282689,0.17478211,0.060280148,0.940065707,0.459197722,1.01E-05,3.63E-05,0.186277857,1.419625368,3.136521242,0.005927823,0.00343897,0.213097376,174,177,273,273,283,0.001914594,8.81E-05,0.002889447,0.000229438,0.003788546,0.000280055,0.027817437
2454,2454,2454,6.3,TKY006,143.4102381,143.4973742,5,139.5029,35.699,139.25,34.426,7.261,1.5,3.208488037,10:30:00,10:31:17,326,217,134,76,-0.7553856,1.335287503,3.348116553,53.38908998,24.91652416,0.029071875,0.111488977,617.9973189,525.8340483,577.4870589,0.350646336,0.192578516,1.649963698,223,299,263,297,299,0.066999653,0.006285188,0.045985366,0.00490631,0.049794537,0.003959818,0.212517607
2455,2455,2455,6.3,TKY007,148.2577183,148.342007,5,139.6859,35.7107,139.25,34.426,5.045,0.010033445,1.109098346,10:30:00,10:31:19,330,220,142,83,-2.996765448,0.522999657,0.572344608,6.865910248,1.16343466,0.000100633,0.003229697,7.749907696,2.594438217,279.6572881,0.097338951,0.023666586,1.169405478,173,227,230,298,299,0.041564348,0.002347209,0.03248462,0.00231347,0.04445256,0.003086008,0.083237981
2456,2456,2456,6.3,TKY008,41.97134328,42.26811631,5,139.3909,34.7852,139.25,34.426,73.506,1.5,3.13219733,10:30:00,10:30:41,506,337,246,160,-6.669783037,0.402610364,0.114430134,1.737291283,0.814816895,3.24E-05,0.000130331,0.915839652,0.618104421,37.43854023,0.011841917,0.007162828,0.184806368,32,44,52,276,299,0.002687491,0.000181047,0.004038343,0.000207427,0.009323444,0.000576147,0.064077429
2457,2457,2457,6.3,TKY009,33.93272898,34.29912675,5,139.4412,34.6874,139.25,34.426,73.21,1.5,3.061995746,10:30:00,10:30:40,403,269,232,182,-7.130155811,1.184927231,0.145183645,2.131178389,0.981201575,4.98E-05,0.000209842,0.917307619,0.728829999,0.216244925,0.014866357,0.008988999,0.078830219,6,37,89,259,299,0.002296251,0.000194821,0.004531071,0.000364783,0.004809516,0.000419017,0.188587026
2458,2458,2458,6.3,TKY011,42.49346033,42.78661205,5,139.5315,34.1228,139.25,34.426,21.717,1.5,3.108326442,10:30:00,10:30:47,688,459,229,139,-7.495812202,1.049766353,0.125044163,1.900016616,0.8693247,3.81E-05,0.000155599,0.833796159,0.027692478,1.485995939,0.012337064,0.007848988,0.073841252,8,131,17,299,299,0.002265569,0.000156387,0.001966753,0.000115906,0.002723776,0.000225949,0.167075504
2459,2459,2459,6.3,TKY012,153.9384323,154.0196122,5,139.789,33.1161,139.25,34.426,5.506,1.5,3.190316183,10:30:00,10:31:00,668,445,261,146,-8.1568147,0.97066034,0.086191209,1.334505412,0.621044753,1.91E-05,7.41E-05,0.396414379,0.060346996,0.650621759,0.008082458,0.005266917,0.052318589,10,84,201,286,299,0.001232234,0.000106776,0.001291487,6.96E-05,0.001427189,0.000103422,0.154485391
2460,2460,2460,6.3,YMN002,134.863155,134.9558097,5,138.947,35.6132,139.25,34.426,4.49,1.5,3.120789652,10:30:00,10:31:13,362,242,158,98,-1.642453659,1.066113093,1.986390168,29.99909272,14.13396727,0.009679935,0.039237666,270.8999356,191.6681714,41.72645921,0.209663025,0.122612052,1.235658437,136,12,16,299,299,0.05239085,0.003124488,0.066334269,0.003109892,0.045379798,0.002375647,0.169677169
2461,2461,2461,6.3,YMN006,129.8864635,129.9826658,5,138.6069,35.4684,139.25,34.426,2.992,1.5,3.21476173,10:30:00,10:31:12,730,487,243,149,-2.32823688,0.788401868,1.251419368,19.00010964,9.113530316,0.004089209,0.015620733,105.8818373,54.63682105,27.93789564,0.136654562,0.074552256,1.089071413,45,37,4,230,299,0.037322864,0.002440334,0.071617165,0.004138858,0.060823768,0.004286079,0.125478054
2462,2462,2462,6.3,YMN007,118.8718174,118.9769262,5,138.4649,35.2791,139.25,34.426,6.165,1.5,3.212103716,10:30:00,10:31:08,547,365,266,186,-1.206967289,0.679613064,2.331379673,36.03421934,17.18660147,0.014176068,0.05424209,231.6337827,4.233300882,157.6910766,0.237476968,0.127886009,2.195531365,111,243,204,50,297,0.084786868,0.00700672,0.054717665,0.004076171,0.069742389,0.005679365,0.108163779
2463,2463,2463,6.3,YMN008,139.6959679,139.7854193,5,138.3321,35.432,139.25,34.426,2.848,0.75,1.088546388,10:30:00,10:31:14,683,455,228,138,-3.490166971,0.52740795,0.414914884,5.484215667,1.013191348,5.16E-05,0.001717573,7.606832973,106.9791486,16.83356149,0.069142232,0.008922413,0.823714269,94,86,11,240,259,0.040195067,0.00243533,0.040205342,0.002351046,0.037837018,0.003065536,0.083939582
2464,2464,2464,6.3,YMN009,138.9826186,139.0725288,5,138.4627,35.4965,139.25,34.426,8.032,1.5,2.933744414,10:30:00,10:31:16,374,249,139,78,-2.387491786,0.882617374,1.600263177,24.51863994,10.47980212,0.005543892,0.025429038,140.8381347,503.7633343,574.3940228,0.189411806,0.097684723,1.34838664,5,95,183,299,299,0.081307351,0.005315006,0.125823124,0.00720515,0.193765529,0.016049742,0.140472918
2742,2742,2742,6.4,AIC001,221.3406136,225.1059023,41,136.75,35.2976,137.292,33.358,12.278,1.5,1.357933156,08:29:00,08:30:13,204,136,103,69,-6.753135078,0.119559392,0.030637167,0.438841593,0.096265877,4.38E-07,9.38E-06,0.03008126,0.43841378,0.524053624,0.005580216,0.000828158,0.293256161,163,36,42,108,295,0.004037692,0.000180585,0.003459863,0.000140796,0.00461867,0.00020916,0.019028468
2743,2743,2743,6.4,AIC002,218.4623844,222.2764346,41,136.9153,35.2979,137.292,33.358,7.054,1.5,3.191257223,08:29:00,08:30:13,607,405,294,338,-8.563479903,0.850471526,0.057317759,0.884193752,0.417281658,8.44E-06,3.27E-05,0.212353439,0.095159862,0.008679358,0.005634384,0.003565977,0.04162618,165,12,296,295,299,0.000816225,5.35E-05,0.001071904,3.50E-05,0.001359647,3.87E-05,0.135356747
2744,2744,2744,6.4,AIC003,208.1074602,212.107791,41,136.7404,35.1732,137.292,33.358,8.042,0.01,2.431144179,08:29:00,08:30:27,190,127,124,118,-1.588913241,0.409185465,1.150406519,16.8628404,6.367385407,0.001980753,0.013230268,61.9160399,113.2886587,90.91209249,0.140867494,0.04599725,2.163069429,84,198,216,135,174,0.07871724,0.005578841,0.089448525,0.009997608,0.037576556,0.002752671,0.065123889
2745,2745,2745,6.4,AIC004,191.8783898,196.2098786,41,136.9736,35.0634,137.292,33.358,18.455,1.5,3.14481164,08:29:00,08:30:08,456,304,249,194,-7.629734739,0.171419643,0.040982332,0.624474649,0.295664139,4.19E-06,1.67E-05,0.094926742,0.99359207,0.73344864,0.004795378,0.002426796,0.17576892,24,189,2,263,299,0.002075946,5.95E-05,0.003364634,0.000138535,0.002713362,0.000105092,0.027282284
2746,2746,2746,6.4,AIC005,204.7414768,208.8063034,41,137.2056,35.1979,137.292,33.358,16.549,1.5,3.207928277,08:29:00,08:30:14,798,532,266,170,-9.022066963,0.917306697,0.057741206,0.89601301,0.423631446,8.65E-06,3.32E-05,0.210273505,0.017082229,0.155608479,0.00534568,0.003581583,0.03661578,2,217,262,293,299,0.000642711,4.59E-05,0.000393137,1.28E-05,0.000675518,4.19E-05,0.145993895
2747,2747,2747,6.4,AIC006,207.5450433,211.5560091,41,137.5086,35.2159,137.292,33.358,27.751,1.5,3.024381754,08:29:00,08:30:32,513,342,171,105,0.128458468,0.490523736,3.847189858,57.63118221,26.01835277,0.034121604,0.147270565,946.6449675,4342.45458,479.4062856,0.394751459,0.242084299,5.056425178,8,20,36,274,299,0.091509684,0.004824223,0.220353882,0.01040506,0.170362873,0.005894565,0.078069277
2748,2748,2748,6.4,AIC009,192.0781101,196.4051944,41,137.1464,35.0812,137.292,33.358,25.017,1.5,3.161377946,08:29:00,08:30:08,353,235,198,150,-9.209781858,0.497580807,0.027196442,0.419883618,0.195185681,1.86E-06,7.35E-06,0.041810176,0.333463368,0.119040591,0.003020025,0.001627501,0.038135262,62,238,217,299,299,0.000855067,4.68E-05,0.001302476,9.29E-05,0.000927093,4.79E-05,0.079192445
2749,2749,2749,6.4,AIC010,180.3202691,184.9226851,41,137.4236,34.976,137.292,33.358,23.212,1.5,3.195661823,08:29:00,08:30:06,396,264,170,104,-7.732643897,0.491826613,0.068709477,1.061201337,0.501375375,1.22E-05,4.70E-05,0.298841577,0.171217206,1.252181665,0.006665497,0.004272197,0.085153079,29,264,299,292,299,0.00095196,5.69E-05,0.000960321,4.87E-05,0.001776591,0.000117975,0.078276637
2750,2750,2750,6.4,AIC011,186.3998855,190.85575,41,136.8639,34.9965,137.292,33.358,17.786,1.5,3.091780505,08:29:00,08:30:11,269,180,112,64,-7.887012971,0.233677341,0.040168276,0.60564171,0.285214392,3.89E-06,1.61E-05,0.098085865,0.353361148,5.396624079,0.004374747,0.002400002,0.117629497,91,251,25,261,299,0.001846986,5.74E-05,0.0025863,8.51E-05,0.004197265,0.00026506,0.037190904
2751,2751,2751,6.4,AIC012,174.2782815,179.0360841,41,137.0447,34.9119,137.292,33.358,16.311,1.5,2.840045696,08:29:00,08:30:05,265,176,127,88,-9.893448018,0.222094737,0.014595269,0.216990545,0.093599173,4.33E-07,2.12E-06,0.013476454,0.033681835,0.096650049,0.001675393,0.000848035,0.047397812,170,43,98,283,299,0.000833594,4.88E-05,0.000996668,5.88E-05,0.001055065,8.46E-05,0.035347475
2752,2752,2752,6.4,AIC013,177.1274641,181.8107218,41,137.5761,34.9335,137.292,33.358,13.57,1.5,3.197030121,08:29:00,08:30:05,878,586,422,308,-8.605948587,1.187733155,0.065133916,1.007258896,0.474809474,1.09E-05,4.22E-05,0.265456225,0.377448119,0.171308868,0.006085935,0.004041863,0.03219499,14,18,196,299,299,0.000735737,5.13E-05,0.000920819,6.39E-05,0.000881329,4.39E-05,0.189033603
2753,2753,2753,6.4,AIC014,163.4020579,168.467304,41,137.22,34.8263,137.292,33.358,18.727,1.5,3.221211738,08:29:00,08:30:03,449,299,204,132,-8.226136821,0.445157803,0.051125318,0.793197291,0.376671983,6.85E-06,2.61E-05,0.15352449,0.046257146,0.041627298,0.005275543,0.003153099,0.074461715,225,125,220,295,299,0.001141039,4.59E-05,0.000938578,3.11E-05,0.001020225,3.98E-05,0.070849065
2754,2754,2754,6.4,AIC015,155.6747486,160.9833138,41,137.4047,34.7549,137.292,33.358,14.221,1.5,3.141300171,08:29:00,08:30:03,459,306,248,180,-7.410703304,0.267801527,0.045855717,0.702445813,0.327800896,5.24E-06,2.10E-05,0.134446997,0.073765564,0.046841233,0.005721299,0.002819385,0.134233661,269,244,260,271,299,0.001828716,4.38E-05,0.00084654,4.22E-05,0.00144648,3.24E-05,0.042621937
2755,2755,2755,6.4,AIC016,161.8822244,166.9935765,41,136.9087,34.7788,137.292,33.358,31.63,1.5,3.187838735,08:29:00,08:30:06,259,173,121,76,-6.431654727,0.548705944,0.145404332,2.248233644,1.058157462,5.42E-05,0.000210481,1.340136802,0.314008835,1.098250935,0.014589987,0.00900356,0.167068709,202,280,46,284,299,0.002461589,0.000137892,0.001251425,6.68E-05,0.002366443,0.000119482,0.087329263
2756,2756,2756,6.4,AIC017,145.8450158,151.4984113,41,137.2633,34.6694,137.292,33.358,9.99,1.5,3.188712475,08:29:00,08:30:01,469,313,228,159,-8.14604765,1.060536471,0.091267865,1.409218886,0.663725176,2.14E-05,8.30E-05,0.542577892,0.000755473,0.216697378,0.008505313,0.005670611,0.050390023,8,173,155,288,299,0.001332254,7.58E-05,0.000486405,1.56E-05,0.001083129,6.62E-05,0.168789622
2757,2757,2757,6.4,AIC018,141.5835872,147.4005162,41,137.1078,34.6221,137.292,33.358,13.811,0.01,1.831643518,08:29:00,08:30:02,2055,1370,731,547,-0.91886232,0.322152582,1.000834111,12.79087783,4.179143986,0.000851219,0.010016577,23.92040169,17.22539828,3.380082793,0.174451837,0.036612831,3.402466044,162,212,171,132,156,0.000105494,7.48E-06,0.000112958,5.03E-06,9.73E-05,4.73E-06,0.051272176
2758,2758,2758,6.4,CHB019,304.3306434,307.0800229,41,139.8351,35.1105,137.292,33.358,4.511,1.5,2.956393697,08:29:00,08:31:05,205,136,103,76,-3.01040268,1.382783593,1.085710215,16.14104893,7.152261676,0.00260202,0.011752921,62.89043129,67.33439222,23.57290202,0.12604393,0.067820928,0.572726907,201,48,256,278,299,0.027183311,0.002182118,0.055799044,0.005023211,0.081344189,0.006779226,0.220076844
2759,2759,2759,6.4,EHM001,353.2211716,355.5927391,41,133.549,33.981,137.292,33.358,2.342,1.5,3.094812229,08:29:00,08:31:01,708,472,375,297,-5.247058451,0.369315664,0.167989279,2.632256207,1.265626325,6.83E-05,0.000281493,1.083332694,3.706114382,8.554402895,0.019811866,0.007750287,0.337060231,111,247,203,265,276,0.009274111,0.000493275,0.007526334,0.000591697,0.014985935,0.001262846,0.058778414
2760,2760,2760,6.4,EHM002,374.1296213,376.3694642,41,133.3074,33.9216,137.292,33.358,1.936,1.5,3.210904937,08:29:00,08:31:06,1179,786,393,248,-4.818963728,0.68354819,0.364836771,5.63365227,2.668983509,0.000346063,0.001325134,8.245407821,3.071676587,28.70809857,0.034422311,0.022533397,0.316410399,65,24,65,299,299,0.006965278,0.000432998,0.003746169,0.000230388,0.008136291,0.00058732,0.108790073
2761,2761,2761,6.4,EHM004,404.7841351,406.855252,41,132.9982,34.0624,137.292,33.358,2.453,1.5,2.578902191,08:29:00,08:31:13,368,245,186,125,-6.852058328,0.313768996,0.06949093,0.932202,0.423198749,8.10E-06,4.81E-05,0.669972972,3.521111903,1.653570433,0.009892148,0.00306899,0.198089036,266,18,49,37,299,0.006491092,0.000347638,0.011603618,0.000890493,0.012432299,0.000736395,0.049937887
2762,2762,2762,6.4,EHM015,446.980543,448.8569993,41,132.4814,33.6105,137.292,33.358,1.197,1.5,3.152922224,08:29:00,08:31:39,460,307,276,231,-4.744444318,0.866508942,0.427960681,6.495997716,3.026080021,0.000460466,0.001828653,9.521739616,2.783768427,41.14444132,0.044577763,0.025935251,0.323239992,198,148,120,283,295,0.01159361,0.000819929,0.028898226,0.001857959,0.052661014,0.004843773,0.137909181
2763,2763,2763,6.4,FKI001,334.2704674,336.7755118,41,136.1571,36.2161,137.292,33.358,1.698,1.5,3.152691985,08:29:00,08:31:03,490,327,201,117,-2.219171953,1.649433227,2.123292768,32.85240665,15.3184944,0.011319775,0.044960845,207.0964079,399.5393958,144.1615858,0.185123657,0.120997076,0.705191468,40,75,240,276,299,0.034080443,0.002821752,0.025062107,0.001767048,0.029743595,0.002281998,0.262515451
2764,2764,2764,6.4,FKI002,320.1495746,322.764233,41,136.0137,36.0386,137.292,33.358,2.035,0.6,1.188654998,08:29:00,08:31:01,537,358,227,170,-3.890453459,0.375586941,0.330145192,4.650586267,0.843390476,3.90E-05,0.001088467,4.783783122,10.78260125,9.57659184,0.043772397,0.007642814,0.73226743,187,193,164,266,118,0.038813219,0.003279648,0.033687586,0.00299437,0.031466882,0.002455269,0.059776518
2765,2765,2765,6.4,FKI003,314.1473117,316.8115109,41,136.2279,36.0444,137.292,33.358,4.273,1.5,3.299768235,08:29:00,08:30:36,377,251,168,101,-4.936733151,0.422557124,0.219209503,3.353151054,1.639207751,0.000132533,0.000480527,2.618896481,20.65977721,0.076807919,0.024836666,0.01276041,0.369307161,297,3,35,265,285,0.008742441,0.000513433,0.007979558,0.000510465,0.004129009,0.000279345,0.067252055
2766,2766,2766,6.4,FKI004,300.5930282,303.3762822,41,136.4865,35.9789,137.292,33.358,3.246,1.5,3.085991942,08:29:00,08:30:34,518,348,284,208,-4.771151654,0.420393881,0.172544352,2.576786566,1.196246299,7.18E-05,0.000297452,1.242310032,0.119576647,0.154862763,0.025307242,0.010032076,0.378240733,260,277,295,268,294,0.008749139,0.000577242,0.006110746,0.000458675,0.005693112,0.000205367,0.066907764
2767,2767,2767,6.4,FKI005,301.2808085,304.0577669,41,136.1743,35.9067,137.292,33.358,4.755,1.5,3.011312156,08:29:00,08:30:54,466,311,216,138,-3.095533678,0.342363081,0.549331285,8.369199175,3.877805324,0.000693031,0.003017179,8.582321988,457.930234,92.02045344,0.062284675,0.026715034,1.143073466,90,227,122,53,272,0.043389975,0.002614258,0.050806313,0.00411866,0.038547687,0.002789538,0.054488777
2768,2768,2768,6.4,FKI006,286.5580686,289.4762972,41,136.1998,35.7731,137.292,33.358,2.536,1.5,3.334000369,08:29:00,08:30:52,1024,683,341,234,-2.592454942,1.080954923,1.465808486,23.29719223,11.31287504,0.006030486,0.02141809,123.7864484,3.76899605,12.51564315,0.14303844,0.08348493,0.831428771,13,67,63,257,299,0.031205008,0.002793749,0.023900101,0.002191041,0.021461989,0.000967093,0.172039319
2769,2769,2769,6.4,FKI007,278.452469,281.4547521,41,136.0559,35.6457,137.292,33.358,10.221,1.5,2.5512405,08:29:00,08:30:50,244,163,105,63,-2.728837443,0.458975087,0.867256959,13.34059703,5.254378329,0.001239187,0.00751612,36.25201419,292.6963225,453.5957289,0.093655306,0.035657664,1.282103663,232,69,74,86,291,0.069997217,0.004850851,0.160021857,0.014513035,0.101489636,0.009091516,0.073048154
2770,2770,2770,6.4,FKI008,274.5619083,277.6062706,41,135.9084,35.5479,137.292,33.358,9.209,1.5,3.222717512,08:29:00,08:30:27,269,179,136,101,-6.517135068,0.814506531,0.143644578,2.225511177,1.060614191,5.40E-05,0.000205356,1.261231908,0.451379174,2.271800791,0.014568763,0.008827399,0.112384904,295,193,268,297,299,0.002541185,0.000142537,0.001945179,0.000123971,0.002748833,0.000207693,0.129632741
2771,2771,2771,6.4,FKI009,276.5709089,279.593397,41,135.7519,35.4965,137.292,33.358,9.047,1.5,3.202818138,08:29:00,08:30:20,210,140,107,81,-6.628988197,0.848192723,0.156958235,2.425468208,1.147396534,6.37E-05,0.00024526,1.566054041,0.390570985,0.00679438,0.014824139,0.009709383,0.109813266,14,232,179,299,299,0.002211485,0.000138644,0.001031141,6.32E-05,0.001043405,5.02E-05,0.134994065
2772,2772,2772,6.4,FKI010,285.8576736,288.7829801,41,135.551,35.4904,137.292,33.358,6.437,0.01,1.213916477,08:29:00,08:30:42,274,183,162,132,-3.403343152,0.252439137,0.301808161,3.978676169,0.764999817,3.40E-05,0.000910536,2.397212909,20.87708053,249.8066777,0.050808337,0.007347399,1.264614523,131,268,13,287,295,0.037161898,0.001913524,0.043304429,0.003986318,0.041236226,0.002728862,0.040176936
2773,2773,2773,6.4,FKI011,288.8942086,291.7890741,41,136.6706,35.9053,137.292,33.358,6.61,1.5,3.179169301,08:29:00,08:30:51,714,476,287,164,-2.936244583,0.430247762,0.698642817,11.19425024,5.23385972,0.001247234,0.004871697,21.55379779,45.67456707,34.65739816,0.071693816,0.034444348,1.046990996,102,127,115,55,296,0.02394128,0.001590674,0.030385801,0.00296411,0.024584835,0.001550909,0.068476058
2774,2774,2774,6.4,GIF001,326.2563313,328.8224349,41,136.8978,36.2742,137.292,33.358,1.539,1.5,3.166909912,08:29:00,08:31:03,1042,695,347,272,-4.135176972,0.966804785,0.543928302,8.005445277,3.94133802,0.000750681,0.002954907,12.98840853,2.906227047,6.962884203,0.063969488,0.028863747,0.415732478,111,10,267,237,272,0.023547876,0.001669388,0.029353183,0.002429256,0.01950222,0.00167149,0.15387176
2775,2775,2775,6.4,GIF002,325.0902057,327.6654419,41,137.0253,36.2734,137.292,33.358,1.851,1.5,2.663732754,08:29:00,08:31:00,974,649,325,224,-4.15930748,0.82955195,0.463758335,6.588499763,2.750925215,0.000383059,0.002131299,13.34529535,4.156967288,5.487235315,0.062319468,0.027441418,0.472019585,48,30,82,299,299,0.023692129,0.001945314,0.015981164,0.000957127,0.02444075,0.001222037,0.132027293
2776,2776,2776,6.4,GIF005,310.8786534,313.5706254,41,137.2514,36.1536,137.292,33.358,1.996,1.5,3.207738414,08:29:00,08:31:01,646,431,227,156,-3.360325758,1.438666523,1.053568997,16.17339481,7.830921575,0.002878127,0.011042613,68.63895564,19.97505073,19.0001945,0.107273827,0.063469687,0.468504217,10,11,72,294,299,0.021761774,0.001521164,0.018692924,0.001874808,0.022200058,0.001778658,0.228970889
2777,2777,2777,6.4,GIF006,299.091057,301.8881587,41,136.9528,36.0333,137.292,33.358,2.818,1.5,3.067666143,08:29:00,08:30:53,688,459,333,215,-4.622404229,0.483888477,0.272421869,3.806569505,1.884700445,0.000176895,0.000742096,3.091227582,6.286780718,27.56521519,0.035843622,0.01399233,0.465421539,90,170,270,225,264,0.018476225,0.001303028,0.026709297,0.001836718,0.028532271,0.001935614,0.077013243
2778,2778,2778,6.4,GIF007,298.507812,301.3103281,41,137.4861,36.0378,137.292,33.358,8.961,0.01,1.617788872,08:29:00,08:30:23,378,252,180,114,-4.100077216,0.15313216,0.159278296,2.095532738,0.556116241,1.68E-05,0.000253637,0.880011736,2.92922721,0.879063783,0.027638115,0.004488554,1.134023051,277,221,264,293,190,0.000123984,6.15E-06,0.000330577,1.83E-05,0.000340967,2.61E-05,0.02437174
2779,2779,2779,6.4,GIF008,288.3988895,291.2986775,41,137.26,35.9515,137.292,33.358,3.318,1.5,2.769506771,08:29:00,08:30:52,775,517,326,216,-4.150769471,0.488631507,0.297146311,4.0566121,1.943331733,0.000171548,0.000882958,3.233641791,224.7344715,4.686745498,0.043082041,0.012784054,0.553980752,207,11,65,63,271,0.026204457,0.002034967,0.024890617,0.002310766,0.018634086,0.001021759,0.07776812
2780,2780,2780,6.4,GIF009,288.192667,291.0945093,41,136.8311,35.9219,137.292,33.358,2.991,1.5,2.799666605,08:29:00,08:30:51,563,375,255,164,-3.949414797,0.69155328,0.468314984,7.154378313,3.158378515,0.000433994,0.002185903,11.17768424,42.07207617,44.5451712,0.062836123,0.024888172,0.570904679,18,8,149,288,299,0.025289911,0.002062354,0.02147433,0.001580069,0.021602664,0.001390184,0.110064123
2781,2781,2781,6.4,GIF010,271.8945131,274.9684095,41,137.245,35.8029,137.292,33.358,2.897,0.75,1.226037117,08:29:00,08:30:48,734,489,245,153,-3.652122097,0.410510062,0.332658384,4.292856088,0.854751488,4.21E-05,0.001106586,4.093747751,108.6340972,37.33590638,0.057415531,0.008822249,0.878790688,264,13,11,140,156,0.029347234,0.002660928,0.044343466,0.003778085,0.030534555,0.002126589,0.065334706
2782,2782,2782,6.4,GIF011,268.528303,271.6402944,41,136.9808,35.7593,137.292,33.358,10.758,1.5,2.953031208,08:29:00,08:30:46,1244,830,415,283,-3.116736067,0.982613269,1.024011214,15.56628751,6.689798564,0.002310087,0.010458079,56.26108991,53.53459798,283.3868832,0.112254177,0.062966027,0.717793886,210,14,6,245,299,0.027252081,0.002205722,0.023745199,0.001250924,0.039721227,0.001878817,0.156387759
2783,2783,2783,6.4,GIF012,263.845343,267.0119193,41,136.4882,35.6365,137.292,33.358,12.536,1,1.393534585,08:29:00,08:30:18,832,555,277,195,-1.928164441,0.090543702,0.254807626,3.31521652,0.740505521,3.19E-05,0.00064874,2.333998871,3.072790064,1.962324529,0.053781185,0.007028712,3.73208901,275,224,228,273,173,0.000122866,7.88E-06,0.000452732,2.63E-05,0.000200289,1.35E-05,0.014410478
2784,2784,2784,6.4,GIF013,256.6598823,259.914015,41,137.1617,35.6637,137.292,33.358,12.913,0.6,1.237623624,08:29:00,08:30:43,1111,741,370,235,-3.401027347,0.197400485,0.286272555,4.049977234,0.726200889,3.18E-05,0.000818609,2.514951539,745.5997371,97.39603574,0.041796872,0.007267013,1.330379154,189,171,26,166,281,0.030705392,0.002752669,0.04935596,0.003037642,0.024711231,0.001285779,0.031417263
2785,2785,2785,6.4,GIF014,255.9975038,259.2599505,41,137.4258,35.6576,137.292,33.358,4.624,1.5,2.477879851,08:29:00,08:30:22,1368,912,456,355,-3.155908669,0.407697438,0.424771256,5.922333965,2.208590276,0.000280591,0.00180415,4.787251802,5.77884918,1.596908153,0.060862077,0.018504421,0.937969362,107,242,189,102,283,0.000261201,1.61E-05,0.00044645,2.85E-05,0.000730329,5.12E-05,0.064887062
2786,2786,2786,6.4,GIF015,245.7728138,249.1691714,41,136.9072,35.5454,137.292,33.358,5.882,1.5,3.21777154,08:29:00,08:30:41,920,613,322,217,-2.86648671,0.333095683,0.766473172,12.03580889,5.812276774,0.001538055,0.005864369,18.30405027,299.7243866,4.055872434,0.07580933,0.038170285,1.429991727,82,3,137,292,298,0.026441498,0.001654938,0.044056457,0.002929264,0.027796463,0.0018566,0.053013825
2787,2787,2787,6.4,GIF016,243.4108876,246.839746,41,137.1191,35.5424,137.292,33.358,8.889,1.5,2.835693637,08:29:00,08:30:41,1059,706,353,208,-3.998903417,0.336482996,0.341478451,5.10031523,2.359126094,0.000237414,0.001165593,5.622212569,549.7027691,14.05027051,0.036881097,0.015886249,0.688684924,131,22,188,206,272,0.029536716,0.00241531,0.03371774,0.002918744,0.022977946,0.000930526,0.053552932
2788,2788,2788,6.4,GIF017,245.8718886,249.2668963,41,136.5679,35.487,137.292,33.358,7.415,1.5,2.002736072,08:29:00,08:30:19,614,409,289,195,-10.64955049,0.037556395,0.002835288,0.039173908,0.012302312,8.13E-09,8.00E-08,0.000196987,0.002680999,0.006164796,0.00049025,0.000112827,0.082018882,204,210,109,284,297,0.000335559,9.00E-06,0.000475183,3.37E-05,0.000747277,3.67E-05,0.005977286
2789,2789,2789,6.4,GIF018,237.689723,241.1999262,41,137.5,35.4887,137.292,33.358,5.065,0.01,1.780822348,08:29:00,08:30:14,679,452,226,154,-2.286376192,0.272961671,0.392037814,4.93183177,1.427613,0.000123004,0.001531218,4.53642508,3.290964932,0.601482114,0.080429455,0.013584772,1.851370444,141,170,265,137,279,0.000364966,1.00E-05,0.000577767,2.98E-05,0.000285085,1.20E-05,0.043443199
2790,2790,2790,6.4,GIF019,232.7906109,236.3735783,41,137.4039,35.4495,137.292,33.358,4.256,0.010169492,0.855943006,08:29:00,08:30:19,720,480,343,218,-5.162005159,0.274984628,0.151957984,1.626596248,0.208145161,4.28E-06,0.000230735,0.701312295,0.76616736,0.065678518,0.022171079,0.003214498,0.50659195,253,280,299,261,250,0.000233791,1.32E-05,0.00059117,2.96E-05,0.000481398,2.51E-05,0.043765163
2791,2791,2791,6.4,GIF020,234.9791498,238.5292452,41,136.7553,35.4243,137.292,33.358,6.582,1.5,3.198244908,08:29:00,08:30:17,572,381,284,200,-8.912769538,0.51011112,0.042532225,0.657387223,0.310940433,4.67E-06,1.80E-05,0.118876486,0.473550877,0.0063962,0.004026926,0.002634695,0.04960081,171,230,159,287,299,0.00071872,3.50E-05,0.001177889,7.75E-05,0.00057685,1.47E-05,0.081186706
2792,2792,2792,6.4,GIF021,233.3395815,236.9142467,41,137,35.4426,137.292,33.358,6.467,0.01,1.67273964,08:29:00,08:30:25,678,452,274,175,-3.499755066,0.263019492,0.33250187,4.432775655,1.237244276,7.79E-05,0.00109848,2.365978947,2.563609026,0.48570653,0.053260225,0.011709222,1.272315839,192,289,250,119,143,0.014059749,0.001262618,0.010225619,0.000697451,0.006225299,0.000378084,0.041860852
2793,2793,2793,6.4,GIF022,226.9647226,230.6382131,41,136.4715,35.2834,137.292,33.358,4.479,1.5,2.88346494,08:29:00,08:30:38,1132,755,377,307,-2.402035932,0.973947374,1.534273575,23.49058926,9.775810051,0.004937374,0.023443712,101.7604305,14.98803417,491.5304763,0.153351378,0.094150038,0.989309231,183,8,40,285,299,0.034016128,0.002562288,0.03249834,0.002692367,0.037084972,0.002418825,0.155008539
2794,2794,2794,6.4,GIF023,225.8562128,229.5474436,41,137.2158,35.3882,137.292,33.358,9.115,1.5,3.174220039,08:29:00,08:30:12,769,513,350,275,-7.632983709,0.262532841,0.047760602,0.73404079,0.346984042,5.80E-06,2.27E-05,0.134240892,13.26668977,0.714466087,0.005028421,0.002881803,0.120344943,221,21,7,286,299,0.001254263,5.01E-05,0.005679402,0.000385571,0.001389614,8.89E-05,0.041783399
2795,2795,2795,6.4,GIF024,216.2166315,220.0696066,41,137.387,35.3009,137.292,33.358,8.436,1.5,2.778310993,08:29:00,08:30:12,1255,837,418,283,-10.62734389,0.104987979,0.006652563,0.093819336,0.040132794,8.60E-08,4.40E-07,0.001743451,0.004302602,0.00425207,0.000820545,0.000411404,0.049106891,49,56,46,294,299,0.000312892,1.94E-05,0.000786089,4.88E-05,0.000620994,2.83E-05,0.016709356
2796,2796,2796,6.4,GIF026,253.3962789,256.6917883,41,136.7414,35.5912,137.292,33.358,6.717,1.5,2.218998948,08:29:00,08:30:23,639,426,213,121,-3.808166413,0.164165146,0.221579646,3.094498566,1.129605126,6.11E-05,0.00048988,1.567499579,1.541084716,0.347889946,0.032659659,0.008551415,1.250001571,269,253,250,111,299,0.000316857,7.81E-06,0.000477868,2.50E-05,0.000355026,6.54E-06,0.026127695
2797,2797,2797,6.4,GNM016,341.0595561,343.5150955,41,138.9251,36.1162,137.292,33.358,2.486,1.5,3.194744837,08:29:00,08:31:09,705,470,279,181,-5.643194111,0.679073396,0.220059301,3.449973727,1.742517983,0.000125123,0.000483976,2.563029287,14.51040801,0.806736586,0.022857304,0.010255758,0.211489177,5,275,241,32,274,0.010250538,0.001089086,0.019941176,0.000640263,0.012271094,0.000500292,0.108077888
2798,2798,2798,6.4,HRS001,444.63382,446.5201383,41,132.9018,35.0337,137.292,33.358,1.331,1.5,3.389120136,08:29:00,08:31:33,591,394,197,122,-5.792683329,0.552501904,0.165929956,2.527389966,1.332469624,8.00E-05,0.000275038,1.829684111,7.555821138,16.8782808,0.017965895,0.008358908,0.204312508,69,10,11,72,268,0.004156902,0.000338731,0.009523849,0.000531963,0.009066963,0.000555478,0.087933409
2799,2799,2799,6.4,HRS005,401.7245901,403.8113994,41,133.2807,34.777,137.292,33.358,4.03,1.5,2.822108012,08:29:00,08:31:13,730,487,266,172,-3.877713377,0.622158961,0.443520968,6.411366141,2.732922006,0.000394929,0.001957635,10.57217737,57.80664565,150.6040023,0.055412411,0.028056873,0.559610109,25,10,32,267,299,0.015839235,0.0006503,0.021726169,0.001050096,0.025126871,0.001449641,0.099019674
2800,2800,2800,6.4,HRS009,479.3287476,481.0790457,41,132.2794,34.4926,137.292,33.358,1.727,1.5,2.746606501,08:29:00,08:31:31,583,389,249,163,-6.374868284,0.331540947,0.106427223,1.576499549,0.710548679,2.15E-05,0.000112644,0.514312276,9.126291642,11.17092009,0.011415623,0.005247346,0.216342734,242,109,12,34,299,0.006819767,0.000465685,0.00959231,0.000554582,0.010337708,0.000676385,0.052766381
2801,2801,2801,6.4,HRS014,474.6252073,476.3927869,41,132.2766,34.2869,137.292,33.358,2.207,0.010033445,1.285535772,08:29:00,08:31:29,278,185,160,125,-6.410158484,0.175986337,0.06930515,0.938612983,0.202178453,2.00E-06,4.78E-05,0.284405382,0.215834001,0.532471647,0.010588294,0.002389134,0.378030555,76,240,203,283,299,0.006636986,0.000362686,0.016681628,0.001100485,0.010826423,0.000641889,0.028009095
2802,2802,2802,6.4,HRS018,419.4226295,421.4218103,41,132.9068,34.3413,137.292,33.358,3.744,1.5,2.854478762,08:29:00,08:31:19,219,146,142,134,-4.846263419,0.825268476,0.340319187,5.202639308,2.140782614,0.000238312,0.001154655,5.358305146,1.878754058,44.75013734,0.037164096,0.020099277,0.282949014,102,134,243,252,299,0.01106182,0.000457307,0.019452517,0.00180208,0.037264401,0.003868439,0.131345557
2803,2803,2803,6.4,HRS019,447.8274246,449.7003471,41,132.5647,34.2485,137.292,33.358,2.342,1,1.650269221,08:29:00,08:31:25,323,215,137,83,-5.736909422,0.348571081,0.078515047,1.026396067,0.29176456,4.25E-06,6.16E-05,0.166364412,9.398253653,0.987794424,0.015497268,0.002494538,0.279346771,91,284,230,94,224,0.007838674,0.000560361,0.021601134,0.001723786,0.023580703,0.002151901,0.055476811
2804,2804,2804,6.4,HRS020,394.9960612,397.1182297,41,133.1693,34.3027,137.292,33.358,2.655,1.5,3.108965636,08:29:00,08:31:11,649,433,331,247,-5.214913996,0.289441117,0.146081446,2.21305574,1.063262345,5.20E-05,0.000212556,1.763379595,15.10341067,3.867916898,0.017855141,0.008324567,0.387599247,90,42,130,88,299,0.007189194,0.000284992,0.011339258,0.000798429,0.016220082,0.000774358,0.046065984
2805,2805,2805,6.4,HYG002,352.1462496,354.5250077,41,134.6284,35.6411,137.292,33.358,1.807,1.5,2.721279673,08:29:00,08:31:05,334,223,174,121,-3.491191415,0.918849647,0.570019565,7.943372015,3.430871883,0.00060557,0.003228329,21.89245011,10.55439869,4.003403154,0.076343321,0.037085472,0.522043223,11,152,76,287,299,0.018964822,0.001051698,0.030335906,0.002404764,0.021540508,0.001634316,0.146239463
2806,2806,2806,6.4,HYG003,322.2182757,324.8162822,41,134.8758,35.4615,137.292,33.358,2.44,0.01,2.280112417,08:29:00,08:30:58,639,426,213,144,-5.129348986,0.35166401,0.202191073,2.809185896,1.02209879,5.38E-05,0.000408624,1.150254514,15.31539089,72.36585611,0.027102444,0.007794672,0.484239709,157,200,196,195,231,0.012839662,0.000835136,0.017799027,0.001314523,0.032459374,0.001680253,0.055969065
2807,2807,2807,6.4,HYG005,313.6262189,316.2948074,41,134.8619,35.3407,137.292,33.358,5.487,1.5,3.284826709,08:29:00,08:30:55,556,371,229,149,-4.504788632,0.639737354,0.502123635,8.110050544,3.834476462,0.000686329,0.002511118,14.44952666,17.60602081,31.89108573,0.045084666,0.029578499,0.442799393,4,43,17,299,299,0.011875183,0.000616356,0.020460461,0.001059676,0.027743285,0.001322696,0.101817362
2808,2808,2808,6.4,HYG008,304.2648239,307.0147929,41,134.788,35.1482,137.292,33.358,2.524,1.5,3.306089162,08:29:00,08:30:54,792,528,264,182,-4.053958516,0.796087873,0.538132759,8.336045583,4.095778492,0.000798771,0.002885046,14.74436059,20.35404039,203.8542598,0.048565446,0.029453686,0.383306554,296,206,20,298,299,0.012331148,0.000968485,0.013733251,0.0010389,0.024442528,0.001432577,0.12670132
2809,2809,2809,6.4,HYG009,284.5493396,287.4879591,41,135.1041,35.169,137.292,33.358,5.063,1.5,3.200062764,08:29:00,08:30:26,400,267,195,127,-7.359653976,1.245151144,0.122354245,1.893569807,0.893502992,3.87E-05,0.000149094,0.925187671,0.002589089,0.106043238,0.011814713,0.007590302,0.059618491,3,79,177,297,299,0.001360591,0.000106888,0.000668863,3.17E-05,0.001172321,6.81E-05,0.198171959
2810,2810,2810,6.4,HYG010,271.2583698,274.3393941,41,135.1777,35.0593,137.292,33.358,5.011,1.5,2.094560575,08:29:00,08:30:20,483,322,222,163,-3.599159312,0.1599993,0.211487269,3.013498379,1.020199478,4.97E-05,0.000447101,1.327851005,1.686975269,2.724542232,0.033776094,0.006514557,1.326389931,155,292,259,164,298,0.000128879,4.70E-06,0.0003245,1.96E-05,0.000252312,9.07E-06,0.025464679
2811,2811,2811,6.4,HYG011,327.6001754,330.1558343,41,134.3228,34.9848,137.292,33.358,2.248,1.5,2.334210607,08:29:00,08:30:58,551,367,184,105,-5.631365626,0.515439592,0.186105331,2.5932179,0.930508782,4.75E-05,0.00034424,1.362033358,6.646283353,20.43626373,0.021682423,0.009940518,0.264307751,6,198,6,296,299,0.007759387,0.00064649,0.005108446,0.000197615,0.007372997,0.000475006,0.082034759
2812,2812,2812,6.4,HYG012,310.9493514,313.6407167,41,134.552,34.9959,137.292,33.358,4.276,1.5,2.817572942,08:29:00,08:30:54,792,528,264,176,-4.279493993,0.255570879,0.21280136,3.174758341,1.395108117,9.10E-05,0.000452648,3.531777691,26.91111246,95.87043104,0.026582474,0.009834174,0.653527557,63,36,123,240,298,0.017966941,0.000789231,0.024269945,0.001264431,0.02501232,0.00167094,0.040675369
2813,2813,2813,6.4,HYG013,294.9444396,297.7804938,41,134.7634,34.989,137.292,33.358,2.635,1.5,2.630624783,08:29:00,08:30:53,506,337,212,143,-4.865486346,0.451393206,0.237036502,3.350633286,1.45442111,9.81E-05,0.000559724,2.62687567,11.77510141,23.35580464,0.030217603,0.011675809,0.420615102,113,88,50,63,299,0.012894266,0.000781433,0.016420446,0.000933782,0.020293325,0.001145591,0.07184146
2814,2814,2814,6.4,HYG014,279.0648931,282.0606576,41,134.9999,35.0023,137.292,33.358,1.796,1.5,2.37307965,08:29:00,08:30:50,964,643,321,195,-4.070174705,0.529713843,0.391657056,5.203690884,1.969943955,0.000217376,0.001523863,7.823715339,1.887700215,6.392338429,0.046031246,0.022283968,0.545998288,50,92,263,254,299,0.026402768,0.001438224,0.012824975,0.000758359,0.021067815,0.001751255,0.084306577
2815,2815,2815,6.4,HYG015,256.8314381,260.0834243,41,135.2713,34.9515,137.292,33.358,10.156,0.75,1.480505121,08:29:00,08:30:16,702,468,234,147,-2.65000712,0.298535354,0.535275913,7.593920823,1.858404984,0.000158575,0.002856111,7.60722159,15.36802571,20.38616767,0.075105914,0.01290606,1.580731966,154,234,224,115,281,0.000225406,9.23E-06,0.000361077,1.25E-05,0.00038996,2.49E-05,0.047513377
2816,2816,2816,6.4,HYG016,309.1800509,311.8866843,41,134.39,34.7551,137.292,33.358,5.713,0.01,1.829165571,08:29:00,08:30:50,251,168,101,58,-4.197954618,0.390574275,0.252959439,3.497339572,1.082532115,5.42E-05,0.000639106,1.558306438,65.91110807,6.415511243,0.039895987,0.007205791,0.641808475,225,45,205,52,191,0.023923633,0.001810034,0.030956399,0.003081535,0.057023272,0.00475336,0.062161826
2817,2817,2817,6.4,HYG017,303.0523592,305.8132313,41,134.5445,34.8593,137.292,33.358,5.122,1.5,2.556978822,08:29:00,08:30:52,926,617,309,216,-3.972450081,0.304815696,0.334272119,4.921227256,1.970924481,0.000184296,0.001112809,5.501394214,5.817855255,5.874307909,0.039168637,0.017685257,0.807385594,193,33,210,128,299,0.024809795,0.001634699,0.031409083,0.002202345,0.033045958,0.002444269,0.048512925
2818,2818,2818,6.4,HYG018,289.417861,292.3075406,41,134.687,34.8143,137.292,33.358,5.723,1.5,3.237888696,08:29:00,08:30:49,414,276,199,128,-2.511079741,1.121319274,1.511992695,23.84719577,11.23745785,0.006052101,0.022789882,132.4824807,39.89246564,5.763629458,0.138385446,0.091097712,0.775427141,63,21,78,291,299,0.028981401,0.002088543,0.034183247,0.002506429,0.036751468,0.002779426,0.178463505
2819,2819,2819,6.4,HYG019,280.2087975,283.1924614,41,134.8236,34.832,137.292,33.358,5.933,1.5,3.175406046,08:29:00,08:30:49,588,392,196,151,-1.286000579,1.028860844,2.655001979,40.78836515,19.17022046,0.017929999,0.070200704,446.3706162,169.0205048,141.0712316,0.25766516,0.165982991,1.573544138,6,43,105,288,299,0.042726714,0.002458669,0.060157534,0.002834982,0.040145497,0.001743892,0.163748289
2820,2820,2820,6.4,HYG020,265.6521411,268.7974332,41,134.9899,34.7976,137.292,33.358,5.006,0.010033445,1.141393719,08:29:00,08:30:17,874,582,291,236,-2.626188751,0.26143235,0.323680695,4.546125001,0.865594084,3.46E-05,0.001047548,2.250890739,2.494208289,3.251897627,0.067431308,0.007346375,1.620623483,57,176,281,60,71,0.000143219,7.75E-06,0.000244815,1.00E-05,0.00022497,1.06E-05,0.041608251
2821,2821,2821,6.4,HYG021,246.1543428,249.5455078,41,135.1583,34.6898,137.292,33.358,4.04,1.5,2.070100695,08:29:00,08:30:15,938,626,313,203,-10.00533535,0.053501878,0.003648847,0.048998233,0.017564855,1.45E-08,1.33E-07,0.001983106,0.176861504,0.038119245,0.000778053,0.000117602,0.091373423,262,296,265,261,107,0.000329196,1.27E-05,0.000940498,6.52E-05,0.000495085,3.15E-05,0.008515088
2822,2822,2822,6.4,HYG022,236.3030214,239.8335213,41,135.3499,34.7463,137.292,33.358,13.023,1.5,3.08059291,08:29:00,08:30:13,308,206,131,79,-8.908891056,0.269978166,0.021796824,0.34295479,0.158524179,1.14E-06,4.74E-06,0.03318218,0.181709822,0.186527544,0.00286402,0.001098765,0.066654168,56,10,10,59,299,0.00150172,7.20E-05,0.001249111,9.83E-05,0.001205225,8.60E-05,0.04296836
2823,2823,2823,6.4,HYG023,255.1460654,258.4192615,41,134.9999,34.6444,137.292,33.358,12.357,1.5,3.197400795,08:29:00,08:30:16,429,286,200,133,-6.940988379,0.736639011,0.11682581,1.810960961,0.852812961,3.52E-05,0.000136,0.859589371,0.445618358,0.452545501,0.011481392,0.007237558,0.097930888,52,30,142,291,299,0.001943192,0.000108341,0.001542813,7.80E-05,0.00185103,0.000103819,0.11723974
2824,2824,2824,6.4,HYG024,249.2784817,252.6277131,41,134.9904,34.533,137.292,33.358,7.093,1.5,2.895200858,08:29:00,08:30:17,375,250,174,111,-8.406110751,0.193314883,0.025530047,0.375060467,0.167854478,1.38E-06,6.48E-06,0.050306551,1.721421295,0.01880373,0.00296601,0.001619316,0.096402259,259,14,96,277,299,0.001149431,4.97E-05,0.001935252,0.000128103,0.000870965,4.61E-05,0.030767019
2825,2825,2825,6.4,HYG025,246.3098201,249.6988736,41,134.9014,34.3405,137.292,33.358,6.348,1.5,3.1692449,08:29:00,08:30:31,528,352,196,115,-1.170886485,1.429964217,3.017839176,46.4880859,21.76765329,0.023072326,0.090685848,587.1833626,70.34200181,411.0753336,0.288757588,0.187953232,1.268785198,9,36,5,278,299,0.047732064,0.002762279,0.029539228,0.001344291,0.044180938,0.002317722,0.227585874
2826,2826,2826,6.4,HYG026,258.9179582,262.1440617,41,134.7925,34.4149,137.292,33.358,7.827,0.272727273,0.72092559,08:29:00,08:30:16,645,430,215,131,-3.692688209,0.196580055,0.151081383,1.45204332,0.165983177,3.00E-06,0.000228197,0.491746434,0.474398822,0.95038673,0.032799671,0.003382325,1.048358706,279,263,260,241,253,0.000269773,4.56E-06,0.000504987,2.62E-05,0.000400103,1.52E-05,0.031286687
2827,2827,2827,6.4,HYG027,256.7137719,259.9672301,41,134.7292,34.2499,137.292,33.358,3.348,1.5,3.320873895,08:29:00,08:30:42,1639,1093,546,403,-4.131146337,0.628193521,0.576917848,9.311571513,4.513287523,0.000928068,0.003322269,22.20848389,10.03335119,2.84076844,0.052089751,0.030352414,0.521001168,33,34,13,91,299,0.011673889,0.000615061,0.008370389,0.000518424,0.009937557,0.000623941,0.099980104
2828,2828,2828,6.4,ISK011,346.6411629,349.0574391,41,136.4432,36.3967,137.292,33.358,3.599,0.6,1.01288199,08:29:00,08:31:20,226,151,136,113,-3.966486121,0.472610982,0.352913957,4.827984351,0.837893591,3.22E-05,0.001240189,3.833383897,50.04196065,66.71016651,0.047507434,0.006714662,0.631593467,287,138,115,116,184,0.02922589,0.00293711,0.123083655,0.012991632,0.080408066,0.006532197,0.075218374
2829,2829,2829,6.4,ISK013,319.7087699,322.3270041,41,136.6247,36.1805,137.292,33.358,1.93,1.5,3.128099378,08:29:00,08:30:59,579,386,241,143,-3.743113552,1.066549309,0.712012088,11.20575205,5.15034405,0.001249519,0.005041287,33.54317645,97.03627853,2.516579832,0.075633121,0.042952058,0.445564877,156,270,208,297,299,0.020643492,0.002099905,0.020882072,0.002258918,0.014635636,0.001017612,0.169746595
2830,2830,2830,6.4,ISK014,339.3562635,341.8240389,41,136.3154,36.3028,137.292,33.358,3.68,1.5,3.123751823,08:29:00,08:30:28,147,98,79,56,-7.219019338,0.244321576,0.05467661,0.830806365,0.387001545,7.35E-06,2.97E-05,0.194797316,0.057715329,0.007864976,0.005927963,0.003428671,0.152448627,234,230,235,299,299,0.001687293,5.43E-05,0.001074866,5.35E-05,0.001347163,5.53E-05,0.038884987
2831,2831,2831,6.4,KGW001,307.5159528,310.2371048,41,134.2814,34.5466,137.292,33.358,3.15,1.5,2.942231443,08:29:00,08:30:54,431,287,179,106,-5.570125347,0.458180532,0.179825939,2.644532758,1.189757945,7.09E-05,0.000323285,1.122196566,7.31152286,10.31569658,0.023079072,0.00931046,0.316491154,94,141,165,245,283,0.010652802,0.000704445,0.014345286,0.000937768,0.024100858,0.001544768,0.072921696
2832,2832,2832,6.4,KGW002,301.450319,304.22573,41,134.3139,34.4727,137.292,33.358,4.312,1.5,2.211841798,08:29:00,08:30:52,491,328,164,114,-4.714811578,0.35105051,0.18391797,2.486153992,0.95425267,4.19E-05,0.000337945,0.896113375,38.22277588,19.70710139,0.026446247,0.007093494,0.47334121,148,221,106,71,299,0.015439453,0.000993754,0.017440498,0.000734474,0.022383936,0.001993598,0.055871424
2833,2833,2833,6.4,KGW003,338.9192327,341.3901672,41,133.7896,34.2652,137.292,33.358,3.236,1.5,3.190476082,08:29:00,08:31:00,737,491,246,169,-3.421721035,0.86059599,0.689073909,10.82228424,5.041587408,0.001218988,0.00472768,27.96419992,19.2398843,14.09395887,0.07288569,0.041146423,0.532136221,14,58,66,245,299,0.019647537,0.00127697,0.012978352,0.00092326,0.029509146,0.001969826,0.136968106
2834,2834,2834,6.4,KGW004,319.1736071,321.7961955,41,134.0456,34.3435,137.292,33.358,3.301,0.01,1.57404479,08:29:00,08:31:08,214,142,98,60,-3.876870468,0.213218642,0.214846443,2.934314998,0.80116495,2.85E-05,0.000454705,1.335266944,34.16299946,7.11401693,0.037108054,0.005470744,1.093510302,153,290,266,299,153,0.021285678,0.001637233,0.042510737,0.003038541,0.042767331,0.004620648,0.033934801
2835,2835,2835,6.4,KGW005,348.3921872,350.7964026,41,133.6354,34.1138,137.292,33.358,6.219,1.5,3.061355048,08:29:00,08:31:00,272,181,115,67,-4.262803463,0.259437849,0.276348149,3.998460831,1.931439323,0.000180627,0.000760876,3.691801741,23.62173541,4.52250877,0.033550003,0.015105355,0.812529418,295,206,185,245,290,0.016172558,0.001066071,0.019156011,0.001139579,0.027198615,0.001845314,0.041290816
2836,2836,2836,6.4,KGW006,303.6458431,306.4013676,41,134.1856,34.2496,137.292,33.358,6.153,1.5,3.182030273,08:29:00,08:30:51,1005,670,335,321,-3.756363628,0.855093807,0.43947211,6.409853132,3.070137389,0.000495308,0.001931198,7.714613542,9.268783694,5.618928819,0.06427267,0.026204191,0.472272272,272,6,272,245,273,0.02233897,0.000915011,0.01835969,0.00126545,0.034416081,0.001969259,0.136092406
2837,2837,2837,6.4,KGW007,284.091861,287.0351642,41,134.4009,34.2271,137.292,33.358,7.211,1.5,3.095621452,08:29:00,08:30:48,541,361,256,173,-3.458351327,1.307298375,0.900817132,13.53325152,6.219104589,0.001962318,0.008084132,44.13317357,71.64375368,59.43908836,0.094343248,0.056644118,0.453435972,12,23,124,280,299,0.017425727,0.001270149,0.023351726,0.001660982,0.027237103,0.002131803,0.208062998
2838,2838,2838,6.4,KGW008,323.9575556,326.5417245,41,133.9243,34.1644,137.292,33.358,1.599,1.5,1.97588819,08:29:00,08:31:00,769,513,274,212,-5.824395774,0.344878852,0.124187194,1.615641344,0.53109645,1.53E-05,0.000154221,0.562002138,0.531931628,16.55670056,0.01637658,0.004178121,0.298357199,154,238,258,116,156,0.01423518,0.000628564,0.007249101,0.000593443,0.0103382,0.000775912,0.054889174
2839,2839,2839,6.4,KNG004,292.0395233,294.903515,41,139.6218,35.1441,137.292,33.358,2.609,1.5,3.252402554,08:29:00,08:30:57,406,271,135,84,-3.673017675,1.237760956,0.755191979,11.61379332,5.686796829,0.001523147,0.005684509,32.14138016,31.13786388,35.29992203,0.07759748,0.04304088,0.393904285,41,59,292,60,299,0.018527773,0.001512408,0.022459899,0.002427795,0.020500366,0.001552078,0.196995775
2840,2840,2840,6.4,KNG005,300.6361589,303.4190173,41,139.5462,35.3192,137.292,33.358,1.457,1.5,2.741100123,08:29:00,08:31:03,512,341,211,124,-4.614096632,0.901944603,0.451669068,6.055412115,2.564448277,0.000387096,0.002033896,8.04666276,9.066106899,6.090082025,0.049012328,0.024568814,0.341432873,210,95,55,257,299,0.017455237,0.001242534,0.021894187,0.001959772,0.015600446,0.00101197,0.143548942
2841,2841,2841,6.4,KNG006,311.1437878,313.8334856,41,139.5387,35.4544,137.292,33.358,2.098,1.5,2.348944025,08:29:00,08:31:06,483,322,184,107,-3.748797389,1.207637197,0.670068797,9.767838033,3.576720699,0.000622529,0.004454242,37.78876831,53.29247439,276.3338344,0.084475277,0.035273287,0.439514304,193,35,8,299,299,0.023004151,0.001926051,0.035213788,0.002475112,0.032900907,0.002383786,0.192201429
2842,2842,2842,6.4,KNG009,299.6178786,302.4101076,41,139.3618,35.4424,137.292,33.358,8.16,1.5,3.191072361,08:29:00,08:30:55,182,122,107,87,-4.051423645,0.616138888,0.55804018,8.509228489,4.03688684,0.00080174,0.003108281,15.14538656,11.97297907,75.19386901,0.055521496,0.032685744,0.566190273,39,155,37,241,292,0.023486481,0.001332398,0.035452763,0.002739054,0.038044918,0.00287656,0.09806155
2843,2843,2843,6.4,KNG010,289.9182015,292.8029432,41,139.3504,35.3355,137.292,33.358,3.36,1.5,2.74656159,08:29:00,08:30:57,297,198,140,95,-3.785299766,0.267756395,0.369020045,5.210565506,2.496896677,0.000258948,0.001355171,13.55605484,89.0436278,9.380593132,0.055802805,0.014208098,1.309471488,142,40,149,112,256,0.033565168,0.002534765,0.029480099,0.002795575,0.026008186,0.002285402,0.042614754
2844,2844,2844,6.4,KNG011,303.5557942,306.3121287,41,139.1548,35.6154,137.292,33.358,2.343,1.5,2.331932386,08:29:00,08:30:55,1302,868,434,270,-6.040554409,0.574834984,0.127329449,1.720041564,0.637537976,2.21E-05,0.000160207,0.623730138,9.164888696,11.63545461,0.020436101,0.007204923,0.223375078,37,12,18,297,299,0.006233024,0.000415324,0.014865175,0.000780842,0.01056697,0.000865333,0.091487829
2845,2845,2845,6.4,KNG012,285.1924313,288.124492,41,139.2048,35.3794,137.292,33.358,2.936,0.01,2.307094442,08:29:00,08:30:52,556,371,263,166,-5.237355494,0.422417075,0.19134428,2.755212972,0.956933993,4.93E-05,0.000365724,0.988748506,85.0227062,8.288247432,0.024275996,0.007924144,0.361089996,203,108,220,152,205,0.015654621,0.001139364,0.013715312,0.000932813,0.013314149,0.000891871,0.067229765
2846,2846,2846,6.4,KNG013,272.2112685,275.281628,41,139.152,35.2641,137.292,33.358,7.671,1.5,3.193422866,08:29:00,08:30:52,116,77,46,25,-2.41971307,1.324049501,1.788885804,26.87367716,12.83150883,0.008236848,0.031886579,195.0093585,47.2070653,15.94128127,0.168511488,0.107049758,0.799659608,14,119,178,228,299,0.040454183,0.002988624,0.104075663,0.009293793,0.051549109,0.004328478,0.210729023
2847,2847,2847,6.4,KNG014,276.7745945,279.7948823,41,139.0826,35.3608,137.292,33.358,6.641,1.5,3.132050143,08:29:00,08:30:26,507,338,273,197,-9.076269291,0.126883494,0.020801459,0.320499482,0.14983138,1.07E-06,4.31E-06,0.025939162,1.524733737,0.215294472,0.002233694,0.001247205,0.11061101,189,177,149,296,299,0.000972908,2.45E-05,0.001945036,0.000128089,0.001118296,6.23E-05,0.020194135
2848,2848,2848,6.4,KOC001,279.9641165,282.9503606,41,134.2814,33.5275,137.292,33.358,5.286,1.5,3.199263736,08:29:00,08:30:44,501,334,181,115,-1.30875153,0.516269017,1.925332773,29.95792769,14.09241507,0.00956894,0.036908251,235.3416552,1.459164254,202.4363002,0.18354802,0.118599552,2.233847446,115,22,27,288,299,0.034343878,0.00164877,0.017786822,0.000657569,0.032478207,0.001608096,0.082166766
2849,2849,2849,6.4,KOC002,290.3338847,293.2145369,41,134.1681,33.2903,137.292,33.358,6.553,1.5,3.170241869,08:29:00,08:30:46,374,249,185,181,-3.044553904,0.618968919,0.81806871,12.57966966,5.91903296,0.001696846,0.006665265,43.50587573,456.9409016,11.89588347,0.078591801,0.050516922,0.797789416,52,14,63,290,299,0.019109859,0.00100825,0.045578793,0.003081031,0.03396785,0.002044015,0.098511963
2850,2850,2850,6.4,KOC003,314.5339067,317.1948588,41,133.9068,33.5014,137.292,33.358,2.257,1.5,1.991619853,08:29:00,08:30:52,327,218,153,96,-4.560994078,0.24855925,0.152065671,2.094946324,0.657918403,2.32E-05,0.000231114,0.707475933,12.46924556,11.19997661,0.024478665,0.007102739,0.618781998,281,17,96,283,298,0.008499858,0.000601399,0.012832002,0.001009198,0.02075013,0.00114367,0.039559433
2851,2851,2851,6.4,KOC004,318.7690715,321.3949609,41,133.8771,33.6975,137.292,33.358,2.348,1.5,2.759665195,08:29:00,08:30:53,450,300,215,137,-5.479746859,0.28777533,0.145236441,2.186341693,0.914413436,4.06E-05,0.000210331,0.933339793,0.115774488,14.93359042,0.019348381,0.007877944,0.422445737,28,90,223,261,291,0.009858482,0.000511743,0.011081611,0.000411136,0.008970776,0.000516972,0.045800866
2852,2852,2852,6.4,KOC007,349.9690483,352.3625047,41,133.5271,33.5611,137.292,33.358,2.574,1.5,3.198000823,08:29:00,08:31:00,242,161,212,581,-4.601601478,1.032196863,0.474474479,7.307555003,3.465475984,0.000580726,0.002241681,12.9363258,13.2705956,5.409400085,0.048547177,0.029286097,0.295516213,6,189,149,279,299,0.008631419,0.000674042,0.018294299,0.001646433,0.025185173,0.002320762,0.164279233
2853,2853,2853,6.4,KYT002,332.6350847,335.1523527,41,134.8941,35.6037,137.292,33.358,7.6,1.5,2.238122751,08:29:00,08:31:01,176,117,73,43,-4.59097865,0.472624794,0.257990081,3.562576131,1.340083323,8.44E-05,0.000664996,3.066648547,4.150128229,218.2086315,0.037027035,0.010180597,0.492246116,109,191,12,214,247,0.02012728,0.001467352,0.041683068,0.003451259,0.042429543,0.003798837,0.075220572
2854,2854,2854,6.4,KYT003,316.2955467,318.9418016,41,135.2919,35.6767,137.292,33.358,2.598,0.75,2.075786443,08:29:00,08:30:57,608,405,203,111,-4.109346539,0.504399256,0.352420703,4.672274452,1.566031904,0.00013525,0.001239174,2.783884009,10.59279836,71.98584374,0.050267036,0.014729243,0.626164884,295,10,22,200,212,0.032679727,0.002145774,0.028615897,0.001905122,0.031659854,0.001839035,0.080277635
2855,2855,2855,6.4,KYT004,309.1081552,311.8154127,41,135.196,35.5354,137.292,33.358,4.376,1.5,3.220328049,08:29:00,08:30:44,184,123,126,132,-1.917388915,0.818046366,1.941382553,30.34426892,14.36769589,0.009858092,0.037527735,231.614343,279.076959,47.47581208,0.179959563,0.118385514,1.382219062,6,76,26,299,299,0.033004077,0.002506856,0.035875517,0.003248854,0.040596531,0.00372394,0.130196123
2856,2856,2856,6.4,KYT005,293.1203308,295.9738643,41,135.3891,35.4759,137.292,33.358,1.549,0.01010101,1.524160647,08:29:00,08:30:53,1083,722,361,197,-5.025758207,0.583862033,0.235408581,3.364195541,0.840410716,3.26E-05,0.000554052,1.590270625,11.54377458,23.62990821,0.029439316,0.006667651,0.31680888,76,266,17,69,220,0.026028512,0.002247879,0.013684704,0.000905471,0.017070965,0.00185785,0.092924529
2857,2857,2857,6.4,KYT006,288.0913271,290.99418,41,135.1827,35.2759,137.292,33.358,2.554,1.5,2.903690142,08:29:00,08:30:51,509,339,237,147,-3.310246415,0.73005173,0.705025917,10.26804573,4.596453327,0.001055851,0.004943812,33.26349724,1.204044119,80.9323795,0.090220629,0.044593295,0.776483233,105,88,101,283,299,0.018476264,0.0011884,0.02698762,0.00133837,0.034320633,0.002406033,0.116191342
2858,2858,2858,6.4,KYT007,260.6163551,263.8216908,41,135.713,35.3057,137.292,33.358,3.764,0.01,2.814826054,08:29:00,08:30:26,1370,914,457,396,-3.965510012,0.236295448,0.250841702,3.478904535,1.627894707,0.000126258,0.000629093,2.332022189,2.766550979,1.078556881,0.033593406,0.0109771,0.893261371,215,245,109,203,247,4.68E-05,2.88E-06,4.47E-05,3.41E-06,5.06E-05,3.83E-06,0.037607589
2859,2859,2859,6.4,KYT008,274.0156723,277.0660366,41,135.3966,35.2612,137.292,33.358,3.649,1.5,2.80169743,08:29:00,08:30:47,730,487,243,150,-3.824427805,0.597819225,0.500011962,7.321806752,3.269944957,0.000494688,0.002487989,13.95743473,0.975145996,7.007157092,0.054885887,0.026058705,0.576860338,43,30,173,80,299,0.024430924,0.001141537,0.024732419,0.001383243,0.017004251,0.000667678,0.095145885
2860,2860,2860,6.4,KYT009,259.5795368,262.7975188,41,135.5016,35.1637,137.292,33.358,7.376,1.5,3.113773602,08:29:00,08:30:45,623,415,208,112,-2.796115514,0.672725361,1.078187703,16.52928258,7.623059588,0.002842405,0.011573686,73.87953376,80.5735614,536.420697,0.107452378,0.067145509,1.003594097,197,15,6,289,299,0.035138173,0.00179657,0.040789556,0.002098795,0.049107451,0.002214745,0.107067567
2861,2861,2861,6.4,KYT010,248.6986477,252.0555838,41,135.7738,35.2098,137.292,33.358,7.061,0.010033445,1.279595208,08:29:00,08:30:42,601,401,214,128,-3.481118891,0.453034264,0.455658055,6.335830426,1.149455325,8.61E-05,0.002075326,4.415886778,34.21569796,771.5766716,0.066355168,0.014643335,0.920287607,50,194,16,222,243,0.044393824,0.00235141,0.035605404,0.001355443,0.050252862,0.003303783,0.072102642
2862,2862,2862,6.4,KYT011,243.5034153,246.9309889,41,135.5638,35.017,137.292,33.358,8.858,1.5,3.190984079,08:29:00,08:30:14,346,230,150,90,-8.967538863,0.646714889,0.037607301,0.585280106,0.273973427,3.63E-06,1.41E-05,0.087209827,0.024844851,0.138542085,0.003810705,0.002339038,0.037023061,60,265,6,280,299,0.000564141,3.15E-05,0.000655355,2.32E-05,0.00074505,3.87E-05,0.102927871
2863,2863,2863,6.4,KYT012,227.0357378,230.7080974,41,135.8188,34.9962,137.292,33.358,7.81,1.5,3.195661286,08:29:00,08:30:18,598,399,252,155,-9.331926627,0.607640548,0.034199315,0.529668532,0.249353681,3.01E-06,1.16E-05,0.072967775,0.179191401,0.004203881,0.003297121,0.002117166,0.034093224,25,11,221,298,299,0.000426304,2.81E-05,0.000631037,4.42E-05,0.000228672,6.27E-06,0.096708997
2864,2864,2864,6.4,KYT013,217.5417341,221.371647,41,135.8047,34.8784,137.292,33.358,9.004,1.5,3.152655383,08:29:00,08:30:11,388,258,187,120,-9.02696098,0.183165693,0.019958002,0.300931034,0.144718493,1.00E-06,3.97E-06,0.026577162,0.217105849,0.107397815,0.002244314,0.001210894,0.076987339,247,290,248,249,299,0.000927834,3.70E-05,0.000966074,5.65E-05,0.000739127,3.87E-05,0.029151725
2865,2865,2865,6.4,KYT014,197.7333735,201.9393151,41,135.9921,34.7732,137.292,33.358,9.368,1.5,3.112348177,08:29:00,08:30:30,787,525,262,147,-1.5788788,0.310754515,1.230120715,18.06423045,8.628911674,0.003689802,0.015037876,122.878667,6.480575536,189.6616219,0.137181294,0.072303406,2.773686144,128,218,68,299,299,0.042227372,0.002192299,0.051650461,0.002387055,0.049471254,0.002860184,0.049458117
2866,2866,2866,6.4,MIE001,214.5917192,218.473353,41,136.4943,35.1718,137.292,33.358,9.457,1.5,3.090633937,08:29:00,08:30:11,689,460,395,308,-9.029959123,0.840795827,0.043671072,0.657212062,0.303103526,4.59E-06,1.90E-05,0.115699682,0.214294844,0.326914111,0.00440642,0.002780797,0.032928747,10,97,68,278,299,0.000609377,3.88E-05,0.000768165,5.08E-05,0.000994088,5.77E-05,0.133816812
2867,2867,2867,6.4,MIE002,199.2151807,203.3904821,41,136.5073,35.0279,137.292,33.358,20.253,1.5,3.203327643,08:29:00,08:30:09,490,327,218,188,-3.525999313,1.118626973,0.871483719,13.49509483,6.368992228,0.001965467,0.007561759,47.53256659,6.826169437,0.073424749,0.081597043,0.054084475,0.458320206,2,40,288,293,299,0.009747313,0.000695154,0.003885397,0.000277046,0.00146317,4.57E-05,0.178035012
2868,2868,2868,6.4,MIE003,189.1844512,193.5762294,41,136.6357,34.9704,137.292,33.358,22.345,1.5,3.107916905,08:29:00,08:30:07,280,186,142,97,-6.500515138,0.795194132,0.177765186,2.685200403,1.257951722,7.70E-05,0.000314761,1.951167568,4.620449651,0.245113515,0.018323261,0.010988536,0.1447803,81,7,139,281,299,0.004591764,0.000323653,0.005152056,0.000263256,0.002789361,0.000173484,0.126559077
2869,2869,2869,6.4,MIE004,183.8412517,188.3576541,41,136.4493,34.8569,137.292,33.358,35.539,1.5,2.14872622,08:29:00,08:30:07,767,511,256,252,-0.409948259,0.220600132,1.770244275,25.31986843,8.53113987,0.003664331,0.031332302,100.1243892,36.68890339,12.91427919,0.213986638,0.058040573,6.09481819,111,284,221,227,279,0.000559154,2.83E-05,0.001151519,5.87E-05,0.001057206,7.84E-05,0.035109601
2870,2870,2870,6.4,MIE005,190.5849883,194.9452173,41,136.1151,34.7677,137.292,33.358,19.408,1.5,3.181922888,08:29:00,08:30:11,738,492,335,225,-5.224934543,0.359110716,0.21199228,3.265640144,1.537952383,0.000114736,0.000447384,2.863201847,18.20529665,65.55175562,0.021612475,0.013109676,0.378142953,183,159,56,286,299,0.005298639,0.000189507,0.00898159,0.000506896,0.011728284,0.000852496,0.057154246
2871,2871,2871,6.4,MIE006,167.6354599,172.5764973,41,136.5054,34.7174,137.292,33.358,34.124,1.5,3.204911273,08:29:00,08:30:05,290,193,157,115,-6.461468732,0.331218392,0.113186509,1.755896374,0.829437072,3.33E-05,0.000127808,0.746011635,0.005677082,0.068750313,0.011269788,0.006936177,0.213786934,15,290,62,295,298,0.003306657,0.000109288,0.001525808,5.22E-05,0.001580714,4.38E-05,0.052715044
2872,2872,2872,6.4,MIE007,168.4189683,173.337673,41,136.3404,34.651,137.292,33.358,111.003,1.5,1.367816344,08:29:00,08:30:04,551,368,248,158,0.766040331,0.174185885,1.431491077,18.39457862,4.71080876,0.000969414,0.020455661,45.91192084,72.66718939,49.82404739,0.327815043,0.031148156,11.82485401,219,216,255,191,213,0.00025931,1.61E-05,0.000642653,4.67E-05,0.000300696,1.63E-05,0.027722545
2873,2873,2873,6.4,MIE008,178.5660074,183.2124969,41,136.1073,34.6285,137.292,33.358,56.13,3,2.393549946,08:29:00,08:30:05,489,326,242,234,-10.22326488,0.113855306,0.008423488,0.125757498,0.047289775,1.03E-07,7.07E-07,0.006165559,0.029054165,0.049042489,0.001085091,0.000286004,0.059881492,196,67,162,4,247,0.000369532,2.25E-05,0.000646289,2.73E-05,0.00063499,3.92E-05,0.018120635
2874,2874,2874,6.4,MIE009,152.9570983,158.3567931,41,136.5276,34.5788,137.292,33.358,65.692,1.5,3.194105958,08:29:00,08:30:02,299,199,149,99,-8.557852106,0.225326872,0.031481914,0.486161998,0.229512308,2.55E-06,9.87E-06,0.058368483,0.332855432,0.094991196,0.003280666,0.001923469,0.091480591,99,13,65,288,299,0.000921482,2.86E-05,0.000904307,7.11E-05,0.001038658,4.40E-05,0.035861885
2875,2875,2875,6.4,MIE010,136.0974264,142.1390497,41,136.7334,34.4908,137.292,33.358,70.36,1.5,2.101531784,08:29:00,08:30:00,308,206,149,96,-11.25973732,0.056068424,0.003196149,0.044698936,0.016369699,1.14E-08,1.02E-07,0.000655901,0.89881742,0.197366033,0.000497897,0.000106548,0.055795683,235,250,3,74,296,0.000429478,7.42E-06,0.001448148,0.000100009,0.000743995,4.90E-05,0.008923567
2876,2876,2876,6.4,MIE011,148.32399,153.8863412,41,136.3329,34.4283,137.292,33.358,50.732,1.5,3.206359466,08:29:00,08:30:03,1239,826,413,238,-6.670590718,0.901055783,0.230487352,3.572225648,1.687140252,0.000137776,0.000529066,3.322734983,0.373498656,0.726237081,0.021103056,0.014303034,0.147154501,5,291,15,297,299,0.002520065,0.000188807,0.001214942,6.20E-05,0.001346934,8.56E-05,0.143407482
2877,2877,2877,6.4,MIE012,108.6793038,116.1558913,41,136.8232,34.2544,137.292,33.358,21.782,1.5,2.160436631,08:29:00,08:29:58,1478,986,493,305,1.447032105,0.174128167,2.617068091,35.94221605,12.31699215,0.008084391,0.068379194,271.1047593,114.8207503,25.70585087,0.447269375,0.098118604,16.13912564,210,238,214,153,292,8.12E-05,6.22E-06,0.000433101,1.77E-05,0.000492998,3.05E-05,0.027713359
2878,2878,2878,6.4,MIE013,125.7647917,132.2791851,41,136.4996,34.2777,137.292,33.358,30.615,1.5,3.197305429,08:29:00,08:29:59,274,183,157,122,-5.496291857,0.878063894,0.309997304,4.797838874,2.261844576,0.000247761,0.000956808,6.122221336,0.195071779,3.313311363,0.029421955,0.019253605,0.210535467,28,264,271,293,299,0.003796735,0.000253046,0.001592037,5.14E-05,0.002897368,0.000181215,0.139748209
2879,2879,2879,6.4,MIE014,130.2097589,136.5122021,41,136.1687,34.0638,137.292,33.358,33.879,1.5,1.658297024,08:29:00,08:29:59,2580,1720,929,840,0.192240176,0.088492331,0.804990639,10.42951406,2.989032989,0.000450964,0.006474057,20.73936099,8.301470146,10.65304298,0.160026381,0.022710178,11.36228858,100,108,117,123,140,7.17E-05,5.21E-06,0.000104582,5.57E-06,0.000105365,4.94E-06,0.014083992
2880,2880,2880,6.4,MIE015,126.0801351,132.5790348,41,136.0822,33.8783,137.292,33.358,23.58,0.01,1.873656969,08:29:00,08:30:02,662,441,389,314,-1.061532523,0.132471387,0.641815901,8.328104045,2.622230137,0.000365367,0.004108742,11.00979535,3.873916496,6.711034924,0.128848914,0.018471889,6.111369554,157,156,158,105,142,0.000151135,8.16E-06,0.000542296,3.60E-05,0.000521028,3.80E-05,0.021083476
2881,2881,2881,6.4,MIE016,139.609678,145.5055401,41,135.9188,33.8764,137.292,33.358,40.039,0.75,1.121473075,08:29:00,08:30:00,844,562,281,162,-1.518587142,0.116695347,0.48731549,6.402662672,1.097732973,7.56E-05,0.002374146,5.236676777,14.64891906,4.943843001,0.086150719,0.011652572,4.63858196,219,254,222,114,146,0.000159968,9.50E-06,0.000433222,2.19E-05,0.000451942,2.42E-05,0.018572641
2882,2882,2882,6.4,MIE017,142.4240196,148.2079665,41,136.3348,34.3624,137.292,33.358,46.904,1.5,3.210623797,08:29:00,08:30:01,1068,712,356,214,-9.537238528,0.799712852,0.03919337,0.606744436,0.286820006,3.99E-06,1.53E-05,0.091821001,0.006357855,0.056179061,0.003534448,0.002411766,0.027769456,37,80,197,286,299,0.000498851,3.15E-05,0.0003957,1.24E-05,0.00041892,2.45E-05,0.127278253
2883,2883,2883,6.4,NAR001,208.7324948,212.7210718,41,135.7272,34.7154,137.292,33.358,15.196,1.5,3.218072137,08:29:00,08:30:10,731,487,244,169,-8.81496731,0.460543305,0.039236992,0.609453776,0.289138958,4.02E-06,1.53E-05,0.095517664,0.489899595,0.682595436,0.003761836,0.00240244,0.051322667,221,14,16,299,299,0.00068188,3.53E-05,0.001177858,7.53E-05,0.001194747,8.07E-05,0.073297744
2884,2884,2884,6.4,NAR002,198.1298914,202.3275905,41,135.8352,34.6683,137.292,33.358,16.352,1.5,3.195159222,08:29:00,08:30:09,684,456,243,184,-9.282670945,0.953191426,0.047947739,0.742320322,0.349748607,5.92E-06,2.29E-05,0.145359362,0.048405249,0.042814675,0.004618586,0.002991597,0.030444495,2,280,8,292,299,0.000785238,3.89E-05,0.000428928,2.19E-05,0.000559495,2.40E-05,0.151705127
2885,2885,2885,6.4,NAR003,194.0592108,198.3430797,41,135.7191,34.5169,137.292,33.358,12.487,0.010067114,1.545550675,08:29:00,08:30:08,557,371,189,156,-1.491507724,0.263557372,0.660338788,8.56506111,2.304308382,0.000263809,0.004359959,9.728460624,12.42635173,19.11680129,0.12176338,0.018867325,2.902828607,141,106,232,85,108,0.000360684,2.01E-05,0.000284981,1.67E-05,0.000539483,4.40E-05,0.041946459
2886,2886,2886,6.4,NAR004,179.5043762,184.1271873,41,135.9512,34.528,137.292,33.358,48.321,1.5,3.14732259,08:29:00,08:30:05,814,543,271,191,-7.651107091,0.074121597,0.017991959,0.27262703,0.129431576,8.09E-07,3.22E-06,0.016278041,0.049737324,0.043866668,0.002820335,0.001056928,0.239075865,235,223,223,234,299,0.001521551,1.41E-05,0.001143308,2.75E-05,0.001851023,2.98E-05,0.011796819
2887,2887,2887,6.4,NAR005,184.0490129,188.560439,41,135.6883,34.3408,137.292,33.358,52.788,1.5,3.216188395,08:29:00,08:30:06,468,312,186,122,-9.005994694,0.614251095,0.041386974,0.640227358,0.30516972,4.47E-06,1.71E-05,0.10504146,0.124356195,0.003735614,0.00411951,0.002548117,0.042138545,109,141,105,297,299,0.000851273,4.08E-05,0.001568534,6.55E-05,0.001370688,4.49E-05,0.097761098
2888,2888,2888,6.4,NAR006,164.7618566,169.7865406,41,135.9541,34.3383,137.292,33.358,39.516,0.75,1.344892833,08:29:00,08:30:03,1019,679,358,244,-0.309675597,0.169137522,0.803625071,10.62741105,2.513174805,0.000295619,0.006452324,20.92142286,42.39752391,30.90125047,0.173431621,0.021793673,6.442704164,208,137,140,117,297,0.000206431,1.43E-05,0.000221737,1.40E-05,0.000117454,5.10E-06,0.026919073
2889,2889,2889,6.4,NAR007,172.8189206,177.6158195,41,135.7369,34.2213,137.292,33.358,48.656,0.125,1.10196178,08:29:00,08:30:04,1155,770,385,273,-0.978265755,0.141600192,0.714337026,9.578705018,1.740807579,0.000156444,0.005086097,11.85747594,10.88769978,28.75497698,0.123407728,0.014721442,5.475936219,145,184,225,155,127,5.37E-05,2.71E-06,6.34E-05,4.34E-06,7.40E-05,3.75E-06,0.022536371
2890,2890,2890,6.4,NAR008,147.0930111,152.7002093,41,136.0046,34.1352,137.292,33.358,47.735,1.5,2.91929655,08:29:00,08:30:01,721,481,240,141,-8.30460432,0.068975959,0.013242388,0.19326275,0.094039404,3.78E-07,1.75E-06,0.052430418,0.108056896,0.012110477,0.001987675,0.000686808,0.181062033,76,41,160,77,299,0.000304294,2.06E-05,0.000529466,3.59E-05,0.000236634,1.05E-05,0.010977865
2891,2891,2891,6.4,NAR009,156.1882315,161.4799172,41,135.7552,33.938,137.292,33.358,38.707,0.010600707,0.464084564,08:29:00,08:30:01,726,484,242,159,-0.368792775,0.088786227,0.719245669,9.414759606,0.707382385,2.82E-05,0.00516513,10.99726511,67.20669191,21.91565299,0.136466092,0.008860567,9.657373326,184,195,198,111,170,5.56E-05,2.08E-06,0.000116602,2.94E-06,0.000133536,7.65E-06,0.014130767
2892,2892,2892,6.4,NGN007,361.0958042,363.4159873,41,138.1191,36.5339,137.292,33.358,1.305,1.5,2.552791859,08:29:00,08:31:24,400,267,180,109,-3.621772478,1.041798391,0.585327345,7.999995396,3.344164851,0.000564079,0.003417188,12.04385524,18.88251199,22.82630389,0.081443206,0.026650403,0.491191733,199,254,280,223,247,0.037041253,0.003407008,0.049186364,0.003405828,0.041723889,0.002804129,0.165807364
2893,2893,2893,6.4,NGN009,335.4996684,337.9956028,41,137.8694,36.3378,137.292,33.358,1.367,1.5,2.039563533,08:29:00,08:31:09,497,331,262,185,-5.428522284,0.450837656,0.186989872,2.687926855,0.930657757,3.68E-05,0.000349652,0.866303922,2.810598276,16.7545071,0.023154354,0.006999855,0.322695093,253,31,189,224,245,0.018088069,0.001594926,0.016977513,0.001722554,0.015004961,0.001144135,0.071753041
2894,2894,2894,6.4,NGN012,328.3222761,330.8723576,41,137.9785,36.2564,137.292,33.358,1.429,1,2.355888101,08:29:00,08:31:08,668,446,353,249,-4.497023665,0.885422469,0.404315589,5.506356477,1.95071712,0.000229427,0.001631906,5.400170785,2.030164443,11.49844906,0.051860481,0.019651116,0.368015298,12,283,227,261,296,0.018645019,0.002025803,0.019416333,0.001372573,0.014895376,0.001340665,0.140919363
2895,2895,2895,6.4,NGN013,317.3709052,320.0082678,41,137.7852,36.1833,137.292,33.358,1.912,1.5,3.168923933,08:29:00,08:31:00,1508,1005,503,350,-4.011663445,1.212990961,0.687482081,10.7705784,4.970877267,0.001200329,0.004718852,22.43233514,0.980780016,0.824479688,0.070755664,0.04042919,0.366508047,21,253,210,257,291,0.025311292,0.001592649,0.016787175,0.001339916,0.012036102,0.000925657,0.193053507
2896,2896,2896,6.4,NGN014,323.3155741,325.9048335,41,138.4844,36.0956,137.292,33.358,4.82,1.5,3.210478364,08:29:00,08:30:27,369,246,265,440,-4.690028116,0.509731961,0.306494656,4.748750226,2.248756656,0.000244252,0.00093553,5.886304563,19.26281967,0.664456539,0.028725969,0.01900376,0.354089205,272,75,86,274,299,0.004368668,0.000255181,0.006855885,0.000471742,0.003101638,9.52E-05,0.081126361
2897,2897,2897,6.4,NGN015,308.0709666,310.7872591,41,138.1116,36.0454,137.292,33.358,7.046,0.010169492,0.95257066,08:29:00,08:30:25,282,188,173,162,-9.512092892,0.150784951,0.016792796,0.236549122,0.037522041,6.48E-08,2.82E-06,0.006294656,0.067515764,0.076253393,0.002162653,0.000276789,0.090117426,142,141,185,54,249,0.002415275,0.000131757,0.002306178,0.000126855,0.00184581,9.68E-05,0.02399817
2898,2898,2898,6.4,NGN016,297.3210022,300.1346004,41,138.2421,35.9151,137.292,33.358,6.001,3,2.621733892,08:29:00,08:30:24,355,236,155,96,-10.21651337,0.14195659,0.007543699,0.106142562,0.046240263,9.90E-08,5.68E-07,0.016006748,0.092023862,0.001608915,0.001154306,0.000290497,0.051091107,134,7,30,70,139,0.000527844,2.35E-05,0.000885784,5.81E-05,0.00044179,2.07E-05,0.022593093
2899,2899,2899,6.4,NGN017,295.0355463,297.870733,41,137.8255,35.9748,137.292,33.358,3.653,1.5,3.132157488,08:29:00,08:30:54,990,660,330,236,-2.341706989,1.338561007,1.554308377,23.88171261,11.04095805,0.005977934,0.024056016,144.3966062,25.0811725,243.941688,0.153540633,0.096647643,0.720717432,243,222,15,280,299,0.022840578,0.001599665,0.025628646,0.00187547,0.031556529,0.001724743,0.213038601
2900,2900,2900,6.4,NGN018,273.8698387,276.9218094,41,137.5295,35.8132,137.292,33.358,4.595,0.01,1.701800747,08:29:00,08:30:20,585,390,274,184,-3.37418879,0.194172269,0.255164428,3.495385958,1.02429161,4.78E-05,0.000651073,1.394034356,2.161307427,0.856463934,0.040959385,0.007190193,1.325397334,282,292,201,187,164,4.76E-05,3.03E-06,5.68E-05,3.88E-06,7.20E-05,5.71E-06,0.030903476
2901,2901,2901,6.4,NGN019,280.3806029,283.3624578,41,137.7078,35.8562,137.292,33.358,6.487,1.5,3.198518298,08:29:00,08:30:20,579,386,194,130,-8.105297175,0.800266396,0.066301376,1.025382169,0.483315823,1.13E-05,4.38E-05,0.274166782,0.074479138,0.530539348,0.006312846,0.004111826,0.049564472,283,192,24,284,299,0.000750117,5.28E-05,0.000608344,2.76E-05,0.00121557,7.58E-05,0.127366353
2902,2902,2902,6.4,NGN020,281.2603373,284.2329631,41,137.9532,35.8282,137.292,33.358,2.079,1.5,3.0615378,08:29:00,08:30:53,736,491,379,261,-4.081685946,0.451433261,0.361789904,5.5056211,2.597909714,0.000310635,0.00130837,4.916882156,9.575325591,8.58294972,0.045952498,0.017686172,0.639580828,17,272,127,42,291,0.021969474,0.001194635,0.028396781,0.002632263,0.033926369,0.002476793,0.071847835
2903,2903,2903,6.4,NGN021,270.2725169,273.3646528,41,137.9341,35.7304,137.292,33.358,3.922,1.5,2.977024919,08:29:00,08:30:47,678,452,331,216,-3.441163491,1.188205893,0.843414585,13.0312731,5.622095682,0.001590636,0.007085419,36.76023488,15.68837707,50.76918219,0.088020638,0.052362046,0.465449618,22,296,198,282,299,0.016003686,0.001304995,0.029097806,0.002272892,0.019721634,0.001713409,0.189108841
2904,2904,2904,6.4,NGN022,251.8957252,255.2106118,41,137.6125,35.6079,137.292,33.358,7.275,1.5,1.141648164,08:29:00,08:30:17,927,618,309,186,-5.810145061,0.297435748,0.056680226,0.385466064,0.071937547,1.06E-06,3.20E-05,0.095769095,0.116062245,0.003779346,0.012981411,0.00287017,0.274225986,297,293,295,294,299,0.000212551,1.03E-05,0.000829217,5.29E-05,0.000483959,1.99E-05,0.04733837
2905,2905,2905,6.4,NGN023,256.1205683,259.3814671,41,138.0338,35.5787,137.292,33.358,4.988,1.5,2.00187166,08:29:00,08:30:22,711,474,281,183,-3.818851956,0.102833164,0.186293229,2.432893526,0.758307089,3.51E-05,0.000346109,1.220691104,1.224093438,0.49233782,0.026226534,0.007857749,1.602461361,218,214,211,243,299,0.000288332,1.94E-05,0.000265151,1.05E-05,0.000766419,5.32E-05,0.016366406
2906,2906,2906,6.4,NGN024,245.897999,249.2926511,41,137.8374,35.5232,137.292,33.358,7.666,3,2.336041032,08:29:00,08:30:14,476,317,159,108,-11.02033198,0.09696987,0.005034941,0.073866338,0.026959772,3.50E-08,2.53E-07,0.003747123,0.015723175,0.044463567,0.000681721,0.0001668,0.044172275,83,137,241,235,220,0.000317302,1.25E-05,0.000661742,2.57E-05,0.000527046,3.24E-05,0.015433234
2907,2907,2907,6.4,NGN025,219.9930744,223.7810376,41,137.8567,35.2807,137.292,33.358,8.498,0.428571429,0.879111841,08:29:00,08:30:12,584,389,210,111,-2.79934355,0.215813528,0.439808659,6.414643046,0.905125458,3.78E-05,0.00193179,7.549176089,6.387763028,2.070141635,0.067211528,0.006569967,1.956793395,292,252,258,164,174,0.00021628,7.68E-06,0.000499672,2.56E-05,0.000336602,1.02E-05,0.03434779
2908,2908,2908,6.4,OKY001,385.6209461,387.7944224,41,133.7314,35.1945,137.292,33.358,1.907,1.5,2.902497405,08:29:00,08:31:12,344,229,128,69,-6.07966035,0.373036581,0.149127162,2.200375482,0.993276627,4.72E-05,0.000221032,1.46008871,47.796837,4.774212337,0.017511214,0.008563268,0.294947489,13,55,9,49,299,0.006457888,0.000401951,0.013534531,0.000694935,0.013567853,0.000513083,0.059370616
2909,2909,2909,6.4,OKY002,360.1602246,362.4863962,41,134.05,35.1787,137.292,33.358,1.947,0.01,2.496891027,08:29:00,08:31:05,1101,734,367,258,-5.533627456,0.617583993,0.181147749,2.391374488,0.979092538,5.18E-05,0.000328098,0.803856267,2.056718169,5.705676843,0.022797647,0.007888762,0.231939044,81,74,2,106,261,0.008140715,0.000796055,0.012478296,0.000631217,0.007832753,0.000509493,0.098291545
2910,2910,2910,6.4,OKY003,338.2339194,340.7098241,41,134.3386,35.1737,137.292,33.358,2.821,1.5,2.808775393,08:29:00,08:31:00,948,632,316,188,-5.165873111,0.454985581,0.233555536,3.50492149,1.457426641,0.000108502,0.000542955,3.20436361,90.19295068,6.558609339,0.027991763,0.014274401,0.386556062,47,12,224,271,299,0.009638569,0.000574329,0.01797558,0.001402755,0.014251877,0.000760236,0.072413204
2911,2911,2911,6.4,OKY004,391.4598813,393.6011162,41,133.5018,34.9579,137.292,33.358,2.796,1.5,3.265570833,08:29:00,08:31:12,733,488,244,161,-5.31916854,0.689787292,0.236349476,3.692007187,1.803615473,0.000150424,0.000556875,4.426797307,3.508688441,17.92177952,0.025658838,0.013412592,0.233723115,44,188,7,48,299,0.008526877,0.00067355,0.01389623,0.000571948,0.01511401,0.000663249,0.109783057
2912,2912,2912,6.4,OKY005,375.4444269,377.6764722,41,133.7317,35.0098,137.292,33.358,7.045,1.5,3.214223653,08:29:00,08:31:08,464,309,155,92,-3.592417851,1.219935112,1.073357507,16.69074957,7.872254069,0.003002484,0.011473297,72.53762885,319.3709238,10.16396828,0.097810286,0.06551822,0.503764621,147,164,262,298,299,0.015185675,0.000911215,0.038009627,0.002260791,0.019951097,0.001079709,0.194158703
2913,2913,2913,6.4,OKY006,357.0736295,359.4197781,41,134.005,35.0684,137.292,33.358,2.685,0.01,1.610944701,08:29:00,08:31:04,872,581,291,207,-6.00315384,0.410637892,0.118306828,1.620103995,0.4009158,9.16E-06,0.000139279,0.356289002,2.325946531,2.701986674,0.016555775,0.004391491,0.253320511,98,60,204,283,299,0.012339649,0.000602944,0.015664295,0.000634895,0.01152549,0.000604894,0.06535505
2914,2914,2914,6.4,OKY007,374.0179147,376.2584225,41,133.6121,34.7807,137.292,33.358,3.225,1.5,2.950682711,08:29:00,08:31:08,512,342,183,104,-3.286757614,1.020372001,0.825183586,12.26334309,5.437192541,0.001494439,0.006776303,37.96603194,70.97081348,45.8279354,0.09342772,0.052373954,0.575303592,248,5,57,273,299,0.014415866,0.001025968,0.025891263,0.001163615,0.01245385,0.000812542,0.162397248
2915,2915,2915,6.4,OKY008,354.3357917,356.6999485,41,133.9036,34.8701,137.292,33.358,1.709,1.5,2.924258944,08:29:00,08:31:05,707,471,266,170,-4.494334864,1.508089324,0.54199511,8.386649832,3.543650137,0.000633959,0.002926774,18.73184857,2.625606843,18.80192779,0.053874114,0.032737673,0.224456893,233,256,10,237,299,0.009416452,0.000742371,0.012251586,0.000651138,0.011600812,0.000640415,0.240019871
2916,2916,2916,6.4,OKY009,341.7243065,344.1751031,41,134.0923,34.9176,137.292,33.358,2.861,1.5,2.681503856,08:29:00,08:31:01,602,401,201,119,-4.456304157,1.01133788,0.369165362,5.168729697,2.209828697,0.000246053,0.001350928,6.417091746,61.6939758,37.64067462,0.052958149,0.023727758,0.329015523,263,4,287,290,299,0.007317914,0.000507957,0.024332259,0.001377008,0.018154785,0.001191169,0.160959423
2917,2917,2917,6.4,OKY010,324.8696078,327.4465789,41,134.1884,34.7454,137.292,33.358,1.692,0.010033445,2.347096832,08:29:00,08:30:58,486,324,187,104,-4.493457678,0.289214911,0.231516621,3.503766012,1.145427675,7.46E-05,0.000534936,3.635306553,2.806821113,72.50711081,0.027233658,0.012124052,0.591650408,249,194,121,280,299,0.012903848,0.000913986,0.013307361,0.00087883,0.016725477,0.001145783,0.046029983
2918,2918,2918,6.4,OKY012,353.7440304,356.1121158,41,133.7545,34.5893,137.292,33.358,3.552,1.5,3.142990934,08:29:00,08:31:04,362,242,161,97,-5.0411253,0.551819035,0.248051216,3.844109358,1.825884517,0.000153632,0.00061398,5.237802379,47.6669959,115.9102673,0.03101651,0.014969926,0.35316375,246,244,12,286,299,0.009550292,0.000619785,0.022983846,0.001813282,0.026121323,0.001674195,0.087824727
2919,2919,2919,6.4,OKY013,371.6433796,373.8981166,41,133.5099,34.5095,137.292,33.358,1.564,1,1.43889865,08:29:00,08:31:09,678,452,226,133,-5.179848598,0.40768447,0.171973182,2.303782158,0.501535914,1.55E-05,0.000295303,0.67091531,11.13597162,166.4189698,0.023303405,0.004873439,0.359149343,270,293,4,259,218,0.011727238,0.0007025,0.009971599,0.000517433,0.021434364,0.001498298,0.064884999
2920,2920,2920,6.4,OKY014,345.2929197,347.7185649,41,133.7876,34.4462,137.292,33.358,3.25,1.5,3.088148665,08:29:00,08:31:01,611,407,204,131,-3.302219154,0.730049319,0.647100986,9.974037667,4.54494958,0.001006237,0.004165466,25.70044185,182.7618049,59.37902303,0.070932924,0.039934135,0.610485753,272,7,89,292,299,0.010235605,0.000456202,0.027574813,0.001501919,0.016348494,0.000846232,0.116190958
2921,2921,2921,6.4,OKY015,375.7557635,377.9859703,41,133.9256,35.2793,137.292,33.358,4.299,0.010676157,0.812387357,08:29:00,08:30:32,439,293,162,94,-4.952830853,0.191944823,0.106216595,1.436109185,0.196423429,1.88E-06,0.000112697,0.249874394,0.553958389,1.145433455,0.019652685,0.001576175,0.643317478,144,167,204,81,114,0.000153406,3.43E-06,0.000939518,7.07E-05,0.001300006,8.65E-05,0.030548967
2922,2922,2922,6.4,OSK001,250.5490617,253.8815321,41,135.39,34.9707,137.292,33.358,7.351,0.011406844,0.755859028,08:29:00,08:30:15,433,289,190,118,-10.96949284,0.079615941,0.00318638,0.042666253,0.005940409,1.47E-09,1.02E-07,0.000295445,0.025230231,0.002711808,0.000637475,4.12E-05,0.05030871,16,3,30,18,67,0.000347861,4.91E-06,0.000603292,2.40E-05,0.000335491,1.12E-05,0.012671271
2923,2923,2923,6.4,OSK002,228.4239479,232.0743415,41,135.5958,34.8573,137.292,33.358,15.395,1.5,3.148672855,08:29:00,08:30:13,428,285,251,203,-5.491102855,0.154655763,0.105139789,1.610586469,0.759991777,2.77E-05,0.000110242,0.619875307,39.36069787,0.739138138,0.012294426,0.006213376,0.499484519,219,14,247,295,298,0.004986349,0.000140624,0.009514948,0.000659187,0.002469896,0.000112662,0.024614229
2924,2924,2924,6.4,OSK003,229.6899055,233.3204935,41,135.4683,34.7668,137.292,33.358,20.942,1.5,3.1126614,08:29:00,08:30:12,282,188,133,84,-7.428879939,0.996677599,0.100994309,1.52444602,0.708310908,2.49E-05,0.000101466,0.628214479,0.010577349,0.296388632,0.010621154,0.006352063,0.066957139,42,67,159,297,299,0.001769218,0.000116907,0.001365485,7.49E-05,0.001655204,9.89E-05,0.158626167
2925,2925,2925,6.4,OSK004,216.3579396,220.2084422,41,135.6394,34.7405,137.292,33.358,22.617,1.5,3.217768561,08:29:00,08:30:11,312,208,159,108,-8.038813151,0.45525683,0.054198603,0.842094879,0.403169174,7.66E-06,2.92E-05,0.184755959,0.229787397,0.17808169,0.005655431,0.00329695,0.078052905,50,202,15,296,299,0.001408227,7.10E-05,0.001475846,9.72E-05,0.001259981,5.98E-05,0.072456375
2926,2926,2926,6.4,OSK005,223.7865972,227.5114087,41,135.5099,34.7255,137.292,33.358,14.248,1.5,3.202811281,08:29:00,08:30:11,286,191,127,76,-3.610914253,0.926365546,0.851636452,13.18371386,6.229853606,0.001876572,0.007222079,45.51380096,10.28660281,3.195945828,0.081137232,0.052852428,0.550322999,3,9,180,293,299,0.009879203,0.000671274,0.007859266,0.000408261,0.004452241,0.000205457,0.147435656
2927,2927,2927,6.4,OSK006,216.6622686,220.5074571,41,135.471,34.5894,137.292,33.358,24.015,1.5,3.047037131,08:29:00,08:30:34,259,173,116,72,-1.014398453,0.380996761,1.434468269,21.05338102,10.42112852,0.00481896,0.020490736,108.3385939,558.1961612,33.25194601,0.167909026,0.076529252,2.769061671,54,40,212,51,299,0.08642977,0.005162779,0.137495757,0.007875058,0.144148192,0.008454981,0.060637518
2928,2928,2928,6.4,OSK007,204.8883903,208.9503589,41,135.6058,34.5577,137.292,33.358,11.482,0.272727273,0.599018725,08:29:00,08:30:09,530,353,310,250,-9.93773,0.07120841,0.006059488,0.081468174,0.008012001,3.34E-09,3.67E-07,0.000850907,0.198942017,0.082705141,0.000946394,7.72E-05,0.083506561,266,27,266,265,137,0.001162484,3.85E-05,0.000933937,5.21E-05,0.001124179,5.22E-05,0.01133317
2929,2929,2929,6.4,OSK008,213.2427845,217.1485324,41,135.3874,34.4438,137.292,33.358,25.437,0.01,2.204273405,08:29:00,08:30:11,443,296,251,210,-1.293081973,0.242531273,0.81579678,10.58706756,4.258328927,0.000817894,0.006645472,19.23172271,13.6791696,23.35035048,0.152046435,0.026919024,3.939021628,87,168,296,34,56,0.00098878,5.77E-05,0.000586012,3.49E-05,0.000583224,3.01E-05,0.038600051
2930,2930,2930,6.4,OSK009,198.2494709,202.4446905,41,135.5816,34.4366,137.292,33.358,15.846,0.75,1.238254847,08:29:00,08:30:09,942,628,350,245,-1.998489093,0.244081875,0.494134847,6.317815848,1.382577129,9.48E-05,0.002441576,6.010073813,3.284673416,4.650078542,0.094286187,0.013537848,2.427126483,140,245,183,101,114,6.14E-05,3.36E-06,0.000166712,1.27E-05,0.000101768,4.81E-06,0.038846837
2931,2931,2931,6.4,OSK010,219.4834236,223.2800332,41,135.2549,34.3755,137.292,33.358,17.472,1.5,3.198949337,08:29:00,08:30:11,270,180,135,90,-7.084906976,0.52086559,0.102660135,1.594614816,0.755322685,2.72E-05,0.000105031,0.649679652,0.008515697,0.221673879,0.01059365,0.006305486,0.127790873,16,85,122,277,299,0.003165389,0.000130027,0.001588393,4.22E-05,0.002116719,6.68E-05,0.082898333
2932,2932,2932,6.4,SIG001,262.2239547,265.4098762,41,136.2065,35.5398,137.292,33.358,8.217,1.5,3.184161494,08:29:00,08:30:18,406,271,195,125,-5.82738879,0.245391287,0.105459116,1.624369355,0.76636354,2.84E-05,0.000110718,0.711588733,0.22454548,0.026735546,0.013152438,0.006507875,0.336765043,279,298,281,281,299,0.003797611,9.03E-05,0.003000396,5.71E-05,0.002654556,3.52E-05,0.039055236
2933,2933,2933,6.4,SIG002,257.2453209,260.4921402,41,136.0243,35.4215,137.292,33.358,9.296,1.5,2.182707451,08:29:00,08:30:18,447,298,189,112,-2.213462349,0.252295113,0.615912173,8.796950147,3.056936185,0.000457697,0.003792686,8.596640038,16.90168504,1.099662238,0.083384324,0.020826463,2.076612401,280,217,268,221,294,0.000332005,2.14E-05,0.0003615,7.82E-06,0.000322223,9.61E-06,0.040154014
2934,2934,2934,6.4,SIG004,254.6380277,257.9176713,41,135.9184,35.3476,137.292,33.358,6.419,0.01,2.229585036,08:29:00,08:30:17,618,412,256,184,-3.202290317,0.207601356,0.328622782,4.215126618,1.635295111,0.000135982,0.001079928,3.175130573,2.501691669,1.370427757,0.058210869,0.010977479,1.761788477,271,275,298,100,126,0.000110968,8.04E-06,7.26E-05,3.90E-06,0.000139432,1.09E-05,0.033040782
2935,2935,2935,6.4,SIG005,231.3556009,234.9604521,41,136.2421,35.2493,137.292,33.358,16.023,0.01,1.981885353,08:29:00,08:30:13,337,225,156,97,-0.464683858,0.232158221,1.251162323,17.31239992,5.570070413,0.00155067,0.015585551,36.65533842,61.29290831,24.66603592,0.18869883,0.03966621,5.106990001,156,193,255,159,129,0.000530697,3.11E-05,0.000522457,2.90E-05,0.000485459,1.99E-05,0.036949128
2936,2936,2936,6.4,SIG006,240.4595707,243.9299185,41,135.921,35.2001,137.292,33.358,3.707,1.5,2.899067889,08:29:00,08:30:40,371,247,145,81,-1.690773388,0.659367613,1.403727963,21.20941138,9.090674558,0.004178975,0.019629657,149.8102489,26.13424364,10.93673887,0.147494687,0.088349641,1.405492831,295,125,120,270,299,0.029846498,0.001679994,0.031076858,0.002557732,0.02874437,0.001752919,0.104941615
2937,2937,2937,6.4,SIG007,226.0169068,229.7055554,41,136.0957,35.1339,137.292,33.358,13.206,1.5,2.994244906,08:29:00,08:30:16,281,188,158,121,-8.304057656,0.147439537,0.027585676,0.417131091,0.187264327,1.72E-06,7.59E-06,0.044513778,0.231155706,7.703476634,0.003127127,0.00162946,0.133263549,12,48,16,49,299,0.001877599,6.10E-05,0.002129403,6.02E-05,0.004785618,0.000283919,0.023465731
2938,2938,2938,6.4,SIG008,211.3125836,215.2533577,41,136.2946,35.0701,137.292,33.358,14.086,1.5,3.210505382,08:29:00,08:30:11,531,354,247,164,-8.035932945,0.682283051,0.078494493,1.220584439,0.577237421,1.60E-05,6.14E-05,0.400050069,0.019437213,0.280931566,0.007480877,0.004870254,0.068891841,23,40,195,285,299,0.00106381,6.70E-05,0.000745683,2.57E-05,0.000906032,5.28E-05,0.10858872
2939,2939,2939,6.4,SIG009,214.150981,218.0404611,41,136.0854,35.0051,137.292,33.358,15.446,1.5,3.21277794,08:29:00,08:30:13,357,238,157,98,-8.354590915,0.2373281,0.036624422,0.570083668,0.269277758,3.50E-06,1.34E-05,0.072485675,0.278852169,0.601759796,0.003531296,0.002217294,0.093489932,96,95,112,274,299,0.001131595,5.70E-05,0.002448448,6.88E-05,0.002110485,0.000100395,0.03777194
2940,2940,2940,6.4,SIG010,220.6423809,224.4193847,41,135.8965,34.9718,137.292,33.358,15.453,0.3,0.747746344,08:29:00,08:30:12,610,407,363,315,-10.4414168,0.12079085,0.006859278,0.096466922,0.011678611,6.66E-09,4.70E-07,0.001238209,0.32978741,0.035549024,0.000890047,0.000116015,0.046297652,30,31,29,256,264,0.000866634,4.15E-05,0.001179518,6.99E-05,0.001060053,5.86E-05,0.019224461
2941,2941,2941,6.4,SIG011,203.594254,207.6815357,41,136.0587,34.8779,137.292,33.358,20.146,1.5,3.18883424,08:29:00,08:30:10,372,248,176,116,-8.019731443,0.88945041,0.086845065,1.340966182,0.631112113,1.94E-05,7.51E-05,0.468397525,0.275838722,0.147884994,0.008405234,0.005401599,0.059375589,10,4,64,289,299,0.001205721,6.92E-05,0.001364757,7.19E-05,0.000865051,6.04E-05,0.141560429
2942,2942,2942,6.4,SIG012,197.7482892,201.9539202,41,136.2307,34.9043,137.292,33.358,15.362,3,2.449833434,08:29:00,08:30:09,767,512,256,158,-10.83685925,0.085722647,0.006837982,0.103325457,0.039256025,7.11E-08,4.68E-07,0.013647044,0.013263912,0.225240659,0.000863319,0.000234244,0.063278448,247,246,290,198,171,0.000770939,5.15E-05,0.000927126,5.69E-05,0.001335288,0.000107377,0.013643183
2943,2943,2943,6.4,SIT006,335.3416358,337.8387377,41,139.0709,35.9954,137.292,33.358,2.713,0.010033445,1.37164257,08:29:00,08:31:09,932,621,311,182,-5.616550944,0.557162413,0.227346429,3.241859645,0.701383299,2.45E-05,0.000514139,1.777802303,5.844982098,74.46659218,0.025308877,0.005933513,0.285411149,149,164,10,180,209,0.015271467,0.001458627,0.010125461,0.000627886,0.021426095,0.001615234,0.088675152
2944,2944,2944,6.4,SIT010,356.0233869,358.3764111,41,139.6481,35.9065,137.292,33.358,2.985,1.5,2.128528813,08:29:00,08:31:17,199,133,113,88,-5.146599989,0.689473499,0.264824511,3.749284222,1.333686673,8.01E-05,0.000697613,1.667017518,7.51344489,28.56894132,0.033062549,0.009708224,0.30129965,25,294,137,35,256,0.01826834,0.001772596,0.019725175,0.001584052,0.043322221,0.003778487,0.109733115
2945,2945,2945,6.4,SIT014,324.0942165,326.6773043,41,138.801,35.9954,137.292,33.358,7.553,1.5,3.180934067,08:29:00,08:30:31,489,326,163,100,-9.458394726,0.654557954,0.040691488,0.628668008,0.29460612,4.23E-06,1.65E-05,0.107343199,3.311695057,2.621740615,0.003794785,0.002508948,0.036426628,27,7,3,299,299,0.000494259,3.56E-05,0.002735151,0.000184512,0.002311182,0.000168791,0.104176134
2946,2946,2946,6.4,SMN002,453.0854422,454.9367186,41,133.0682,35.4714,137.292,33.358,2.226,1.5,3.240752422,08:29:00,08:31:27,184,123,81,49,-4.786190238,1.157836518,0.41801795,6.342277,3.165795496,0.00046311,0.001740812,14.03591332,103.4471847,19.02585334,0.042958284,0.02184245,0.233120006,49,26,96,59,299,0.010378879,0.000963282,0.036970232,0.003663245,0.02532798,0.00269427,0.184275405
2947,2947,2947,6.4,SMN005,473.0264845,474.8000158,41,132.7449,35.3611,137.292,33.358,3.675,1.5,3.177721346,08:29:00,08:31:39,238,159,136,106,-2.641866296,1.542133136,1.656186853,25.69488789,11.84444681,0.006995137,0.027347923,133.6469133,72.07407146,73.48294227,0.146560018,0.097945029,0.59713635,29,137,47,245,299,0.015910294,0.000997664,0.033974279,0.003580693,0.036255157,0.00306739,0.245438112
2948,2948,2948,6.4,SMN016,459.2845859,461.1109745,41,132.8146,35.1957,137.292,33.358,1.369,1.5,3.196592923,08:29:00,08:31:37,432,288,144,86,-5.83347471,0.961951111,0.307033624,4.863573616,2.259844782,0.000243178,0.000939526,4.274422168,0.272158049,10.20333445,0.026263457,0.017611157,0.171545273,23,218,127,285,299,0.006931028,0.000538066,0.008980945,0.000465489,0.00868868,0.000520492,0.153099274
2949,2949,2949,6.4,SZO001,257.5954129,260.8378745,41,139.0795,35.1424,137.292,33.358,8.009,1.5,3.212297307,08:29:00,08:30:22,889,592,296,186,-9.039364611,0.950111351,0.064103192,0.992279789,0.470680475,1.07E-05,4.09E-05,0.265130002,0.00308183,0.010480627,0.005867427,0.003980714,0.038801909,2,56,155,286,299,0.000708831,5.29E-05,0.000238109,5.97E-06,0.000421131,1.19E-05,0.151214918
2950,2950,2950,6.4,SZO002,244.3382133,247.754238,41,139.1031,34.9652,137.292,33.358,9.575,1.5,3.025549483,08:29:00,08:30:42,541,361,204,151,-3.039601472,0.524030539,0.797984559,12.56095132,5.742136922,0.001467341,0.00632823,35.74308335,70.22002765,63.51398865,0.094268365,0.04712825,1.130288332,4,12,11,281,299,0.032040375,0.00197241,0.037076353,0.002666738,0.050660704,0.003574646,0.083402051
2951,2951,2951,6.4,SZO003,229.3897472,233.0250118,41,139.0546,34.8158,137.292,33.358,42.03,0.176470588,0.713442105,08:29:00,08:30:12,473,316,158,102,-1.656062097,0.130285257,0.352656462,4.05221018,0.552631268,1.59E-05,0.001230481,3.520620101,2.114048457,3.029819887,0.080060065,0.005750421,3.861006522,296,245,289,294,297,0.000250645,1.36E-05,0.00028262,9.14E-06,0.000356626,2.18E-05,0.020735543
2952,2952,2952,6.4,SZO004,200.9039041,205.0448211,41,138.8194,34.6469,137.292,33.358,16.178,1.5,1.817369671,08:29:00,08:30:11,733,488,244,168,-3.207144695,0.11212621,0.17027424,2.200368175,0.639963604,2.40E-05,0.000286943,1.248111605,1.259114118,1.458973862,0.033799846,0.006821476,1.894032607,255,229,292,280,299,6.89E-05,5.32E-06,8.43E-05,4.72E-06,0.000116864,5.66E-06,0.017845441
2953,2953,2953,6.4,SZO005,207.4098286,211.4233596,41,138.7841,34.7549,137.292,33.358,15.007,1.5,3.22492573,08:29:00,08:30:18,284,189,161,124,-7.883817507,0.819236421,0.09072169,1.412723791,0.67063365,2.16E-05,8.20E-05,0.51860214,1.801068031,0.405396039,0.008686006,0.005605163,0.066617872,39,15,35,286,299,0.001400555,9.17E-05,0.002101795,0.000151566,0.001082509,7.81E-05,0.130385526
2954,2954,2954,6.4,SZO006,221.2285087,224.9956734,41,138.7941,34.9113,137.292,33.358,3.495,1.5,3.175318664,08:29:00,08:30:37,859,573,286,167,-3.098675928,0.476973634,0.832600712,12.76176459,6.008518187,0.001761481,0.006897046,44.00465369,27.49628504,81.94046342,0.083897417,0.051592395,1.105182715,2,20,4,299,299,0.01597921,0.000864995,0.019903703,0.001210158,0.022681091,0.001152376,0.075912712
2955,2955,2955,6.4,SZO007,235.7580524,239.2965927,41,138.9466,34.9771,137.292,33.358,5.159,1.5,2.95125909,08:29:00,08:30:38,933,622,311,244,-2.972498609,0.77728903,0.789634648,11.70315087,5.3487027,0.001367909,0.00620015,43.97739672,4.700519565,4.484324974,0.098616232,0.050082913,0.797160436,250,196,10,287,299,0.0253165,0.001929333,0.02907185,0.0011801,0.021289712,0.000827305,0.123709391
2956,2956,2956,6.4,SZO008,241.4061287,244.8630617,41,138.8657,35.096,137.292,33.358,9.437,1.5,3.188776396,08:29:00,08:30:17,303,202,142,95,-8.38498073,0.610920786,0.054377031,0.835815166,0.395773685,7.59E-06,2.95E-05,0.192314296,0.020505115,0.545416024,0.005114848,0.003338723,0.052605085,7,256,79,262,299,0.000915098,5.11E-05,0.001151928,3.82E-05,0.001385692,8.70E-05,0.097231063
2957,2957,2957,6.4,SZO009,252.9624651,256.2635533,41,138.9127,35.1971,137.292,33.358,5.231,1.5,1.587683737,08:29:00,08:30:22,931,621,310,242,-3.143482425,0.222274513,0.29595966,3.759281133,0.853696763,5.58E-05,0.000873193,2.543649758,1.251560559,1.287241773,0.049566954,0.010475693,1.401142921,292,246,291,207,236,0.000126738,6.82E-06,0.000158065,7.76E-06,0.000139449,1.10E-05,0.035376087
2958,2958,2958,6.4,SZO010,264.2333027,267.3952847,41,138.9349,35.3091,137.292,33.358,4.81,1.5,3.174568678,08:29:00,08:30:24,378,252,186,123,-7.206087659,0.221718602,0.048396732,0.744053702,0.350812348,5.94E-06,2.33E-05,0.143347371,0.036592526,1.364967505,0.005860416,0.002961242,0.166075722,43,79,84,299,299,0.001540092,5.44E-05,0.001169094,3.15E-05,0.002476323,0.000143701,0.035287611
2959,2959,2959,6.4,SZO011,240.5609858,244.0298914,41,138.6221,35.2216,137.292,33.358,6.371,1.5,2.823721217,08:29:00,08:30:25,375,250,160,97,-7.795151453,1.088159123,0.072591842,1.034532322,0.442923482,1.06E-05,5.24E-05,0.189582824,0.008093045,0.286127999,0.008958613,0.004632266,0.051728303,265,168,190,273,299,0.001020086,5.19E-05,0.001121934,3.00E-05,0.000913937,5.16E-05,0.173185903
2960,2960,2960,6.4,SZO012,231.5689345,235.1705156,41,138.6213,35.1271,137.292,33.358,4.635,1.5,3.103276973,08:29:00,08:30:40,486,324,272,206,-3.267537986,0.459875416,0.683133843,10.52804909,4.833523482,0.00113489,0.004652351,27.98134748,14.1676958,65.82682402,0.072720409,0.041859202,0.993564325,52,123,45,264,299,0.020740547,0.001468353,0.031143056,0.002067296,0.038205551,0.002865368,0.073191446
2961,2961,2961,6.4,SZO013,216.5100258,220.3578709,41,138.476,35.041,137.292,33.358,7.198,1.5,2.670108512,08:29:00,08:30:37,169,113,90,65,-2.479280054,0.817563866,0.733664926,10.10504989,4.459468468,0.000966276,0.005350606,32.64042968,104.1843177,4.426596808,0.116006474,0.043546888,0.891539127,69,60,227,286,299,0.036144568,0.003121632,0.085830172,0.007612865,0.061395918,0.004595666,0.13011933
2962,2962,2962,6.4,SZO014,204.5150928,208.5843311,41,138.3735,34.9649,137.292,33.358,2.734,1.5,3.266616444,08:29:00,08:30:31,515,344,301,242,-2.673347768,0.78034076,1.126998698,17.71361938,8.498868452,0.003418434,0.012647092,88.50391886,0.362428073,22.53899188,0.104320119,0.068669625,0.839969759,53,111,80,298,299,0.018316887,0.001092558,0.010111858,0.000620716,0.013509626,0.000780518,0.124195089
2963,2963,2963,6.4,SZO015,230.7248995,234.339453,41,138.3407,35.2435,137.292,33.358,8.799,3,1.536492424,08:29:00,08:30:14,1000,667,333,208,-6.376109097,0.08288196,0.037981858,0.423657479,0.112081473,8.57E-07,1.43E-05,0.09734674,0.056781153,0.030041602,0.006784358,0.001106889,0.51431432,296,288,280,293,229,0.000230798,7.25E-06,0.00027014,1.73E-05,0.000228444,5.25E-06,0.013191074
2964,2964,2964,6.4,SZO016,191.2418066,195.5873937,41,138.3113,34.8566,137.292,33.358,6.63,1.5,3.222963567,08:29:00,08:30:28,290,193,154,109,-1.795944946,0.811489886,1.733858578,26.7000108,12.68819321,0.007885718,0.029970236,170.6281848,137.2247055,44.73616828,0.172099454,0.105150238,1.332527714,54,205,154,254,299,0.033594819,0.001465294,0.029608146,0.001826471,0.019561078,0.001419034,0.129152627
2965,2965,2965,6.4,SZO017,161.799468,166.9133543,41,138.1281,34.6374,137.292,33.358,7.039,1.5,3.249840644,08:29:00,08:30:24,435,290,219,147,-1.925980371,1.152779025,1.899390722,28.8508402,14.0408752,0.00962143,0.035964599,177.8425988,14.44218171,69.56030207,0.175233058,0.106101094,0.955102193,11,85,285,240,299,0.04329335,0.003305857,0.037423944,0.003973538,0.02768558,0.001882891,0.18347048
2966,2966,2966,6.4,SZO018,176.0553127,180.7663495,41,138.2241,34.7402,137.292,33.358,10.709,1.5,2.210537019,08:29:00,08:30:21,495,330,396,1133,-3.298257887,0.440039468,0.381852059,5.240318641,2.00697257,0.000180284,0.001456536,17.64055917,6.342232012,5.935066194,0.059637571,0.015754985,0.851546146,132,207,286,136,299,0.03086692,0.002158061,0.043693351,0.002719038,0.033109154,0.001598054,0.070034456
2967,2967,2967,6.4,SZO019,169.9346905,174.8107521,41,137.9981,34.7699,137.292,33.358,4.782,1.5,2.715331894,08:29:00,08:30:23,2056,1370,685,680,-2.621769739,0.283887664,0.630281439,8.798574958,3.609427555,0.000739921,0.00396186,11.9621335,180.8644523,19.39536675,0.071024086,0.033341905,1.57195099,299,58,122,85,299,0.039935587,0.00269176,0.034017857,0.002466348,0.021940948,0.00146673,0.045182125
2968,2968,2968,6.4,SZO021,208.2470776,212.2447769,41,138.1332,35.0969,137.292,33.358,5.113,1.5,3.157671379,08:29:00,08:30:25,1239,826,413,268,-2.572541079,0.436699986,0.768734473,11.82739893,5.55175886,0.001485165,0.005880314,47.18653877,25.34410716,23.39267125,0.080020708,0.047859513,1.151328033,205,220,160,295,299,0.016496168,0.000922554,0.027516266,0.000662319,0.017973701,0.000751207,0.069502961
2969,2969,2969,6.4,SZO022,198.6420611,202.8291607,41,137.8136,35.0916,137.292,33.358,9.045,0.6,0.780606458,08:29:00,08:30:07,466,311,214,131,-1.931300196,0.167394165,0.591382286,8.622114948,1.004235914,5.39E-05,0.003490784,10.98682736,36.44610523,26.09094544,0.083145328,0.010665829,3.120882405,220,252,223,155,288,0.000458718,2.81E-05,0.001108284,7.91E-05,0.000776258,5.32E-05,0.026641609
2970,2970,2970,6.4,SZO023,175.3255979,180.0557283,41,137.8164,34.8738,137.292,33.358,6.663,1.5,3.206291648,08:29:00,08:30:11,367,244,239,229,-7.991670685,1.385421163,0.114427311,1.769899995,0.83761101,3.39E-05,0.000130369,0.824525401,0.285451852,0.207597718,0.01064561,0.007090295,0.048280151,7,8,38,299,299,0.001570716,0.00011124,0.000974452,6.64E-05,0.000658525,5.44E-05,0.220496626
2971,2971,2971,6.4,SZO024,155.4366834,160.7531105,41,137.7197,34.7102,137.292,33.358,6.561,1.5,3.187006063,08:29:00,08:30:02,566,377,330,264,-7.611379739,0.741781437,0.096491831,1.484820174,0.700944396,2.38E-05,9.27E-05,0.589367999,0.056918883,0.461167817,0.009355464,0.00602847,0.079244523,225,223,207,298,299,0.001587191,7.67E-05,0.00084902,3.88E-05,0.001129633,6.30E-05,0.118058182
2972,2972,2972,6.4,SZO025,152.9793528,158.3782889,41,137.5314,34.7194,137.292,33.358,10.357,1.5,3.210220361,08:29:00,08:30:04,250,167,142,118,-7.983449804,0.557776244,0.061376726,0.949334294,0.452545516,9.79E-06,3.75E-05,0.23512332,1.876049132,0.0168052,0.005923007,0.00372314,0.066720936,38,9,82,272,299,0.001666768,0.000109319,0.003465035,0.000178332,0.001539543,7.74E-05,0.088772846
2973,2973,2973,6.4,SZO026,188.9336873,193.331162,41,137.8975,34.9816,137.292,33.358,5.958,1.5,2.958732768,08:29:00,08:30:09,802,535,279,176,-7.185837284,0.062140028,0.030771016,0.477283492,0.20671854,2.09E-06,9.43E-06,0.053242605,0.311770992,0.064538416,0.003218583,0.001801092,0.325441656,143,137,128,119,299,0.00228476,3.73E-05,0.001289409,5.67E-05,0.001391368,2.83E-05,0.009889893
2974,2974,2974,6.4,TKS001,265.0930615,268.2449091,41,134.6098,34.203,137.292,33.358,9.703,1.5,3.147902173,08:29:00,08:30:40,216,144,125,99,-2.022858058,0.936100327,1.641359531,25.118451,11.73078244,0.00672963,0.026810718,167.6946553,82.28258744,75.524243,0.161178645,0.100221703,1.081844825,45,83,42,299,299,0.034717589,0.002240645,0.035541086,0.00325247,0.044694278,0.003217103,0.148984994
2975,2975,2975,6.4,TKS002,262.0282746,265.2165468,41,134.582,34.0438,137.292,33.358,8.215,1,0.966829341,08:29:00,08:30:43,245,163,138,106,-4.904450634,0.224418314,0.141172828,1.898108189,0.296110614,4.72E-06,0.000199296,0.561042773,46.28543517,356.4893042,0.022517331,0.002885399,0.630432354,247,115,58,280,297,0.018106856,0.001077497,0.027950231,0.002153304,0.032517411,0.003121025,0.035717284
2976,2976,2976,6.4,TKS003,255.3786065,258.6488597,41,134.6039,33.8716,137.292,33.358,9.758,1.5,3.190979075,08:29:00,08:30:39,449,299,157,88,-1.788666913,1.005019977,1.78345897,27.6659904,13.01494457,0.008167443,0.031666345,206.7508536,45.89453853,0.507104534,0.173013768,0.110773899,1.081647721,280,10,92,286,299,0.026749918,0.00147414,0.026339762,0.001232395,0.019949734,0.000909369,0.159953897
2977,2977,2977,6.4,TKS004,254.4674802,257.7492938,41,134.5914,33.7749,137.292,33.358,11.231,1.5,3.20073825,08:29:00,08:30:40,382,254,166,133,-0.615203257,0.746303343,3.433560509,53.08754513,25.14971218,0.030473261,0.117429807,748.8942984,39.39661541,702.8931828,0.337323555,0.213347972,2.839952983,18,135,8,278,299,0.057234149,0.003583198,0.036976663,0.00140626,0.054209676,0.003949538,0.118777866
2978,2978,2978,6.4,TKS005,274.9741437,278.0139919,41,134.3889,33.8788,137.292,33.358,3.005,1.5,2.00564994,08:29:00,08:30:44,900,600,300,180,-4.652433397,0.294516265,0.133682778,1.765388654,0.540852779,1.80E-05,0.000176704,0.552347944,2.485697197,22.47559365,0.023725003,0.007594269,0.506147236,213,40,25,297,299,0.009112771,0.000407853,0.01015582,0.000459046,0.011618243,0.000537544,0.046873719
2979,2979,2979,6.4,TKS006,268.5646589,271.6762338,41,134.4192,33.6692,137.292,33.358,10.237,1.5,3.159555204,08:29:00,08:30:41,292,195,124,72,-3.087060809,0.565394485,0.857601146,13.15469058,6.151150826,0.001852122,0.007324489,43.75550705,3.688924112,26.50618305,0.090208547,0.053242249,1.002480623,116,299,121,289,299,0.014336465,0.000824536,0.017860066,0.000839005,0.021516658,0.001523832,0.089985327
2980,2980,2980,6.4,TKS007,289.7649732,292.6512254,41,134.285,34.0905,137.292,33.358,4.836,1.5,2.897507579,08:29:00,08:30:50,439,293,205,134,-4.121696679,0.466712493,0.325611765,4.470175964,2.084231013,0.000225469,0.001060224,2.834502172,3.850068514,24.47494472,0.040232644,0.0170119,0.54163787,228,206,36,236,262,0.022140074,0.001338282,0.026455953,0.001475496,0.021250538,0.001638246,0.0742796
2981,2981,2981,6.4,TKS008,292.2085825,295.0709333,41,134.212,33.9344,137.292,33.358,7.544,1.5,3.20457489,08:29:00,08:30:21,726,484,242,140,-8.715474956,0.981260204,0.06462335,1.000907864,0.472662641,1.08E-05,4.16E-05,0.265895029,0.000171002,0.070219335,0.005958216,0.004009453,0.038151528,44,4,12,289,299,0.000854971,5.28E-05,0.000340847,7.86E-06,0.000956069,3.52E-05,0.156172412
2982,2982,2982,6.4,TKS009,290.1939813,293.0760086,41,134.1995,33.7719,137.292,33.358,5.803,1.5,3.269937915,08:29:00,08:30:47,904,603,414,344,-2.470101479,0.686030205,1.202175752,18.75552057,9.03657647,0.003902529,0.014408768,90.97920635,26.45831569,2.280945611,0.107423756,0.07256323,0.983868292,46,58,258,276,299,0.021180698,0.001139544,0.015931175,0.000704781,0.012843768,0.000615309,0.109185098
2983,2983,2983,6.4,TKS010,308.2675442,310.9821197,41,134.0614,34.038,137.292,33.358,6.474,1.5,3.154348929,08:29:00,08:30:51,389,259,148,82,-4.085034103,0.48872336,0.432950002,6.591751878,3.1718416,0.000469435,0.001862582,12.1112352,2.71847927,143.9186114,0.050754564,0.024470945,0.652517059,150,79,65,48,299,0.019863194,0.001191211,0.03371452,0.001830156,0.039546596,0.002047409,0.077782739
2984,2984,2984,6.4,TKS012,330.807235,333.3383067,41,133.809,34.0319,137.292,33.358,1.574,1.5,3.069897642,08:29:00,08:31:01,891,594,297,181,-4.46755009,1.059492332,0.426913388,6.363643495,2.974872726,0.000433593,0.001816327,11.97914754,6.401572898,1.167180734,0.050062673,0.026786145,0.29689035,47,238,241,281,299,0.01119249,0.000700214,0.009491967,0.000718719,0.015203212,0.001382257,0.168623442
2985,2985,2985,6.4,TKY003,327.1509768,329.7101175,41,139.2912,35.7968,137.292,33.358,5.432,1.5,3.1067354,08:29:00,08:31:05,276,184,111,62,-3.823536295,0.824378698,0.572938568,8.304629116,4.021394854,0.000797811,0.003263257,22.72659687,7.627148892,553.7863273,0.062175514,0.033918587,0.473884484,43,100,11,299,299,0.019766226,0.001315673,0.050549858,0.003169434,0.048277293,0.003663405,0.131203945
2986,2986,2986,6.4,TKY004,318.0456923,320.6775053,41,139.4034,35.6282,137.292,33.358,3.705,1.5,3.052857913,08:29:00,08:31:04,380,253,177,110,-2.562123902,1.257943875,1.437975356,21.85898177,10.11986501,0.004853528,0.0205591,107.1734169,5.220755171,120.6268927,0.1544584,0.08563362,0.771489706,53,40,249,298,299,0.021499113,0.002138724,0.036965793,0.002421469,0.041974017,0.003934588,0.200207986
2987,2987,2987,6.4,TKY005,314.3788272,317.0410809,41,139.4156,35.5782,137.292,33.358,4.046,1.5,2.913011116,08:29:00,08:31:03,371,247,170,113,-2.95283269,1.051211874,0.973698062,14.2265328,6.27481697,0.002027765,0.009433938,56.96687549,25.62641637,76.71811681,0.099271529,0.058732972,0.593354611,107,106,232,262,299,0.025551341,0.001530493,0.028048581,0.002396619,0.034253402,0.002004372,0.167305566
2988,2988,2988,6.4,TKY008,250.1057697,253.4440689,41,139.3909,34.7852,137.292,33.358,6.232,1.5,3.174889255,08:29:00,08:30:43,506,337,246,160,-1.858564106,1.625270559,2.45508947,37.49553491,17.6484871,0.015325676,0.060023622,352.9226133,30.73760771,26.59377466,0.226894668,0.151658051,0.877159336,6,206,33,285,299,0.030906778,0.002363063,0.03070968,0.001628383,0.029748725,0.002201451,0.258669843
2989,2989,2989,6.4,TKY009,247.1393098,250.517142,41,139.4412,34.6874,137.292,33.358,3.168,1.5,2.979800224,08:29:00,08:30:44,403,269,232,182,-3.409677479,0.698046719,0.727072943,10.88449861,5.114260267,0.001187916,0.005281669,26.89103075,46.87637093,7.63704788,0.086726948,0.036473097,0.780637561,223,3,139,89,280,0.030505974,0.00235859,0.017537047,0.001388959,0.022961777,0.001929601,0.111097586
2990,2990,2990,6.4,TKY012,233.779026,237.3470728,41,139.789,33.1161,137.292,33.358,8.796,1.5,3.195628113,08:29:00,08:30:37,668,445,261,146,-2.106277233,0.854029912,1.39677597,21.81175063,10.23209278,0.005034235,0.019461698,104.0527748,22.42650892,761.228655,0.144877485,0.079589191,1.065878456,56,171,201,280,299,0.040899785,0.002477122,0.070273619,0.003394817,0.065656196,0.004242478,0.135923082
2991,2991,2991,6.4,TTR001,345.3009469,347.7265361,41,134.3975,35.3415,137.292,33.358,1.858,1.5,3.107615181,08:29:00,08:31:03,663,442,221,142,-4.809344914,0.730445706,0.44159288,7.054290149,3.198395604,0.000475649,0.001944429,9.865974015,2.398861464,1.049418644,0.037059499,0.024364115,0.3187803,124,125,8,274,299,0.009590185,0.000567774,0.007908173,0.000581529,0.01376204,0.001146212,0.116254045
2992,2992,2992,6.4,TTR002,367.8787647,370.1564338,41,134.2198,35.4853,137.292,33.358,6.843,1.5,2.29963796,08:29:00,08:31:07,315,210,144,88,-4.633279234,0.492109563,0.327819651,4.643019784,1.640447564,0.000143464,0.001070989,4.096455572,11.67353253,26.86480354,0.040884966,0.016791221,0.522013467,231,65,34,261,299,0.023054726,0.002337386,0.066500512,0.00614232,0.06852556,0.007808613,0.07832167
2993,2993,2993,6.4,TTR003,359.0055444,361.3391494,41,134.2075,35.3432,137.292,33.358,5.427,0.010067114,0.965850934,08:29:00,08:30:30,830,553,277,175,-3.634950065,0.216122259,0.212274007,2.738015069,0.461625271,1.06E-05,0.000450593,1.017307217,1.177821886,1.554053423,0.04314649,0.004432576,1.254370534,130,274,205,63,77,0.000204368,1.48E-05,0.000210636,1.43E-05,0.000374233,2.62E-05,0.034396926
2994,2994,2994,6.4,TTR004,377.9213607,380.1388626,41,134.0548,35.4606,137.292,33.358,7.861,1.5,3.241408377,08:29:00,08:31:10,457,305,273,226,-3.155390031,1.279627099,1.140853068,17.61607101,8.479449378,0.003451678,0.012969477,76.51188145,13.11074926,2.711111864,0.109152563,0.068785063,0.535957532,7,55,166,292,299,0.032678187,0.002246795,0.042001292,0.003164843,0.036665583,0.002828525,0.203658978
2995,2995,2995,6.4,TTR005,392.651623,394.7863942,41,133.8253,35.429,137.292,33.358,5.304,1.5,2.723960408,08:29:00,08:31:13,330,220,110,106,-5.938922622,0.632107873,0.116814921,1.607184831,0.765061436,2.56E-05,0.000136453,0.405944483,17.08311067,12.45800996,0.018696326,0.00469304,0.185842454,23,103,13,183,223,0.008598465,0.000689575,0.01314843,0.00127294,0.01104438,0.000709855,0.100603093
2996,2996,2996,6.4,TTR006,412.3366027,414.3699723,41,133.6303,35.5106,137.292,33.358,1.737,1.5,2.932625899,08:29:00,08:31:18,457,304,228,151,-5.709185579,1.006172785,0.282968019,4.095184695,1.891390837,0.000173821,0.000797901,8.492275855,1.025745606,0.587588744,0.032145525,0.015703878,0.200737185,46,74,260,75,299,0.010584635,0.00069378,0.013809777,0.00132602,0.010260618,0.000772592,0.160137372
2997,2997,2997,6.4,TTR007,409.66201,411.7085892,41,133.4876,35.2826,137.292,33.358,2.109,1.5,3.369568647,08:29:00,08:31:18,764,509,255,150,-5.542966969,0.877890703,0.260218553,4.150992846,2.057596045,0.000194365,0.000675818,2.832897575,12.71345704,21.16329338,0.025164069,0.013564762,0.180102728,206,245,19,210,293,0.006317479,0.000390068,0.019127288,0.001134027,0.015818145,0.001071396,0.139720645
2998,2998,2998,6.4,TTR008,430.0842161,432.0340645,41,133.3301,35.4258,137.292,33.358,4.749,1.5,2.902198993,08:29:00,08:31:24,179,120,92,63,-4.160498531,0.740449267,0.450581155,6.448625715,3.0045873,0.000432139,0.002025483,9.439269865,7.398946421,171.6270793,0.058070687,0.026004357,0.492766894,70,291,33,278,297,0.021190229,0.001391111,0.039865042,0.003008996,0.053929158,0.005775469,0.117846161
2999,2999,2999,6.4,WKY001,218.737137,222.5464785,41,135.1694,34.2288,137.292,33.358,22.804,0.010273973,1.527260311,08:29:00,08:30:11,300,200,163,129,-9.000428367,0.142127197,0.013798293,0.198870687,0.049203892,1.12E-07,1.90E-06,0.00479788,0.599006724,0.00437133,0.002360792,0.000371443,0.104366328,253,216,238,257,268,0.002171792,7.70E-05,0.001880291,0.00013178,0.001847001,8.54E-05,0.022620246
3000,3000,3000,6.4,WKY002,199.9504542,204.1107154,41,135.4305,34.2755,137.292,33.358,17.444,0.010273973,0.677328702,08:29:00,08:30:08,383,255,164,96,-2.385484838,0.284112159,0.371039188,2.948233567,0.361178658,1.59E-05,0.001370206,3.146430873,0.183175375,1.165342697,0.087945309,0.010096823,1.944924401,299,297,282,262,299,0.000188088,1.11E-05,0.00027121,6.88E-06,0.000255228,1.20E-05,0.045217855
3001,3001,3001,6.4,WKY004,190.0697183,194.4415023,41,135.4313,34.0838,137.292,33.358,14.906,1.5,1.354739829,08:29:00,08:30:08,970,647,323,200,-1.682993241,0.055393975,0.277338035,3.534054484,0.861916905,3.57E-05,0.000768443,1.763027081,1.307014045,2.444333547,0.055086605,0.006599799,6.248321222,182,143,183,184,137,7.75E-05,4.83E-06,0.000127063,4.72E-06,0.000144191,9.37E-06,0.008816225
3002,3002,3002,6.4,WKY005,177.3081776,181.9867848,41,135.4883,33.8938,137.292,33.358,29.727,1.5,3.20894881,08:29:00,08:30:05,470,313,157,85,-9.771763543,0.792488443,0.040545507,0.627176832,0.297050033,4.27E-06,1.64E-05,0.103338383,0.066814238,0.12690132,0.003716313,0.002517896,0.02946451,2,24,200,299,299,0.000515025,3.54E-05,0.000403887,2.76E-05,0.000588426,3.66E-05,0.126128453
3003,3003,3003,6.4,WKY006,206.7704735,210.7961781,41,135.1524,33.8908,137.292,33.358,36.987,1.5,3.164323414,08:29:00,08:30:24,420,280,156,84,-1.350563484,0.603765972,2.12399254,32.67634038,15.31295867,0.011398022,0.044939422,302.8921141,1.34687482,39.16151693,0.209429231,0.132200098,2.179458144,10,73,296,278,299,0.038363361,0.002584578,0.032035513,0.001459625,0.024350055,0.001556639,0.096092339
3004,3004,3004,6.4,WKY007,150.4072979,155.8953343,41,135.7735,33.8375,137.292,33.358,16.701,0.012244898,0.882170198,08:29:00,08:30:05,495,330,165,98,-1.631272056,0.054950036,0.326853765,4.322008078,0.631928117,2.11E-05,0.001068329,2.285951888,0.837130167,1.743012668,0.053901179,0.005623489,6.163255251,151,153,129,164,152,0.000113005,7.27E-06,0.000337873,2.75E-05,8.96E-05,3.64E-06,0.00874557
3005,3005,3005,6.4,WKY008,182.1847665,186.7412358,41,135.3772,33.7289,137.292,33.358,24.662,1.5,3.134204006,08:29:00,08:30:23,229,153,133,105,-1.415617448,0.251743745,1.145456295,17.84544895,8.23691721,0.00324745,0.013051117,73.11459574,925.1752653,3.506046545,0.128235692,0.068434135,3.200590399,142,174,223,288,299,0.045601181,0.001819632,0.050024245,0.003095009,0.076599771,0.004306927,0.040066261
3006,3006,3006,6.4,WKY009,128.0034063,134.409345,41,135.9813,33.7209,137.292,33.358,28.267,1.5,3.205399335,08:29:00,08:29:58,217,145,92,53,-8.409252468,0.883136662,0.064796954,1.00146954,0.47383821,1.09E-05,4.18E-05,0.262571108,0.302424883,0.060921737,0.006118773,0.004014647,0.043532768,228,242,182,273,299,0.000871602,5.85E-05,0.001294297,6.05E-05,0.001709255,4.88E-05,0.140555565
3007,3007,3007,6.4,WKY010,167.8740251,172.8082414,41,135.4972,33.5503,137.292,33.358,18.702,1.5,3.190806405,08:29:00,08:30:03,862,575,287,185,-6.504634451,0.899965374,0.218260009,3.37111687,1.587806247,0.000122332,0.00047435,3.023758785,0.029214751,0.781029803,0.020505143,0.013570498,0.14315841,16,10,4,298,299,0.002570917,0.000178174,0.00053797,1.98E-05,0.001598106,9.29E-05,0.143233938
3008,3008,3008,6.4,WKY011,127.5836788,134.0096828,41,135.946,33.5947,137.292,33.358,7.315,0.01010101,1.008503417,08:29:00,08:30:11,1364,909,455,326,-3.038853883,0.128629415,0.237589469,3.132870189,0.562101592,1.45E-05,0.000564022,1.532266372,0.423504784,0.391798988,0.040266978,0.004850193,1.966928656,137,146,131,130,153,0.034894815,0.001630986,0.010303864,0.000806369,0.011751582,0.000860989,0.020472007
3009,3009,3009,6.4,WKY012,140.5825436,146.4392418,41,135.7835,33.472,137.292,33.358,6.957,1.5,3.176543192,08:29:00,08:30:14,341,228,114,64,-1.717697346,0.298977497,1.291861048,19.78796077,9.362217427,0.004249844,0.016627356,101.4688448,37.76949169,15.67694254,0.130195717,0.078544297,2.736138411,119,179,76,294,299,0.034994068,0.002041804,0.023459159,0.00073445,0.027289844,0.001425272,0.047583747
3010,3010,3010,6.4,WKY013,184.2751558,188.7811777,41,135.586,34.216,137.292,33.358,12.649,0.75,1.257345967,08:29:00,08:30:07,1162,775,387,256,-3.223613574,0.171928784,0.292123795,3.950870591,0.856920458,3.42E-05,0.000853342,2.206055631,2.504502224,0.427985191,0.04046738,0.006659152,1.478891659,107,153,136,71,108,5.54E-05,3.63E-06,0.000131808,8.49E-06,8.23E-05,5.53E-06,0.027363316
3011,3011,3011,6.4,WKY014,157.9433588,163.1781376,41,135.6397,33.7053,137.292,33.358,16.173,0.010416667,0.411205382,08:29:00,08:30:02,376,251,144,78,-1.408504834,0.11592941,0.394931479,5.445385131,0.370885323,6.66E-06,0.001555519,3.73978012,2.1560774,5.245206511,0.081605693,0.004606306,4.422895724,163,231,167,161,164,5.02E-05,2.13E-06,7.98E-05,4.79E-06,0.000106289,6.62E-06,0.018450739
3012,3012,3012,6.4,YMG001,542.8937897,544.4397734,41,131.6019,34.6173,137.292,33.358,1.467,1.5,3.396356703,08:29:00,08:31:46,227,152,109,69,-6.516994462,0.93420818,0.177738036,2.876146511,1.408832406,9.21E-05,0.000315357,1.444629838,0.215997992,0.503926409,0.016577896,0.009659132,0.111497622,62,112,209,222,273,0.003577214,0.000278043,0.012546797,0.000904789,0.012245228,0.000775692,0.14868385
3013,3013,3013,6.4,YMG013,537.7833545,539.3439871,41,131.5348,34.031,137.292,33.358,1.587,1.5,3.197488153,08:29:00,08:31:43,258,172,102,63,-6.627128651,0.419778577,0.12691905,1.975496737,0.956168502,4.16E-05,0.00016072,0.894015209,0.437496842,0.404432995,0.012964778,0.006469504,0.194054926,238,217,53,90,299,0.003857913,0.000247877,0.006250357,0.000383138,0.012899245,0.000851063,0.066809836
3014,3014,3014,6.4,YMG016,481.3524495,483.0954157,41,132.1766,34.1699,137.292,33.358,3.656,1.5,2.17947803,08:29:00,08:31:30,309,206,241,366,-7.141322536,0.406592347,0.06940234,1.015212423,0.332104204,5.79E-06,4.81E-05,0.120646916,0.324079021,0.519864226,0.009329961,0.002732516,0.144178492,233,155,244,241,266,0.005714554,0.000493409,0.008413132,0.000474273,0.018849546,0.001608066,0.064711182
3015,3015,3015,6.4,YMN001,308.7130412,311.4237335,41,138.9198,35.7895,137.292,33.358,2.868,1.5,2.353235689,08:29:00,08:30:57,1215,810,405,235,-4.325057735,0.932085116,0.303779391,3.852608042,1.481763039,0.000129169,0.000920848,4.525321689,16.46061566,0.594270788,0.048449521,0.017055529,0.326598195,262,19,170,268,299,0.01677979,0.001144149,0.019772157,0.001344999,0.010669693,0.000534517,0.148345954
3016,3016,3016,6.4,YMN002,293.0624436,295.9165352,41,138.947,35.6132,137.292,33.358,5.62,1.5,3.206954886,08:29:00,08:30:24,362,242,158,98,-8.276036029,0.433103778,0.042299915,0.656533928,0.310801295,4.65E-06,1.78E-05,0.111674894,0.097154406,0.151030365,0.004664238,0.002588493,0.067665709,274,2,4,289,299,0.000981846,4.20E-05,0.001473859,4.74E-05,0.001249289,5.50E-05,0.068930607
3017,3017,3017,6.4,YMN003,272.659832,275.7251965,41,138.813,35.4648,137.292,33.358,5.475,1.5,3.199469078,08:29:00,08:30:24,491,327,199,115,-8.124176187,0.687553919,0.088530241,1.36957789,0.646107241,2.02E-05,7.80E-05,0.504571686,2.037874321,0.273484483,0.008251776,0.005505543,0.075408544,5,3,23,296,299,0.0010425,6.92E-05,0.002174483,0.000141805,0.001083655,5.28E-05,0.109427605
3018,3018,3018,6.4,YMN004,291.8871652,294.7526373,41,138.7266,35.702,137.292,33.358,7.778,1.5,3.213664057,08:29:00,08:30:24,630,420,210,131,-6.279294179,0.377474754,0.12542711,1.945744035,0.922110071,4.10E-05,0.000156693,0.968773023,3.5624055,58.04933099,0.012103566,0.007764041,0.201467638,5,10,2,298,299,0.002420561,0.000105282,0.002664596,0.000198457,0.010703783,0.000790254,0.060076973
3019,3019,3019,6.4,YMN005,280.8648076,283.8415758,41,138.5677,35.6548,137.292,33.358,7.011,1.5,3.187121829,08:29:00,08:30:30,258,172,128,92,-6.946598164,0.701019704,0.124269402,1.922816174,0.903577241,3.95E-05,0.000153694,0.967596325,0.182314238,3.747438316,0.012120335,0.007690955,0.108633621,205,109,5,299,299,0.002030298,0.000119561,0.002420238,7.20E-05,0.003732908,0.000191776,0.111570751
3020,3020,3020,6.4,YMN006,263.8432899,267.0098905,41,138.6069,35.4684,137.292,33.358,3.769,1.5,3.121781257,08:29:00,08:30:45,730,487,243,149,-2.787152567,0.895029857,0.944075787,14.21447799,6.700169805,0.002189669,0.008870197,60.09973681,9.503545616,250.6608891,0.099714645,0.059322216,0.700005244,230,186,4,284,299,0.018956809,0.001200148,0.022728255,0.001381061,0.034743797,0.002137832,0.142448426
3021,3021,3021,6.4,YMN007,239.2323613,242.7202561,41,138.4649,35.2791,137.292,33.358,6.898,1.5,3.186619959,08:29:00,08:30:39,547,365,266,186,-1.382757509,1.000997903,2.625583674,40.8030693,19.1229319,0.017665312,0.068678453,458.542466,221.8184139,473.940914,0.250127148,0.162913606,1.570028486,40,27,2,277,299,0.038767392,0.002400826,0.030259199,0.001874424,0.038165732,0.002369109,0.159313764
3022,3022,3022,6.4,YMN008,249.5792908,252.924539,41,138.3321,35.432,137.292,33.358,3.171,1.5,2.202121034,08:29:00,08:30:42,683,455,228,138,-3.932952234,0.236232481,0.153255293,2.039723071,0.821813765,2.88E-05,0.000234861,0.833778705,1.316425445,4.999936339,0.032968383,0.005106433,0.876875427,56,121,29,51,263,0.021080866,0.000834156,0.026565437,0.000849003,0.017941339,0.000786141,0.037597567
3023,3023,3023,6.4,YMN009,260.9027927,264.1046521,41,138.4627,35.4965,137.292,33.358,6.749,1.5,2.936079387,08:29:00,08:30:27,374,249,139,78,-8.672298817,0.162063799,0.016876063,0.250345258,0.112773665,6.20E-07,2.84E-06,0.016855399,0.407229546,0.742918997,0.002482748,0.00096365,0.096255696,46,37,44,44,299,0.001654962,3.94E-05,0.001744829,7.77E-05,0.002504607,9.90E-05,0.025793255
3024,3024,3024,6.4,YMN010,289.3175939,292.208265,41,138.4096,35.7918,137.292,33.358,3.807,1.5,2.949835351,08:29:00,08:30:53,971,647,363,273,-3.049628673,0.765346084,0.868718182,12.88964758,5.852072033,0.001650731,0.007489287,54.09418117,4.512507865,5.882789044,0.107169168,0.05395405,0.879816019,26,73,108,299,299,0.025393371,0.002064736,0.0307481,0.001709489,0.030378473,0.001247846,0.121808612
3337,3337,3337,6.1,CHB016,158.3793831,158.9969464,14,140.3869,35.3004,139.25,34.225,6.287,1.5,3.092852226,03:57:00,03:58:32,209,140,106,71,-2.492774671,0.677187845,1.238241486,18.94484144,8.658311324,0.003706777,0.015298114,77.83579691,11.1261556,403.7962578,0.116261127,0.069246695,1.078711335,34,268,20,72,299,0.042832538,0.003256179,0.057105041,0.002883196,0.044839071,0.002856677,0.107777793
3338,3338,3338,6.1,CHB017,141.2187798,141.9110418,14,140.0755,35.2988,139.25,34.225,5.119,1.5,3.274070281,03:57:00,03:58:30,318,212,154,99,-2.528392568,0.661738264,1.385297551,21.06071716,10.2740818,0.005205713,0.019171848,90.75637328,246.8845948,28.22841053,0.143860206,0.078666369,1.365948415,177,145,104,233,284,0.036905821,0.002921701,0.091526893,0.00551529,0.07460643,0.005366155,0.105318916
3339,3339,3339,6.1,CHB018,142.7064537,143.3915336,14,140.3222,35.1577,139.25,34.225,2.653,1.5,3.194092981,03:57:00,03:58:28,399,266,148,80,-3.498607512,0.501366586,0.672855298,10.6616063,4.9135361,0.001167193,0.004516553,14.57159495,1863.931398,413.7624839,0.06516318,0.034829915,0.816632676,119,9,9,224,299,0.025776645,0.000969501,0.077922215,0.005000733,0.044204965,0.002314311,0.07979497
3340,3340,3340,6.1,CHB019,112.0630174,112.9341395,14,139.8351,35.1105,139.25,34.225,7.594,1.5,3.110453594,03:57:00,03:58:23,205,136,103,76,-0.376861649,1.313136924,4.573182732,69.45467641,31.87381076,0.051105201,0.208534247,1080.826728,98.44983515,16.96825347,0.47848897,0.277694785,2.289505997,17,152,257,276,299,0.076912712,0.005575482,0.092398334,0.005683137,0.072017802,0.004132097,0.208992232
3341,3341,3341,6.1,CHB021,96.39629925,97.40763065,14,139.8979,34.9083,139.25,34.225,2.934,1.5,2.820539965,03:57:00,03:58:18,1208,805,403,280,-3.950120132,0.486515411,0.413323948,6.390652914,2.708944359,0.000344078,0.001707467,17.39467121,27.03300681,0.562595501,0.047001896,0.021916874,0.607013916,255,262,230,104,292,0.021447072,0.001434888,0.032185752,0.001263337,0.014514051,0.000639324,0.077431333
3342,3342,3342,6.1,CHB022,132.7119715,133.4483698,14,139.8598,35.3083,139.25,34.225,6.346,0.75,1.828764732,03:57:00,03:58:29,404,269,198,130,-3.215614428,0.663942697,0.584295018,8.075828972,2.294665347,0.000289208,0.003413926,22.02846624,423.8999996,30.95824774,0.075896063,0.018821397,0.718238229,149,12,269,87,100,0.052611702,0.00436644,0.049807574,0.003002332,0.051473586,0.002268192,0.105669762
3343,3343,3343,6.1,KNG001,150.8620796,151.510287,14,139.7062,35.5291,139.25,34.225,2.218,1.5,2.393605546,03:57:00,03:58:33,182,121,94,65,-2.362454819,0.616449457,0.82451159,11.52902599,4.396679853,0.000982257,0.006768298,49.34796136,78.90887254,14.67039937,0.108333999,0.047667257,1.104198543,46,239,28,50,299,0.047744898,0.002505909,0.070671547,0.005320818,0.04639782,0.004615839,0.098110978
3344,3344,3344,6.1,KNG002,139.2615937,139.9635362,14,139.634,35.4371,139.25,34.225,4.002,1.5,3.095545243,03:57:00,03:58:33,149,100,56,30,-1.536021375,1.217475681,2.732291917,41.55907315,19.2408109,0.018063027,0.074417652,362.3373928,19.79217914,40.20389392,0.283940481,0.162287564,1.465368621,117,199,9,281,299,0.076970471,0.005207056,0.07842541,0.007175452,0.07283663,0.00642345,0.193767273
3345,3345,3345,6.1,KNG005,124.7183495,125.5016601,14,139.549,35.3194,139.25,34.225,13.346,1.5,3.13805289,03:57:00,03:58:09,512,341,211,124,-6.376217482,0.324937727,0.126659795,1.939489971,0.899776401,3.98E-05,0.000159615,0.955169273,3.141270136,0.003627713,0.01274195,0.007824922,0.246385773,23,18,69,299,299,0.002794936,0.000120727,0.002644444,0.000194418,0.001252999,6.71E-05,0.051715445
3346,3346,3346,6.1,KNG010,123.8219241,124.6108698,14,139.3504,35.3355,139.25,34.225,2.074,1.5,2.824741947,03:57:00,03:58:29,297,198,140,95,-3.357441357,0.824869501,0.776038974,10.95272368,4.892316072,0.001210918,0.005991244,63.85249116,13.266343,103.8787701,0.08592023,0.043725094,0.654470469,25,35,56,43,299,0.028968853,0.002566669,0.040275386,0.003004651,0.03900202,0.002967109,0.131282059
3347,3347,3347,6.1,SZO003,68.08938645,69.51377235,14,139.0546,34.8158,139.25,34.225,15.485,1.5,3.086876539,03:57:00,03:57:59,473,316,158,102,-8.689161624,0.695009112,0.048455235,0.727505838,0.334924381,5.64E-06,2.34E-05,0.140929621,0.356632464,0.700959429,0.004866219,0.003056469,0.04399274,27,5,64,293,299,0.000881929,4.10E-05,0.002470392,9.70E-05,0.001709038,9.19E-05,0.110614136
3348,3348,3348,6.1,SZO004,61.32108253,62.89892816,14,138.8194,34.6469,139.25,34.225,4.328,0.75,1.143937564,03:57:00,03:57:57,733,488,244,168,-1.858560389,0.388948982,0.914716613,12.40145989,2.418597813,0.000275526,0.008312233,43.27524244,11.99472014,14.71974412,0.148340046,0.020590674,2.396324556,30,257,181,287,250,0.000539623,2.94E-05,0.000506943,4.04E-05,0.000581438,2.69E-05,0.061903153
3349,3349,3349,6.1,SZO005,72.76706233,74.1015881,14,138.7841,34.7549,139.25,34.225,6.859,0.010309278,0.713428059,03:57:00,03:58:09,284,189,161,124,-1.328183292,0.223555957,0.555992803,7.02560718,0.894577698,3.98E-05,0.003086527,7.328516105,6.569789755,4.90171391,0.125376894,0.007202684,3.523798994,56,81,211,60,195,0.000476086,3.84E-05,0.000927975,5.48E-05,0.000634321,3.72E-05,0.035580036
3350,3350,3350,6.1,SZO008,103.0313164,103.978133,14,138.8657,35.096,139.25,34.225,2.355,1.5,3.217850623,03:57:00,03:58:07,303,202,142,95,-6.858922423,0.480340779,0.114509316,1.777437348,0.842601569,3.42E-05,0.000130578,0.796806149,2.050049256,5.788501197,0.010826594,0.007080652,0.141619237,67,55,48,283,299,0.001873997,0.000122084,0.003048089,0.000131194,0.003578423,0.000234078,0.076448609
3351,3351,3351,6.1,SZO013,115.0972635,115.9455909,14,138.476,35.041,139.25,34.225,5.453,1.5,2.664133429,03:57:00,03:58:11,169,113,90,65,-9.024148616,0.218030231,0.018669538,0.262536288,0.108716074,6.24E-07,3.47E-06,0.020748012,1.085586868,1.141103376,0.002926544,0.001057627,0.084337011,104,244,239,287,292,0.001634463,4.23E-05,0.002194445,0.000117242,0.001946512,0.000116062,0.034700589
3352,3352,3352,6.1,SZO016,111.0158605,111.8951352,14,138.3113,34.8566,139.25,34.225,5.527,0.75,0.978855064,03:57:00,03:58:08,290,193,154,109,-0.037744581,0.31955554,1.893881237,21.67633971,2.990480193,0.000861185,0.03548291,82.89817246,6.987599941,1.288770513,0.280410562,0.053690947,5.513506422,295,267,269,275,292,0.000429543,2.44E-05,0.000671149,5.03E-05,0.001141689,6.59E-05,0.050858844
3353,3353,3353,6.1,SZO017,112.6491807,113.5158046,14,138.1281,34.6374,139.25,34.225,2.246,1,1.536887401,03:57:00,03:58:33,435,290,219,147,-3.774645407,0.84687273,0.396939354,4.922177752,1.326148985,9.42E-05,0.001575219,3.860292697,474.119742,279.0745702,0.07043974,0.014426514,0.522612108,44,59,211,141,157,0.04355559,0.003595804,0.092218716,0.008728629,0.10921452,0.010237674,0.134783981
3354,3354,3354,6.1,SZO018,110.1072884,110.9937609,14,138.2241,34.7402,139.25,34.225,8.081,0.010067114,0.946655905,03:57:00,03:58:21,495,330,396,1133,-0.45284709,0.792850288,1.796200255,19.77567596,3.282263156,0.000732123,0.032252206,69.0473217,21.33883944,77.14292924,0.334662552,0.039530177,2.652136045,242,257,257,233,247,0.21896849,0.015337391,0.076893013,0.006542743,0.09682885,0.006651699,0.126186043
3355,3355,3355,6.1,TKY005,151.2248429,151.871502,14,139.4156,35.5782,139.25,34.225,2.671,1.5,2.104890765,03:57:00,03:58:35,371,247,170,113,-2.618495618,1.426230847,0.994336918,12.39828236,4.029937854,0.001105023,0.009846272,37.51294135,22.49744768,60.80050529,0.138688873,0.054844212,0.610986565,267,125,226,279,299,0.029863227,0.002305279,0.059479064,0.004581181,0.037287184,0.002833117,0.226991689
3356,3356,3356,6.1,TKY008,63.61533947,65.1376344,14,139.3909,34.7852,139.25,34.225,13.151,1.5,3.173176482,03:57:00,03:57:59,506,337,246,160,-8.934916073,0.605647025,0.042129239,0.651683812,0.303109981,4.51E-06,1.77E-05,0.096273227,0.001709513,0.119485477,0.003923691,0.002517048,0.040705691,286,164,275,264,299,0.000726965,3.77E-05,0.000811669,4.16E-05,0.001171409,3.95E-05,0.096391718
3357,3357,3357,6.1,TKY009,54.32287421,56.09790248,14,139.4412,34.6874,139.25,34.225,8.03,3,2.55449171,03:57:00,03:57:58,403,269,232,182,-8.584620468,0.252756558,0.03117649,0.428106388,0.157825549,1.60E-06,9.68E-06,0.064651647,0.288276661,0.179909996,0.003754277,0.001489879,0.093326242,40,245,40,281,286,0.001761357,6.64E-05,0.00124117,6.63E-05,0.001134053,7.44E-05,0.040227456
3359,3359,3359,6.1,TKY011,28.28047079,31.55606167,14,139.5315,34.1228,139.25,34.225,36.349,1.5,2.600402174,03:57:00,03:57:56,688,459,229,139,-10.58435074,0.191344952,0.009775108,0.144979054,0.053649535,1.63E-07,9.51E-07,0.002579355,0.002940626,0.243039857,0.001173535,0.000486947,0.038535321,21,0,90,294,299,0.000899485,5.65E-05,0.001073338,7.83E-05,0.002618538,0.000198921,0.030453495
3360,3360,3360,6.1,TKY012,133.0100202,133.7447774,14,139.789,33.1161,139.25,34.225,6.635,0.230769231,1.049071983,03:57:00,03:58:20,668,445,261,146,-3.780421597,0.175250826,0.216120727,2.872614197,0.450371285,1.30E-05,0.000466087,1.316676974,0.462619732,0.35768901,0.03301856,0.004679643,1.18379888,221,299,298,218,247,0.016352895,0.000856268,0.004935945,0.000184555,0.005290801,0.00017955,0.027892035
3657,3657,3657,6.2,AIC010,204.6661358,204.8639234,9,137.4236,34.976,139.352,34.047,1.682,1.5,3.180430044,17:57:00,17:58:30,396,264,170,104,-5.052938228,0.908086379,0.355561842,5.620288414,2.599864253,0.000323306,0.001261835,6.589512549,44.40821924,50.69792971,0.03722728,0.019640116,0.257581114,141,24,28,90,296,0.010017042,0.000631569,0.031528598,0.002299066,0.028382666,0.002653786,0.144526436
3658,3658,3658,6.2,CHB012,191.8494272,192.0604142,9,140.3333,35.5727,139.352,34.047,1.677,1,1.848033969,17:57:00,17:58:31,332,221,145,86,-5.669322603,0.521727881,0.143325667,1.97621428,0.622606666,1.78E-05,0.000205187,0.47826143,49.58329898,10.6648109,0.022291393,0.005343405,0.268455943,170,85,137,146,173,0.011566577,0.001132642,0.039859078,0.003193674,0.035787752,0.002260908,0.083035571
3659,3659,3659,6.2,CHB014,171.26739,171.5036993,9,140.0489,35.4769,139.352,34.047,2.994,1.5,2.629351777,17:57:00,17:58:22,215,143,86,48,-4.056756379,0.847936822,0.470547149,6.857423792,2.693984469,0.000387269,0.002211437,8.952499825,4.964775965,12.99851568,0.056853909,0.024442264,0.421285684,210,125,228,251,298,0.01601603,0.001312195,0.021503622,0.001801205,0.036111357,0.003359369,0.134953337
3660,3660,3660,6.2,CHB015,156.2774061,156.5363461,9,139.9159,35.3738,139.352,34.047,3.65,1.5,2.743357271,17:57:00,17:58:21,191,127,73,39,-3.791057318,0.598815781,0.512444456,7.464936574,3.087392612,0.000498703,0.002615996,13.76570804,379.3499578,132.115934,0.055336702,0.029196476,0.580630579,249,36,121,278,299,0.020727932,0.001650011,0.052795363,0.003435666,0.076640311,0.007323231,0.095304492
3661,3661,3661,6.2,CHB016,168.4076316,168.647948,9,140.3867,35.2999,139.352,34.047,2.866,0.01,1.827669801,17:57:00,17:58:17,209,140,106,71,-4.100014521,0.670520506,0.313976843,4.189455843,1.318094482,8.34E-05,0.000985801,2.15295581,10.30287613,3.784305353,0.053247768,0.010337694,0.498963996,210,39,287,98,131,0.024930668,0.002177993,0.013346268,0.001094029,0.013538608,0.001041462,0.106716653
3662,3662,3662,6.2,CHB017,154.1167863,154.3793504,9,140.0755,35.2988,139.352,34.047,3.731,1.5,1.802534057,17:57:00,17:58:05,318,212,154,99,-5.845912567,0.257674486,0.121161101,1.740723788,0.504803564,1.20E-05,0.000146362,0.753856919,1.053055702,10.97828614,0.016080578,0.004331801,0.392111969,167,221,296,72,299,0.011992273,0.000832836,0.011256914,0.000767034,0.013870352,0.000701555,0.041010168
3663,3663,3663,6.2,CHB018,152.1111637,152.3771837,9,140.3222,35.1577,139.352,34.047,2.015,1.5,3.070389634,17:57:00,17:58:16,399,266,148,80,-2.987770071,0.830310961,0.929005292,13.67856992,6.408841499,0.002051312,0.008590224,61.05240171,7.153139023,10.41933394,0.091985394,0.058137305,0.6960781,49,240,294,280,299,0.026536866,0.001901356,0.02763279,0.001481683,0.034005331,0.001523056,0.132148094
3664,3664,3664,6.2,CHB019,126.2556119,126.5759832,9,139.8351,35.1105,139.352,34.047,10.043,1.5,3.183959193,17:57:00,17:57:58,205,136,103,76,-4.571024999,1.473678536,0.654858417,10.09184338,4.739879954,0.001096615,0.004270501,28.14474819,14.05122707,13.03176562,0.061087474,0.040204513,0.260452947,7,173,266,285,299,0.009370839,0.000572308,0.011465015,0.000836455,0.021900387,0.001554308,0.234543224
3665,3665,3665,6.2,CHB020,137.2328733,137.5276755,9,140.1022,35.1155,139.352,34.047,5.235,1.5,2.980000085,17:57:00,17:58:01,230,154,137,112,-5.455669664,1.425133378,0.301587043,4.518626093,2.033214784,0.000203119,0.00090298,6.360750932,0.67368027,3.979767383,0.036241842,0.019193482,0.159784491,276,129,165,299,299,0.006868241,0.000492679,0.015005588,0.001307897,0.01444262,0.000876207,0.226817022
3666,3666,3666,6.2,CHB021,108.055952,108.4301101,9,139.8979,34.9083,139.352,34.047,2.974,1.5,2.79534667,17:57:00,17:58:07,1208,805,403,280,-3.859555988,0.633568159,0.482215243,6.813954046,3.004931009,0.000459987,0.002323987,7.589511917,232.7963153,17.75924177,0.05771153,0.026050228,0.572333427,84,26,203,270,294,0.024952586,0.002101239,0.032325298,0.001474693,0.028532318,0.001347081,0.100835504
3667,3667,3667,6.2,CHB022,147.7365028,148.0103857,9,139.8598,35.3083,139.352,34.047,3.708,0.01,1.444273116,17:57:00,17:58:17,404,269,198,130,-4.479623436,0.32982215,0.196921118,2.91128785,0.651844537,2.04E-05,0.000386082,0.825435254,20.61233878,13.06440368,0.028362532,0.005354182,0.540312533,275,138,152,271,197,0.019054185,0.001687015,0.057702356,0.003118769,0.083869862,0.005186799,0.052492826
3668,3668,3668,6.2,KNG002,156.704735,156.9629701,9,139.634,35.4371,139.352,34.047,3.171,1.5,2.1850354,17:57:00,17:58:20,149,100,56,30,-3.389740246,0.813922378,0.633465032,8.56295511,2.899750394,0.000484723,0.004008078,17.03715974,18.79897265,27.12729153,0.088628768,0.035305286,0.68418192,163,172,169,266,297,0.033271131,0.002846413,0.063744724,0.005079072,0.06770513,0.00651713,0.12953977
3669,3669,3669,6.2,KNG004,124.4663434,124.7913083,9,139.6218,35.1441,139.352,34.047,3.519,1.5,3.196694741,17:57:00,17:58:10,406,271,135,84,-3.271174419,0.410485379,0.620640485,9.530094451,4.645032958,0.000992537,0.003834461,32.741009,3.871310159,127.1246792,0.062341217,0.03439354,0.954239635,71,196,211,103,299,0.03249386,0.00235681,0.028705378,0.001462255,0.034031256,0.001739615,0.065330777
3670,3670,3670,6.2,KNG005,142.5721961,142.8559802,9,139.5462,35.3192,139.352,34.047,3.29,1.5,2.38125227,17:57:00,17:58:16,512,341,211,124,-3.180032059,0.65269135,0.805160003,11.01866305,4.306594806,0.000926509,0.006450574,29.09720106,17.01965527,14.50420661,0.092464066,0.038258933,0.890112698,105,64,66,216,299,0.042149051,0.00331408,0.088250303,0.006356173,0.051376673,0.004582368,0.103879055
3671,3671,3671,6.2,KNG009,155.163984,155.424779,9,139.3618,35.4424,139.352,34.047,7.513,1.5,3.089590825,17:57:00,17:58:19,182,122,107,87,-1.718110657,1.09491036,2.166955199,32.29881036,15.1318362,0.011302144,0.046743221,278.4713785,16.38824533,27.46052993,0.227194136,0.134960846,1.303762307,214,106,106,294,299,0.042691567,0.003459671,0.054850452,0.00420451,0.097026006,0.008644618,0.174260396
3672,3672,3672,6.2,KNG012,148.7657313,149.0377227,9,139.2048,35.3794,139.352,34.047,2.359,0.01,1.923490952,17:57:00,17:58:17,556,371,263,166,-3.777798568,0.597126789,0.432855442,6.210867764,1.935246686,0.000175265,0.001870147,7.020890154,26.26096638,198.9893053,0.058163396,0.014967672,0.612016414,72,272,22,83,131,0.038995022,0.002496806,0.042856988,0.002949124,0.058924624,0.005011985,0.09503568
3673,3673,3673,6.2,KNG013,136.5660127,136.8622512,9,139.152,35.2641,139.352,34.047,5.072,1.5,2.02637095,17:57:00,17:58:15,116,77,46,25,-2.673720075,0.35994764,0.657733664,8.681972754,3.06919248,0.000447961,0.004306876,14.36705873,8.848976072,331.0527945,0.092789387,0.0241329,1.619715884,179,58,178,193,237,0.061044355,0.005122766,0.081072678,0.007788062,0.10576171,0.010027574,0.057287446
3674,3674,3674,6.2,NGN015,249.2496995,249.4121343,9,138.1116,36.0454,139.352,34.047,2.446,1.5,2.828683589,17:57:00,17:58:50,282,188,173,162,-4.394978805,0.923925998,0.598067206,9.290632176,4.099613852,0.000724427,0.003574255,14.79514751,38.59428688,538.9427323,0.061081548,0.025408898,0.415386824,133,94,32,109,277,0.033221526,0.003104049,0.055394335,0.00512924,0.068179,0.007828749,0.14704739
3675,3675,3675,6.2,SIT010,208.5191539,208.7132903,9,139.6481,35.9065,139.352,34.047,2.375,1.5,2.60776823,17:57:00,17:58:32,199,133,113,88,-5.785253874,0.612863772,0.20545,3.040140944,1.24268828,7.25E-05,0.000420903,2.73321068,5.876332666,61.11343664,0.024620461,0.00795883,0.252413223,224,254,22,78,121,0.011982012,0.00089629,0.051757871,0.004229807,0.048954257,0.004238368,0.097540299
3676,3676,3676,6.2,SZO001,124.3304686,124.6557877,9,139.0795,35.1424,139.352,34.047,2.923,1.5,3.031118383,17:57:00,17:58:10,889,592,296,186,-4.446623676,0.309562274,0.258914997,3.952431266,1.86639524,0.000155689,0.000668978,2.893757595,13.10177724,45.65092867,0.028536316,0.012232292,0.579201586,292,172,237,204,299,0.012314875,0.000519131,0.014416005,0.000748339,0.019602351,0.000853153,0.049268366
3677,3677,3677,6.2,SZO002,104.6154084,105.001827,9,139.1031,34.9652,139.352,34.047,3.806,1.5,3.080643729,17:57:00,17:58:06,541,361,204,151,-2.84124116,0.490679814,0.771018352,10.89923053,5.253013341,0.001422852,0.005918837,31.9173196,191.015464,47.98143859,0.08244537,0.044815483,1.055718053,271,231,54,236,299,0.03066444,0.001825984,0.041353019,0.003400559,0.071955995,0.005318862,0.078094118
3678,3678,3678,6.2,SZO003,89.73242229,90.18263475,9,139.0546,34.8158,139.352,34.047,8.775,1.5,3.346825467,17:57:00,17:57:45,473,316,158,102,-10.49986666,0.147494024,0.009630989,0.149195487,0.077719908,2.63E-07,9.26E-07,0.006060382,0.118775043,0.030970669,0.001112998,0.0004749,0.047413282,21,209,110,61,298,0.000444369,1.20E-05,0.000990551,3.60E-05,0.000635983,2.57E-05,0.023474403
3679,3679,3679,6.2,SZO004,82.70699253,83.19523192,9,138.8194,34.6469,139.352,34.047,2.725,1.5,2.914878248,17:57:00,17:57:50,733,488,244,168,-5.198159493,0.635694198,0.201387095,2.848064358,1.308956593,8.71E-05,0.000404771,1.413076517,9.984440413,1.185264928,0.027503193,0.010221633,0.271840859,200,22,70,232,257,0.007790472,0.000402333,0.008946165,0.000489251,0.009635606,0.000489695,0.101173874
3680,3680,3680,6.2,SZO005,94.39651477,94.82458542,9,138.7841,34.7549,139.352,34.047,2.444,1.5,3.110763724,17:57:00,17:57:54,284,189,161,124,-5.040509537,0.98117117,0.379174547,5.860545376,2.686530379,0.000350664,0.001430597,9.556885251,0.305990101,8.467134944,0.038104071,0.023494864,0.244009352,16,29,236,298,299,0.007979249,0.000610184,0.0120005,0.000908251,0.012979152,0.00089922,0.156158242
3681,3681,3681,6.2,SZO007,109.890238,110.2581717,9,138.9466,34.9771,139.352,34.047,1.573,1.5,2.598332843,17:57:00,17:58:14,933,622,311,244,-4.255329325,1.354089096,0.560950791,8.246490539,3.173531884,0.000533912,0.003122053,12.28449828,43.94093805,33.09606344,0.070150008,0.030699725,0.325507016,80,5,32,299,299,0.019103532,0.001521191,0.02134028,0.001107309,0.014293236,0.000966202,0.215509973
3682,3682,3682,6.2,SZO008,124.8522877,125.1762507,9,138.8657,35.096,139.352,34.047,1.824,1,2.168190195,17:57:00,17:58:12,303,202,142,95,-3.192852925,0.766397168,0.773415906,10.87130581,3.317976925,0.000712288,0.005981643,18.58585601,43.47482167,40.83091275,0.099417631,0.035782683,0.815059642,9,101,45,236,288,0.047234954,0.004598849,0.069361676,0.006393187,0.048539535,0.002680038,0.121975898
3683,3683,3683,6.2,SZO010,145.4291323,145.7073523,9,138.9349,35.3091,139.352,34.047,1.279,1.5,2.999186958,17:57:00,17:58:18,378,252,186,123,-3.139973999,1.145084909,0.980019634,15.34595057,6.741937066,0.00218292,0.009580553,41.96516797,3.761953342,12.65822171,0.09928118,0.049607149,0.544764885,80,133,144,90,299,0.020610164,0.001243624,0.018909843,0.001682974,0.032730131,0.003072534,0.182245924
3684,3684,3684,6.2,SZO011,146.6893157,146.9651501,9,138.6016,35.2128,139.352,34.047,1.944,1.5,3.210561671,17:57:00,17:58:00,375,250,160,97,-4.558928851,0.745920162,0.434895351,6.527055798,3.149818173,0.000492366,0.001885756,8.892178193,15.78222833,5.821679607,0.047217701,0.025556324,0.39773367,10,88,11,272,299,0.01502086,0.000917019,0.018217461,0.001189875,0.021496561,0.001041645,0.118716881
3685,3685,3685,6.2,SZO016,131.1846183,131.4929811,9,138.3113,34.8566,139.352,34.047,2.352,1.5,2.756308762,17:57:00,17:58:13,290,193,154,109,-3.76500734,1.01563867,0.727928232,11.13978103,4.545467039,0.001017447,0.005287081,33.63284911,27.40708412,4.685410971,0.077238981,0.040443734,0.477834139,80,150,292,227,299,0.025512925,0.001839332,0.096728027,0.008519155,0.034445053,0.002822138,0.161643915
3686,3686,3686,6.2,SZO017,130.1387521,130.4495872,9,138.1281,34.6374,139.352,34.047,2.429,0.010033445,1.39592532,17:57:00,17:58:15,435,290,219,147,-4.630443154,0.698230133,0.33950936,4.848389173,0.991444542,5.66E-05,0.001146149,3.030758901,47.5014685,15.03466533,0.045328166,0.01375613,0.407895982,48,136,131,283,299,0.017080105,0.001358647,0.02871715,0.002679453,0.022778818,0.002148097,0.111126777
3687,3687,3687,6.2,SZO018,129.0400449,129.3535202,9,138.2241,34.7402,139.352,34.047,5.614,1.5,2.164328752,17:57:00,17:58:06,495,330,396,1133,-6.512815214,0.808808549,0.130545243,1.8113741,0.594809872,2.01E-05,0.000169533,0.508580026,33.98142505,24.66133733,0.017869546,0.005772144,0.1388186,261,17,31,245,299,0.007990285,0.000622954,0.013033567,0.001044865,0.011335873,0.000911051,0.128725879
3688,3688,3688,6.2,SZO023,168.1428736,168.383568,9,137.8164,34.8738,139.352,34.047,3.315,1.5,2.953011167,17:57:00,17:58:20,367,244,239,229,-5.340162211,0.839987855,0.242205334,3.414973188,1.622166141,0.000129239,0.000585093,3.59405738,14.3667118,2.486128605,0.029160458,0.013643467,0.218122868,284,258,67,278,287,0.009015132,0.000712849,0.031355355,0.002070306,0.015690845,0.001054573,0.133688219
3689,3689,3689,6.2,SZO025,183.0335585,183.2546958,9,137.5314,34.7194,139.352,34.047,2.321,1.5,1.50583546,17:57:00,17:58:23,250,167,142,118,-6.548532474,0.372885846,0.094342372,1.402346808,0.322405948,5.11E-06,8.89E-05,0.197607482,1.191010123,17.38576082,0.011813227,0.003237536,0.199054745,16,273,181,159,298,0.009903731,0.000605987,0.035400748,0.002854617,0.040523501,0.003190993,0.059346626
3690,3690,3690,6.2,TKY003,194.6478158,194.8557728,9,139.2912,35.7968,139.352,34.047,2.335,1.5,3.251329567,17:57:00,17:58:28,276,184,111,62,-4.353748102,1.031091366,0.600364714,9.320395964,4.549659688,0.000963373,0.003597762,15.69171261,284.1851581,320.9846035,0.05953155,0.032040639,0.362768786,29,49,128,57,279,0.016675908,0.001535911,0.081449112,0.006522039,0.113092572,0.011054641,0.164103288
3691,3691,3691,6.2,TKY005,170.3606315,170.5981969,9,139.4156,35.5782,139.352,34.047,1.724,1.5,2.915114743,17:57:00,17:58:25,371,247,170,113,-3.741818417,0.783422591,0.379582849,5.136246024,2.632230674,0.000310145,0.001440831,8.194866476,4.95224355,15.36704447,0.061291614,0.016329287,0.491569396,199,234,296,204,226,0.023267274,0.001980331,0.037128207,0.002938079,0.038868897,0.002345797,0.124685578
3692,3692,3692,6.2,TKY008,82.16161611,82.65307715,9,139.3909,34.7852,139.352,34.047,4.584,1,1.195315466,17:57:00,17:57:43,506,337,246,160,-4.59524789,0.182502252,0.122580139,1.67054851,0.360130222,5.44E-06,0.000150244,0.341668327,0.288218274,0.185203149,0.022369696,0.002660597,0.77014361,203,197,188,199,281,0.000276119,1.53E-05,0.000657285,4.88E-05,0.000534778,4.58E-05,0.029046136
3693,3693,3693,6.2,TKY009,71.6783273,72.24114205,9,139.4412,34.6874,139.352,34.047,8.612,1.5,3.318850319,17:57:00,17:57:42,403,269,232,182,-9.158448855,0.6059026,0.04129138,0.660379267,0.317429737,4.76E-06,1.70E-05,0.0771557,0.196529541,0.072868975,0.003512846,0.002195198,0.036428068,30,29,53,82,278,0.00058051,4.35E-05,0.00069484,5.32E-05,0.00095651,7.56E-05,0.096432394
3694,3694,3694,6.2,TKY010,37.81080253,38.86716851,9,139.2573,34.3779,139.352,34.047,32.979,3,2.330933627,17:57:00,17:57:27,381,254,195,147,-9.456190081,0.478013304,0.023183402,0.334382984,0.116753642,7.40E-07,5.37E-06,0.158896586,0.987264143,0.279452488,0.002669342,0.000916502,0.035086833,103,280,111,88,130,0.000716456,3.52E-05,0.00205241,0.000162495,0.00138177,7.79E-05,0.07607818
3695,3695,3695,6.2,TKY012,111.1349485,111.4987747,9,139.7987,33.1194,139.352,34.047,3.203,1,1.490426643,17:57:00,17:58:06,668,445,261,146,-4.991704514,0.440777139,0.202974175,2.796290151,0.737975038,2.31E-05,0.000410319,3.994317642,0.328415338,4.299414782,0.02781881,0.004228135,0.396551285,288,213,295,251,115,0.017043919,0.000874965,0.00750218,0.000475128,0.008057617,0.000501137,0.070151861
3697,3697,3697,6.2,YMN005,192.5699293,192.7801278,9,138.5677,35.6548,139.352,34.047,2.076,1,1.912263757,17:57:00,17:58:33,258,172,128,92,-4.853487586,0.980278195,0.347880713,4.630033562,1.25886573,0.00011204,0.001209588,2.736476557,16.76964578,34.18323098,0.047052855,0.015469269,0.301589698,220,245,19,251,284,0.019345021,0.001526302,0.049507064,0.004807001,0.030635854,0.002277897,0.15601612
3698,3698,3698,6.2,YMN009,180.4856603,180.7099155,9,138.4627,35.4965,139.352,34.047,1.608,1.5,2.82766318,17:57:00,17:58:31,374,249,139,78,-4.354195252,1.244046626,0.420244551,5.733413583,2.721526423,0.000357681,0.001766041,5.298714613,32.72611369,52.49841711,0.060705876,0.022589384,0.306601262,239,245,266,254,274,0.023059967,0.001597134,0.04152961,0.00240922,0.033928721,0.00300881,0.19799617
3699,3699,3699,4.5,CHB002,89.91993323,92.81483928,23,139.9031,35.7868,138.997,35.453,3.639,1.5,2.384003631,12:25:00,12:25:47,448,299,201,128,-5.012855328,0.137300818,0.090917203,1.268716561,0.520698926,1.19E-05,8.27E-05,0.30218661,81.90203193,15.87607395,0.015231395,0.003706472,0.697021887,228,42,59,243,279,0.011909819,0.000398629,0.019756782,0.000983966,0.012388485,0.000529186,0.021852104
3700,3700,3700,4.5,CHB014,95.30193149,98.03804438,23,140.0489,35.4769,138.997,35.453,5.977,1.5,2.48839693,12:25:00,12:25:49,215,143,86,48,-2.740227455,0.304201262,0.329378203,4.552971711,1.898665354,0.000169567,0.001081093,4.941139917,32.32901665,1.148173413,0.06779127,0.014314696,1.400208239,64,288,233,61,291,0.037402348,0.001731734,0.022385513,0.001091987,0.030956386,0.001621312,0.048415135
3701,3701,3701,4.5,CHB017,99.27375356,101.9032784,23,140.0755,35.2988,138.997,35.453,2.751,0.010830325,0.665176662,12:25:00,12:25:49,318,212,154,99,-4.630016751,0.125019178,0.118920785,1.625557451,0.176406114,1.58E-06,0.000141414,0.364241395,1.603144632,0.261144871,0.018526709,0.001522315,0.931111124,69,178,199,179,205,0.023285753,0.001443232,0.01731609,0.001099229,0.009443146,0.000545396,0.01989742
3702,3702,3702,4.5,CHB019,85.07492578,88.12912684,23,139.8351,35.1105,138.997,35.453,5.22,1.5,2.971016424,12:25:00,12:25:48,205,136,103,76,-2.408034135,0.460829556,0.906867806,13.47325287,6.082222479,0.001832494,0.008195817,50.1181823,1.099330461,3.352067831,0.098869541,0.053178066,1.348037769,26,246,288,49,299,0.060636506,0.002671543,0.034601635,0.001308933,0.054449437,0.002726742,0.073343302
3703,3703,3703,4.5,GIF007,151.0649962,152.8058673,23,137.4861,36.0378,138.997,35.453,10.66,1.5,3.078318605,12:25:00,12:25:43,378,252,180,114,-9.897284732,0.901281186,0.031908647,0.480303267,0.22511545,2.43E-06,1.01E-05,0.060563984,0.010098616,0.006203914,0.003669545,0.002004769,0.025581843,10,256,30,293,299,0.000597962,4.55E-05,0.000450005,3.03E-05,0.00043187,2.98E-05,0.143443356
3704,3704,3704,4.5,GNM010,99.4106758,102.0366721,23,139.5331,36.2343,138.997,35.453,4.099,1.5,2.85753818,12:25:00,12:25:48,286,191,149,108,-4.286781997,0.22675644,0.172536428,2.560923435,1.131331358,6.14E-05,0.000297088,1.677261642,2.364552026,11.14601753,0.026291642,0.009872229,0.728514089,252,253,282,244,297,0.01500894,0.0006897,0.008783303,0.000363851,0.008270507,0.000328511,0.036089408
3705,3705,3705,4.5,GNM015,88.9057059,91.83258976,23,138.7579,36.2287,138.997,35.453,3.781,1.5,3.150492575,12:25:00,12:25:43,1014,676,454,311,-8.966847287,0.942211981,0.057073744,0.870078185,0.40589674,8.16E-06,3.24E-05,0.199013846,1.338778374,0.202077406,0.005452919,0.003572014,0.036363051,217,30,3,272,299,0.000713954,5.25E-05,0.001509718,0.0001238,0.000617285,3.89E-05,0.149957694
3706,3706,3706,4.5,GNM016,74.02911596,77.51973948,23,138.9251,36.1162,138.997,35.453,8.855,1.5,1.551146018,12:25:00,12:25:40,705,470,279,181,-3.836089546,0.141627553,0.12888915,1.686290755,0.489757709,1.01E-05,0.000166034,0.534968953,1.273728067,0.720928173,0.029400465,0.0034808,1.304326498,14,242,178,17,250,0.000327049,2.23E-05,0.000440619,2.65E-05,0.00047741,3.00E-05,0.022540725
3707,3707,3707,4.5,KNG001,64.76289679,68.72577974,23,139.7062,35.5291,138.997,35.453,12.576,1.5,3.124283605,12:25:00,12:25:40,182,121,94,65,-5.41365699,1.15280244,0.355317751,5.423978002,2.536330798,0.000310673,0.001256502,10.38457971,0.130790234,2.008499285,0.037465075,0.022607578,0.204198051,46,25,284,291,299,0.00579287,0.000311693,0.003199524,0.000134473,0.002967323,0.000154527,0.183474207
3708,3708,3708,4.5,KNG002,57.73115278,62.14407454,23,139.634,35.4371,138.997,35.453,9.864,1.5,2.520307445,12:25:00,12:25:39,149,100,56,30,-5.032194534,0.369110212,0.187697226,2.622484866,1.076640853,5.66E-05,0.000351725,1.834000789,0.099910899,8.089864495,0.024753038,0.008974792,0.421359035,220,225,10,242,286,0.01630057,0.000773847,0.004464226,0.000229777,0.007879706,0.000449026,0.058745715
3709,3709,3709,4.5,KNG003,63.19461604,67.24997767,23,139.6579,35.2727,138.997,35.453,7.985,1.5,3.160964598,12:25:00,12:25:40,734,490,245,146,-9.069648685,1.224263935,0.057765724,0.881923871,0.412911512,8.41E-06,3.32E-05,0.208310468,0.25015934,0.552684518,0.005520529,0.003600878,0.028332538,58,11,250,271,299,0.000632269,4.10E-05,0.00092156,7.01E-05,0.001355143,8.62E-05,0.194847657
3710,3710,3710,4.5,KNG004,66.29375116,70.17023189,23,139.6218,35.1441,138.997,35.453,10.742,1.5,2.128796701,12:25:00,12:25:31,406,271,135,84,0.102765032,0.170519497,0.977737423,12.87722052,5.003457666,0.001095558,0.009543914,59.10808062,8.130353639,18.55858669,0.21880076,0.031732955,8.062220123,37,64,80,40,264,0.000806335,3.59E-05,0.000941614,4.61E-05,0.000716702,3.44E-05,0.027139021
3711,3711,3711,4.5,KNG005,52.19923781,57.04174285,23,139.549,35.3194,138.997,35.453,45.819,1.5,2.921417658,12:25:00,12:25:29,512,341,211,124,-7.592872062,0.161109222,0.039694976,0.59384652,0.259946746,3.40E-06,1.57E-05,0.074777117,0.095230896,0.293823726,0.004491963,0.002232486,0.175184484,192,223,26,210,294,0.002374246,6.44E-05,0.00163716,7.39E-05,0.002184424,6.40E-05,0.025641329
3712,3712,3712,4.5,KNG006,49.06610658,54.18932381,23,139.5387,35.4544,138.997,35.453,7.35,1,1.881265672,12:25:00,12:25:36,483,322,184,107,-10.73465723,0.173143678,0.005925256,0.084390834,0.026674586,3.13E-08,3.50E-07,0.000864854,0.379857373,0.383447934,0.000967727,0.000178603,0.035117717,298,23,17,172,286,0.000564373,3.47E-05,0.001410088,9.73E-05,0.001610065,9.09E-05,0.027556672
3713,3713,3713,4.5,KNG008,32.7679454,40.03421344,23,139.3265,35.5751,138.997,35.453,36.267,1.5,3.180734198,12:25:00,12:25:25,388,259,168,99,-4.710262882,0.886929136,0.422153151,6.510103925,3.061157474,0.000454886,0.001775039,11.38687722,6.616189025,0.871328504,0.040120285,0.026250988,0.284220213,4,255,253,297,299,0.005411408,0.000337335,0.004660137,0.000270933,0.002822259,0.000101977,0.141159156
3714,3714,3714,4.5,KNG009,33.06619089,40.27869139,23,139.3618,35.4424,138.997,35.453,41.031,1.5,2.849593098,12:25:00,12:25:31,182,122,107,87,-6.014592635,0.245105045,0.100855349,1.505021893,0.642720301,2.09E-05,0.000101502,0.300714298,1.991933368,3.049849531,0.012751144,0.005038487,0.32687129,94,156,96,235,299,0.005576976,0.0002216,0.005194609,0.000257559,0.005404155,0.000342,0.03900968
3715,3715,3715,4.5,KNG010,34.59574909,41.54354168,23,139.3504,35.3355,138.997,35.453,43.764,1.5,3.227000381,12:25:00,12:25:26,297,198,140,95,-6.478042038,0.221993751,0.080943053,1.237989304,0.595535954,1.72E-05,6.53E-05,0.370012917,0.70938788,0.361829035,0.008221527,0.004924524,0.232697435,201,43,184,283,299,0.002077042,9.63E-05,0.001705415,8.60E-05,0.002351032,8.07E-05,0.035331403
3718,3718,3718,4.5,KNG013,25.27394657,34.17268464,23,139.152,35.2641,138.997,35.453,38.579,0.333333333,1.642944483,12:25:00,12:25:27,116,77,46,25,-8.273527237,0.276177858,0.028353713,0.391988862,0.1029919,5.50E-07,8.04E-06,0.023312938,0.922675129,0.794946009,0.004149875,0.000968322,0.094411755,279,20,4,274,280,0.00352477,0.000181787,0.002591802,0.000163584,0.002144175,0.000128827,0.043955071
3720,3720,3720,4.5,NGN012,128.0850637,130.1337141,23,137.9785,36.2564,138.997,35.453,2.357,1.5,3.049451495,12:25:00,12:25:55,668,446,353,249,-6.484117401,0.424385584,0.106887543,1.551857776,0.727649541,2.69E-05,0.000114127,0.674985223,0.038706702,0.133448177,0.014022713,0.006105251,0.207611452,19,278,238,254,285,0.005345615,0.000286809,0.006779296,0.000452517,0.006544097,0.000423507,0.067543064
3721,3721,3721,4.5,NGN014,84.95782127,88.01608601,23,138.483,36.0932,138.997,35.453,11.351,1.5,3.222050824,12:25:00,12:25:32,369,246,265,440,-7.947534508,0.152861961,0.032779689,0.505970701,0.245363731,2.82E-06,1.07E-05,0.068264443,0.594272467,0.293152694,0.00348419,0.001902722,0.143212931,50,36,36,51,299,0.001126868,6.70E-05,0.002113742,9.17E-05,0.001641986,8.77E-05,0.024328737
3722,3722,3722,4.5,NGN015,103.553005,106.0765046,23,138.1116,36.0454,138.997,35.453,3.081,0.010273973,1.15936566,12:25:00,12:25:49,282,188,173,162,-2.802764505,0.18839336,0.355481749,4.503595304,0.921180713,4.30E-05,0.001262813,2.986910189,1.547678537,0.797244499,0.059216605,0.008650924,1.974957627,123,276,291,248,257,0.050740978,0.003165181,0.031715515,0.002982586,0.037481194,0.0022342,0.029983734
3723,3723,3723,4.5,NGN016,85.37424706,88.41810935,23,138.2421,35.9151,138.997,35.453,5.437,1.5,2.90293578,12:25:00,12:25:33,355,236,155,96,-9.103137891,0.140109162,0.01193672,0.158423454,0.08337781,3.03E-07,1.42E-06,0.030726297,0.153084489,0.12125589,0.002087848,0.000502011,0.093629381,5,9,9,60,299,0.000914149,4.53E-05,0.000617151,4.46E-05,0.000787567,4.73E-05,0.022299066
3724,3724,3724,4.5,NGN017,120.6355251,122.8085092,23,137.8255,35.9748,138.997,35.453,8.007,1.5,3.190860103,12:25:00,12:25:53,990,660,330,236,-2.487120867,0.542403712,1.295320507,19.98785172,9.428234522,0.004309447,0.016709588,105.1672474,66.51741768,26.91902508,0.12206757,0.080069721,1.414026387,20,17,25,285,299,0.023867087,0.001408443,0.02922583,0.001577245,0.020245709,0.000830417,0.086326232
3725,3725,3725,4.5,NGN018,138.5398888,140.4361093,23,137.5295,35.8132,138.997,35.453,2.99,1.5,3.171392176,12:25:00,12:25:58,585,390,274,184,-4.189218048,0.926241913,0.560626181,8.651771258,4.047201737,0.000797223,0.003129245,19.71046745,174.3904402,3.184613891,0.054885468,0.034707842,0.372316953,43,7,25,294,299,0.011245769,0.000585994,0.024359937,0.001474831,0.020002623,0.000769964,0.147415979
3726,3726,3726,4.5,NGN019,124.8095655,126.9111014,23,137.7078,35.8562,138.997,35.453,9.244,0.01048951,1.087838034,12:25:00,12:25:39,579,386,194,130,-4.348561017,0.149182593,0.125370499,1.687749887,0.317857225,4.70E-06,0.000156861,0.465060288,2.18432173,1.317141444,0.023848841,0.002414276,1.004451548,126,82,74,29,266,0.000375814,3.07E-05,0.000516715,2.95E-05,0.000401316,2.00E-05,0.023743147
3727,3727,3727,4.5,NGN023,88.28996421,91.23660329,23,138.0338,35.5787,138.997,35.453,2.842,1.5,3.225990286,12:25:00,12:25:44,711,474,281,183,-8.969261607,1.248457627,0.061073456,0.960764461,0.45555153,9.79E-06,3.71E-05,0.264613414,0.066749877,0.053394472,0.005761971,0.003754749,0.028998607,15,27,45,297,299,0.000735517,5.21E-05,0.000520199,3.99E-05,0.000406299,3.14E-05,0.198698203
3728,3728,3728,4.5,NGN024,105.2781002,107.76121,23,137.8374,35.5232,138.997,35.453,2.638,0.2,0.633887445,12:25:00,12:25:50,476,317,159,108,-5.100975359,0.103003161,0.084807177,1.156693129,0.121611916,7.30E-07,7.17E-05,0.160991329,0.408127053,0.191088072,0.015510124,0.001140484,0.946116456,157,221,170,159,144,0.011095862,0.000559687,0.015652307,0.000450697,0.012133535,0.000297562,0.016393462
3729,3729,3729,4.5,SIT002,84.91972254,87.97931164,23,139.3884,36.1476,138.997,35.453,2.854,1.5,2.383364131,12:25:00,12:25:45,376,251,194,133,-5.543595992,0.278730835,0.09950439,1.365163654,0.53666805,1.42E-05,9.86E-05,0.47910446,2.632889975,0.071934186,0.01571809,0.005225986,0.354319159,284,151,272,260,268,0.016418554,0.001084522,0.002685937,0.000187558,0.001775479,6.38E-05,0.04436139
3730,3730,3730,4.5,SIT004,74.56667112,78.03325215,23,139.1045,36.1179,138.997,35.453,8.04,3,2.19567749,12:25:00,12:25:40,436,291,151,90,-10.01417975,0.175699811,0.010255552,0.144975633,0.055824405,1.27E-07,1.04E-06,0.023065446,0.010962008,3.185283778,0.001732158,0.000497176,0.061943548,68,282,27,295,299,0.000785719,3.94E-05,0.000984086,3.75E-05,0.002552177,0.00017732,0.027963493
3731,3731,3731,4.5,SIT005,71.22616977,74.84762695,23,139.2626,36.0562,138.997,35.453,3.19,1.5,3.200468236,12:25:00,12:25:39,449,299,150,106,-6.909791129,0.58320906,0.110666255,1.713881245,0.804038412,3.16E-05,0.00012197,0.661540297,0.124505412,14.08697078,0.010027036,0.006755493,0.108025968,261,103,3,298,299,0.001228424,9.50E-05,0.001384831,3.93E-05,0.005218989,0.000381991,0.092820605
3732,3732,3732,4.5,SIT006,60.67994477,64.89264748,23,139.0709,35.9954,138.997,35.453,5.348,1.5,2.655605437,12:25:00,12:25:37,932,621,311,182,-4.955791972,0.220843009,0.132956641,1.836943423,0.854107679,3.15E-05,0.000176443,1.463839801,0.625665598,0.24688066,0.018962707,0.006063135,0.539506325,31,96,260,228,299,0.000409043,2.16E-05,0.00081228,4.79E-05,0.00060428,3.84E-05,0.035148256
3733,3733,3733,4.5,SIT007,75.70568761,79.12238075,23,139.3912,36.054,138.997,35.453,6.621,0.01,1.164323445,12:25:00,12:25:41,803,535,268,161,-4.000755799,0.141676902,0.117256403,1.4977839,0.339188611,4.72E-06,0.000137402,0.553076648,0.21080338,0.476150671,0.028168096,0.002075828,1.249218202,27,135,66,30,286,0.000588259,4.29E-05,0.000553685,2.38E-05,0.000436376,2.98E-05,0.022548579
3734,3734,3734,4.5,SIT009,66.622277,70.48069092,23,139.4837,35.9032,138.997,35.453,8.507,1.5,3.154297937,12:25:00,12:25:40,393,262,190,122,-5.108810596,0.094496482,0.151465885,2.306997779,1.089050108,5.75E-05,0.000228284,1.491522802,1.758734572,0.254888009,0.015337885,0.009361376,1.019834523,17,15,93,258,299,0.00671563,0.00012928,0.005654602,0.000146639,0.00336613,0.000207936,0.015039582
3735,3735,3735,4.5,SIT011,76.53661986,79.91779639,23,139.7212,35.8098,138.997,35.453,5.589,1.5,3.17514667,12:25:00,12:25:45,170,113,103,88,-4.102165376,0.623381105,0.374078168,5.772561695,2.720271697,0.0003551,0.00139054,9.139960699,3.91479379,1.000318759,0.043954174,0.023108727,0.443023083,295,207,178,298,299,0.010422135,0.000444739,0.005288647,0.000262684,0.004409216,0.00013794,0.099214184
3736,3736,3736,4.5,SIT012,52.08175211,56.9342507,23,139.3215,35.8401,138.997,35.453,8.982,0.01056338,0.692590358,12:25:00,12:25:34,875,585,420,268,-3.401993241,0.112125047,0.166844164,2.253340765,0.274322268,3.38E-06,0.000277827,0.710144584,0.750093466,0.912946815,0.029609099,0.002303954,1.659214074,29,62,58,34,28,0.000581321,4.04E-05,0.000591078,4.09E-05,0.000997885,6.58E-05,0.017845256
3737,3737,3737,4.5,SIT014,62.85380733,66.92982218,23,138.801,35.9954,138.997,35.453,23.483,3,1.746715745,12:25:00,12:25:30,489,326,163,100,-11.07412912,0.12846353,0.006362691,0.090384741,0.025209912,3.11E-08,4.03E-07,0.010925382,0.032771366,0.028129779,0.000770226,0.00018536,0.03767196,75,33,34,246,115,0.00037617,2.33E-05,0.00061604,2.94E-05,0.000397602,2.18E-05,0.020445606
3738,3738,3738,4.5,SZO001,35.33936773,42.16480655,23,139.0795,35.1424,138.997,35.453,55.943,0.011904762,0.483075886,12:25:00,12:25:25,889,592,296,186,-1.269284374,0.047196488,0.294435834,3.908928512,0.320941747,5.12E-06,0.000865963,2.001715041,2.038228824,3.340153572,0.057310701,0.002927389,7.629672645,31,132,121,268,271,0.000524375,3.13E-05,0.000990722,6.91E-05,0.000875518,5.56E-05,0.007511554
3739,3739,3739,4.5,SZO002,55.09074858,59.69916732,23,139.1031,34.9652,138.997,35.453,7.591,1.5,3.202903356,12:25:00,12:25:33,541,361,204,151,-5.970889755,0.382691114,0.15146792,2.334765031,1.110401097,5.94E-05,0.000228492,1.469662201,0.063396814,0.022990405,0.014142576,0.009333958,0.232198823,113,104,69,293,299,0.003730157,0.000142442,0.002104773,6.67E-05,0.002777756,5.98E-05,0.060907183
3740,3740,3740,4.5,SZO003,71.04674637,74.6769052,23,139.0546,34.8158,138.997,35.453,15.922,1.5,3.157743416,12:25:00,12:25:39,473,316,158,102,-8.161071764,0.521666012,0.05749605,0.884106412,0.416395112,8.31E-06,3.29E-05,0.23689641,0.005227716,0.225772732,0.00625851,0.003633627,0.075380369,88,235,107,295,299,0.001345986,6.59E-05,0.002650486,5.51E-05,0.002360656,7.89E-05,0.083025724
3741,3741,3741,4.5,SZO005,80.00471639,83.24514787,23,138.7841,34.7549,138.997,35.453,14.909,1.5,3.204299128,12:25:00,12:25:41,284,189,161,124,-5.38278225,1.016451098,0.318647165,4.93525369,2.329095333,0.000262939,0.001010993,6.253910803,0.013332783,20.42590853,0.029842292,0.019709329,0.18446992,31,272,2,298,299,0.003698699,0.000258166,0.000613883,3.40E-05,0.006429238,0.000463475,0.161773217
3742,3742,3742,4.5,SZO006,62.9936346,67.0611512,23,138.7941,34.9113,138.997,35.453,3.384,1.5,3.196082396,12:25:00,12:25:37,859,573,286,167,-5.35063177,0.826571237,0.336539503,5.21861649,2.454574466,0.000291785,0.001127683,7.228066884,16.8532812,0.015204029,0.031323442,0.020892076,0.238105294,20,231,21,299,299,0.003954184,0.000271114,0.00596099,0.000416546,0.003197472,5.47E-05,0.131552898
3743,3743,3743,4.5,SZO007,53.11537199,57.88128145,23,138.9466,34.9771,138.997,35.453,5.058,1.5,3.202413113,12:25:00,12:25:35,933,622,311,244,-9.21166887,0.561400113,0.036036142,0.556108062,0.263038517,3.36E-06,1.29E-05,0.087554983,0.088682774,0.004598771,0.003305117,0.002177823,0.036990841,170,6,163,298,299,0.000422317,3.12E-05,0.000602672,3.72E-05,0.000510247,3.43E-05,0.089349603
3744,3744,3744,4.5,SZO008,41.44740196,47.40134101,23,138.8657,35.096,138.997,35.453,21.973,1.5,3.137577267,12:25:00,12:25:27,303,202,142,95,-7.909430283,0.154320603,0.032304659,0.491059486,0.232336194,2.60E-06,1.04E-05,0.06113193,16.89157784,5.059794829,0.003760257,0.001858814,0.153099394,103,3,37,263,299,0.001668566,5.04E-05,0.006567147,0.000428399,0.004408448,0.000233149,0.024560887
3745,3745,3745,4.5,SZO009,29.46463171,37.37866399,23,138.9127,35.1971,138.997,35.453,16.047,1.5,3.185158877,12:25:00,12:25:29,931,621,310,242,-9.140102063,1.42789574,0.053092797,0.82899651,0.387124333,7.21E-06,2.81E-05,0.194422211,0.032272143,0.002050904,0.00524205,0.003284682,0.023066652,46,192,185,299,299,0.000561238,3.61E-05,0.000401578,2.90E-05,0.000492424,3.85E-05,0.227256665
3747,3747,3747,4.5,SZO011,42.64391919,48.45104585,23,138.6221,35.2216,138.997,35.453,9.535,1.5,3.247780822,12:25:00,12:25:34,375,250,160,97,-9.475131897,0.587475305,0.030203591,0.472956151,0.227155171,2.43E-06,9.09E-06,0.046249624,0.141746489,0.293412386,0.00300062,0.001781382,0.032092335,18,44,7,291,299,0.000550295,4.82E-05,0.000873498,4.13E-05,0.001060216,7.12E-05,0.093499599
3748,3748,3748,4.5,SZO012,49.75905011,54.81754343,23,138.6213,35.1271,138.997,35.453,6.567,1.5,3.134374331,12:25:00,12:25:35,486,324,272,206,-7.339113592,0.626201573,0.078215465,1.197543122,0.558403613,1.52E-05,6.09E-05,0.435224852,3.873589633,9.733456651,0.008734625,0.0049377,0.087641541,261,219,3,287,299,0.001548433,7.95E-05,0.003870712,0.000206089,0.005640688,0.000322249,0.099663076
3749,3749,3749,4.5,SZO015,63.91985423,67.93193479,23,138.3407,35.2435,138.997,35.453,4.58,0.166666667,0.867604776,12:25:00,12:25:30,1000,667,333,208,-2.915517463,0.138473167,0.193864352,2.384110797,0.396423432,7.16E-06,0.000375379,1.147122077,0.613252696,2.224063773,0.04708069,0.003072614,2.136274511,63,63,56,50,54,0.000416916,2.96E-05,0.000315484,1.75E-05,0.000508876,2.96E-05,0.022038689
3750,3750,3750,4.5,TCG009,155.5577209,157.2488618,23,139.7155,36.7258,138.997,35.453,4.628,1.5,3.227106118,12:25:00,12:26:02,286,191,114,65,-3.560531633,0.589466111,0.564827025,8.787937081,4.165535235,0.000838882,0.003180053,19.90128909,315.693991,235.832975,0.057353104,0.034245817,0.61133316,292,27,296,289,294,0.014564106,0.000853406,0.046405494,0.00245558,0.042463116,0.002011732,0.093816445
3751,3751,3751,4.5,TKY001,39.91463835,46.06710708,23,139.0956,35.8029,138.997,35.453,11.46,0.6,1.219211806,12:25:00,12:25:26,619,412,266,163,-0.86190386,0.129815179,0.506366005,6.216368165,1.515603161,9.65E-05,0.002563996,8.55108694,5.409559883,4.2651349,0.135260197,0.010447857,6.546729683,27,49,40,23,37,0.00032961,2.45E-05,0.000358954,2.05E-05,0.000607369,3.96E-05,0.020660727
3752,3752,3752,4.5,TKY002,33.63780565,40.74925728,23,139.1454,35.7304,138.997,35.453,16.416,0.010526316,0.802845966,12:25:00,12:25:25,870,580,290,168,-2.487963953,0.070342852,0.277897831,3.795320751,0.529455511,1.26E-05,0.000772091,1.868939614,5.737909295,1.363503451,0.045646636,0.00418865,4.077262483,97,231,112,228,278,0.00062535,3.81E-05,0.000395148,2.26E-05,0.000615732,4.37E-05,0.011195413
3753,3753,3753,4.5,TKY003,46.56742134,51.93770047,23,139.2912,35.7968,138.997,35.453,32.47,1.5,3.147090747,12:25:00,12:25:33,276,184,111,62,-9.493634794,0.837999849,0.036780366,0.558812405,0.264296387,3.38E-06,1.35E-05,0.100946954,0.002636917,0.044582396,0.003602527,0.002315741,0.027011153,77,55,18,273,299,0.000599549,5.33E-05,0.000966928,4.99E-05,0.00132965,7.83E-05,0.133371818
3754,3754,3754,4.5,TKY004,41.61276658,47.54600238,23,139.4034,35.6282,138.997,35.453,18.471,1.5,2.971292097,12:25:00,12:25:27,380,253,177,110,-8.851784612,0.238555465,0.025836095,0.384114022,0.173485558,1.48E-06,6.64E-06,0.04242368,0.003623495,0.025155409,0.002897902,0.001613786,0.076326295,23,210,126,292,299,0.000885978,3.46E-05,0.00069701,2.95E-05,0.000813287,3.53E-05,0.037967281
3755,3755,3755,4.5,TKY005,40.36339249,46.45646837,23,139.4156,35.5782,138.997,35.453,35.034,1.5,3.043247455,12:25:00,12:25:26,371,247,170,113,-8.66775952,0.381485346,0.03555976,0.541591976,0.245006349,2.95E-06,1.26E-05,0.084414005,0.368844073,0.003553367,0.003923475,0.002234416,0.064620881,258,163,251,295,299,0.000876026,4.58E-05,0.001874415,8.89E-05,0.001315882,5.65E-05,0.060715278
3756,3756,3756,4.5,TKY006,53.30673068,58.05693357,23,139.5029,35.699,138.997,35.453,13.905,1.5,3.164319389,12:25:00,12:25:37,326,217,134,76,-5.987393452,0.460782262,0.17487634,2.693946661,1.260770824,7.72E-05,0.000304328,1.912955334,1.070581858,0.032106878,0.017953196,0.010818146,0.244808163,26,78,27,280,299,0.003017234,0.000159958,0.002663707,0.000114347,0.001447164,5.49E-05,0.073335775
3757,3757,3757,4.5,TKY007,68.57324666,72.32765832,23,139.6859,35.7107,138.997,35.453,5.102,1.5,3.198898259,12:25:00,12:25:43,330,220,142,83,-4.115661072,0.402678535,0.274065615,4.155887841,1.99848157,0.000193453,0.000746338,5.006216372,0.028935987,7.119384222,0.03584928,0.016501938,0.559373415,278,290,295,280,299,0.013603511,0.00036459,0.003895548,0.00011704,0.004169994,0.000295101,0.064088279
3758,3758,3758,4.5,TKY008,82.44656057,85.59459884,23,139.3909,34.7852,138.997,35.453,19.776,1.5,3.112213368,12:25:00,12:25:33,506,337,246,160,-9.756496947,0.646544031,0.030856442,0.468742175,0.218812262,2.32E-06,9.47E-06,0.057136689,0.403369924,0.037847491,0.003293303,0.001927944,0.032004681,4,164,61,280,299,0.000580553,3.43E-05,0.001160731,8.37E-05,0.001021461,2.74E-05,0.102900679
3759,3759,3759,4.5,YMN001,38.06219951,44.47168797,23,138.9198,35.7895,138.997,35.453,42.629,1.5,1.797565363,12:25:00,12:25:26,1215,810,405,235,-0.424836323,0.096468339,0.480545009,5.696549193,2.063102396,0.000189006,0.002309222,9.032689759,8.684762758,3.343800863,0.137568267,0.013498742,8.960109809,52,53,61,29,44,0.000517809,4.89E-05,0.000337457,2.02E-05,0.000426324,2.32E-05,0.015353413
3762,3762,3762,4.5,YMN004,36.9407301,43.51571602,23,138.7266,35.702,138.997,35.453,25.359,1.5,3.199165906,12:25:00,12:25:25,630,420,210,131,-6.739716596,0.896080908,0.181654477,2.827828891,1.32469301,8.52E-05,0.000328631,1.954231826,0.072465977,3.444390149,0.01678621,0.011239839,0.117702395,6,62,9,285,299,0.002241217,0.000155102,0.000951841,5.25E-05,0.002638399,0.000171914,0.142615706
3763,3763,3763,4.5,YMN005,44.85290329,50.40617952,23,138.5677,35.6548,138.997,35.453,25.446,1.5,2.518685212,12:25:00,12:25:32,258,172,128,92,-8.977346963,0.139419452,0.013956352,0.197829365,0.082230257,3.13E-07,1.95E-06,0.019165777,0.002118341,0.386367301,0.001983086,0.000685632,0.089371316,254,278,199,255,299,0.001182687,4.48E-05,0.000975477,4.46E-05,0.001083233,6.71E-05,0.022189295
3764,3764,3764,4.5,YMN006,35.37272285,42.19276623,23,138.6069,35.4684,138.997,35.453,9.395,1.5,2.995119256,12:25:00,12:25:26,730,487,243,149,-10.53746733,0.400926057,0.016176434,0.266263866,0.11569185,5.94E-07,2.61E-06,0.032232498,0.0112657,0.049349511,0.00141595,0.000933235,0.022190311,263,26,17,274,299,0.000455373,2.56E-05,0.000541966,2.51E-05,0.000720701,5.03E-05,0.063809364
3765,3765,3765,4.5,YMN007,51.97932584,56.84056927,23,138.4649,35.2791,138.997,35.453,3.548,1.5,3.217832334,12:25:00,12:25:36,547,365,266,186,-7.610041219,1.336147629,0.129278503,2.007618038,0.952258095,4.37E-05,0.000166464,1.070555743,0.029101909,0.126562799,0.011911952,0.007986884,0.056015519,2,248,29,296,299,0.001352856,0.000112961,0.000574745,4.00E-05,0.000949818,5.59E-05,0.2126545
3766,3766,3766,4.5,YMN008,60.27860258,64.51751645,23,138.3321,35.432,138.997,35.453,3.237,1.5,2.407419456,12:25:00,12:25:38,683,455,228,138,-4.714129118,0.211676726,0.136229104,1.856556799,0.798336418,2.72E-05,0.000185538,1.347329542,0.28436764,0.347390235,0.023314406,0.004923752,0.692039865,139,147,194,44,297,0.000304434,2.17E-05,0.000473003,2.95E-05,0.000418452,1.96E-05,0.033689397
3767,3767,3767,4.5,YMN009,48.62410257,53.78943531,23,138.4627,35.4965,138.997,35.453,5.695,0.010204082,1.343656906,12:25:00,12:25:36,374,249,139,78,-2.300416476,0.272640568,0.295197083,3.561972866,0.965136618,3.98E-05,0.000870941,2.552414974,10.69063692,5.361416827,0.07836396,0.006245131,1.805950168,6,146,243,9,22,0.000445549,2.88E-05,0.000489513,3.43E-05,0.000366095,2.41E-05,0.043392094
3768,3768,3768,4.5,YMN010,65.1009801,69.04446111,23,138.4096,35.7918,138.997,35.453,6.694,1.5,3.190313796,12:25:00,12:25:30,971,647,363,273,-8.257237104,1.108748253,0.086803635,1.338859818,0.628588707,1.93E-05,7.50E-05,0.437793371,0.498947102,1.165176592,0.007871569,0.005350256,0.044607538,12,22,10,298,299,0.000948013,6.47E-05,0.001095332,8.33E-05,0.00176761,0.000121742,0.176462765
3769,3769,3769,4.5,YMN011,59.39266186,63.69056667,23,138.3805,35.6365,138.997,35.453,8.215,3,2.345019625,12:25:00,12:25:37,306,204,142,94,-10.38046149,0.115863178,0.008441704,0.130031122,0.048561268,9.92E-08,7.12E-07,0.021783385,0.075689853,0.098738959,0.000968147,0.000262453,0.052501982,45,48,206,231,247,0.000496483,3.26E-05,0.000470396,2.50E-05,0.00057187,2.54E-05,0.018440198
3770,3770,3770,4.5,AIC004,133.0551139,135.0283797,23,136.9737,35.0632,138.408,34.84,1.405,1.5,2.708723849,18:11:00,18:11:43,456,304,249,194,-6.001145724,0.243036461,0.089616084,1.304694347,0.55186313,1.48E-05,7.98E-05,0.464187917,0.098463461,5.157183408,0.012994142,0.004846001,0.335935622,244,179,23,281,299,0.006737859,0.000235674,0.005004875,0.000186828,0.009186585,0.000715151,0.038680454
3771,3771,3771,4.5,AIC005,116.5027242,118.7513568,23,137.2056,35.1979,138.408,34.84,2.066,1.5,2.089309868,18:11:00,18:11:38,798,532,266,170,-6.658062916,0.200398593,0.029761726,0.397701323,0.150814659,9.78E-07,8.85E-06,0.069423916,0.016386861,0.060900632,0.00720933,0.001002315,0.22603731,31,77,82,32,299,0.004982729,0.000352948,0.003729979,0.000175552,0.005815407,0.000312134,0.031894427
3772,3772,3772,4.5,AIC006,91.94382724,94.77693479,23,137.5086,35.2159,138.408,34.84,11.93,1.5,3.136093548,18:11:00,18:11:32,513,342,171,105,-9.839376515,0.219129983,0.018272503,0.280236461,0.130501735,8.28E-07,3.32E-06,0.022998226,0.419781514,0.021722098,0.001801417,0.001136035,0.051652618,35,35,10,299,299,0.00059315,1.85E-05,0.001297466,6.91E-05,0.000695738,1.83E-05,0.03487562
3773,3773,3773,4.5,AIC008,81.58357089,84.7636658,23,137.5697,35.0977,138.408,34.84,4.356,1.5,1.728786686,18:11:00,18:11:28,1067,711,356,226,-4.776754743,0.068294791,0.052344153,0.657886682,0.216377976,2.07E-06,2.74E-05,0.10102079,0.050704095,0.161815143,0.010989483,0.001279253,1.011042801,52,63,57,53,250,9.99E-05,6.64E-06,0.000233611,1.51E-05,0.00016393,5.21E-06,0.010869454
3774,3774,3774,4.5,AIC009,118.0547913,120.2744102,23,137.1464,35.0812,138.408,34.84,3.822,0.2,1.103212206,18:11:00,18:11:38,353,235,198,150,-5.063702356,0.198873771,0.084187121,1.133499101,0.222268177,2.18E-06,7.09E-05,0.189062252,0.083997382,0.391030942,0.016299146,0.001459799,0.514952561,33,273,77,31,256,0.014972606,0.000612222,0.006605536,0.000273315,0.0145412,0.000684977,0.031651744
3775,3775,3775,4.5,AIC010,91.029817,93.89050848,23,137.4236,34.976,138.408,34.84,4.858,0.09375,0.473715645,18:11:00,18:11:31,396,264,170,104,-5.536411133,0.086547938,0.054614566,0.741855733,0.058964646,1.70E-07,2.98E-05,0.065834298,0.085015055,0.270842032,0.009337612,0.000579953,0.677889599,89,135,44,87,26,0.00036051,7.68E-06,0.000216692,8.30E-06,0.000352357,2.25E-05,0.013774532
3776,3776,3776,4.5,AIC012,124.6206322,126.7253012,23,137.0447,34.9119,138.408,34.84,1.426,1.5,2.899870073,18:11:00,18:11:40,265,176,127,88,-7.282111126,0.229393263,0.049753523,0.722875848,0.327394769,5.26E-06,2.47E-05,0.142481291,0.037876439,0.105209035,0.006418967,0.002699563,0.175818407,283,299,259,263,283,0.003538868,0.000184446,0.003967995,0.000167339,0.005801095,0.000260472,0.036509072
3777,3777,3777,4.5,AIC013,76.58751338,79.96653804,23,137.5761,34.9335,138.408,34.84,5.029,1.5,3.196559323,18:11:00,18:11:27,878,586,422,308,-8.284268896,0.406742603,0.052228488,0.808589781,0.380210981,7.03E-06,2.72E-05,0.165293275,0.070620451,0.573195098,0.004795998,0.003230484,0.074086527,64,36,158,287,299,0.000659109,4.19E-05,0.000603256,2.94E-05,0.001259078,7.74E-05,0.064735096
3778,3778,3778,4.5,AIC014,108.4398885,110.8521963,23,137.22,34.8263,138.408,34.84,1.871,1.5,2.639466307,18:11:00,18:11:36,449,299,204,132,-6.218909326,0.165562375,0.050507114,0.73001352,0.302527537,4.50E-06,2.55E-05,0.14416306,0.082028923,0.225194981,0.008719982,0.002748316,0.330928231,240,275,251,259,297,0.007389491,0.00019632,0.010738865,0.000491275,0.015063901,0.000713279,0.02635007
3779,3779,3779,4.5,AIC015,92.09878466,94.92726761,23,137.4047,34.7549,138.408,34.84,2.5,1.5,3.077172599,18:11:00,18:11:31,459,306,248,180,-8.790460145,0.154313741,0.017899481,0.270999808,0.125851474,7.66E-07,3.19E-06,0.018031233,0.262314004,0.670108409,0.002230976,0.001072386,0.090838558,55,39,53,53,299,0.001014809,2.69E-05,0.001044209,4.73E-05,0.001717941,8.77E-05,0.024559795
3780,3780,3780,4.5,AIC017,106.4571058,108.9133389,23,137.2606,34.6728,138.408,34.84,1.324,1.5,3.181276263,18:11:00,18:11:37,469,313,228,159,-5.262220385,0.785940175,0.263969653,4.086686836,1.920973008,0.000177724,0.000693271,4.42163563,0.00865917,0.007868248,0.02690677,0.016320402,0.215105711,280,138,254,282,299,0.004140106,0.000281481,0.001758395,4.75E-05,0.002522263,0.000157631,0.125086264
3781,3781,3781,4.5,GIF007,157.2071948,158.8807795,23,137.4861,36.0378,138.408,34.84,8.174,0.136363636,0.191419207,18:11:00,18:11:38,378,252,180,114,-5.102858934,0.135243116,0.092790302,1.205224642,0.038643104,7.94E-08,8.55E-05,0.191069776,0.736570215,0.534981206,0.015244232,0.000469927,0.70822338,95,135,91,99,95,0.000178806,1.29E-05,0.00011117,4.35E-06,0.000150962,8.18E-06,0.02152461
3782,3782,3782,4.5,GIF008,161.5622492,163.1911773,23,137.26,35.9515,138.408,34.84,2.038,1.5,3.145215016,18:11:00,18:11:50,775,517,326,216,-6.189590665,0.742515472,0.160895948,2.451353861,1.15639567,6.46E-05,0.000257829,1.605910899,0.446960429,0.212833931,0.018357028,0.009840077,0.155337652,24,217,251,277,299,0.00497649,0.000291442,0.00428418,0.00018813,0.004948321,0.000176212,0.118175008
3783,3783,3783,4.5,GIF010,150.3211968,152.070583,23,137.245,35.8029,138.408,34.84,2.178,1.5,3.169247597,18:11:00,18:11:48,734,489,245,153,-5.289479464,1.12205099,0.373388953,5.750221127,2.703060446,0.000353293,0.001388618,8.701228067,0.103688766,4.263384234,0.038074274,0.023021353,0.213205749,185,220,290,293,299,0.006750597,0.000470227,0.007167368,0.00044784,0.007580371,0.000570093,0.178579961
3784,3784,3784,4.5,GIF013,145.5869494,147.3925366,23,137.1617,35.6637,138.408,34.84,1.552,1.5,3.229249541,18:11:00,18:11:48,1111,741,370,235,-5.295887842,1.036687372,0.334159914,5.182171873,2.464400415,0.000293616,0.001111569,6.960637963,0.01137538,9.610104396,0.031808977,0.020629377,0.192788784,8,199,262,299,299,0.005547798,0.000296287,0.00410781,0.000103543,0.008512202,0.000365213,0.16499392
3785,3785,3785,4.5,GIF014,127.3572368,129.4174091,23,137.4258,35.6576,138.408,34.84,1.199,1.5,2.982391939,18:11:00,18:11:42,1368,912,456,355,-6.750182186,0.402353412,0.105307057,1.620620979,0.715466552,2.49E-05,0.000110731,0.684583535,1.176615922,0.288230267,0.012185015,0.006179726,0.190282235,66,56,205,273,296,0.004336191,0.000257113,0.003939346,0.000270155,0.003404628,0.000148999,0.064036534
3786,3786,3786,4.5,GIF018,109.6154288,112.0024207,23,137.5,35.4887,138.408,34.84,3.323,0.010638298,1.032473053,18:11:00,18:11:36,679,452,226,154,-5.893174182,0.176071996,0.055198427,0.731424792,0.139684423,8.20E-07,3.04E-05,0.112486142,0.072311033,0.129272388,0.010886225,0.000942317,0.38847841,11,90,172,8,299,0.006629273,0.000176034,0.002004348,5.32E-05,0.002795052,0.00014477,0.028022728
3787,3787,3787,4.5,GIF019,113.7017281,116.0046678,23,137.4039,35.4495,138.408,34.84,1.337,0.010204082,0.90139367,18:11:00,18:11:38,720,480,343,218,-6.699434952,0.273780433,0.046791001,0.639195294,0.093473304,4.51E-07,2.19E-05,0.07841429,0.047643163,0.079344305,0.008362343,0.000880691,0.19191346,43,101,115,46,280,0.006818236,0.00042087,0.005641606,0.000322268,0.006185375,0.000411402,0.043573509
3788,3788,3788,4.5,GIF023,124.3975657,126.5059459,23,137.2158,35.3882,138.408,34.84,3.107,1.5,2.951043218,18:11:00,18:11:40,769,513,350,275,-4.534144567,0.255212206,0.20837687,3.064366283,1.406513603,9.56E-05,0.000433569,2.578337142,0.129640224,0.249485209,0.028913968,0.012051007,0.711846118,89,293,180,271,295,0.014278507,0.000553598,0.012210358,0.000679322,0.008609872,0.000386018,0.040618284
3789,3789,3789,4.5,GIF024,106.1138014,108.5778009,23,137.387,35.3009,138.408,34.84,3.038,1.5,1.931095029,18:11:00,18:11:35,1255,837,418,283,-5.976896042,0.167843827,0.054737548,0.749457206,0.25717575,2.83E-06,3.00E-05,0.194097369,0.980560575,0.183882855,0.010635714,0.001711904,0.398144898,72,18,123,74,294,0.012229277,0.000486981,0.009455329,0.000433755,0.006666263,0.000283855,0.026713175
3790,3790,3790,4.5,KNG014,84.37952568,87.4580148,23,139.0826,35.3608,138.408,34.84,4.842,1.5,3.22204121,18:11:00,18:11:31,507,338,273,197,-6.438963779,0.487912385,0.131439379,2.041690264,0.96985832,4.53E-05,0.000172132,1.088441116,0.436251085,2.461607613,0.012446601,0.00813484,0.160283492,168,269,30,297,299,0.001915722,0.000112008,0.001588372,6.91E-05,0.002387518,0.0001638,0.077653668
3791,3791,3791,4.5,NGN014,139.7876668,141.6671867,23,138.4844,36.0956,138.408,34.84,3.84,1.5,3.127289159,18:11:00,18:11:45,369,246,265,440,-5.351421314,0.254132542,0.191609778,2.932111167,1.372183994,9.07E-05,0.000366092,1.998651056,22.62387894,59.37501583,0.020761378,0.011492484,0.513305329,169,173,190,290,299,0.008006532,0.000423675,0.025296979,0.000714716,0.012275237,0.000956841,0.04044645
3792,3792,3792,4.5,NGN015,136.6971602,138.6185904,23,138.1116,36.0454,138.408,34.84,1.702,1.5,2.523028199,18:11:00,18:11:47,282,188,173,162,-5.373271875,0.490251251,0.154807021,2.255395755,0.897004579,3.85E-05,0.000238952,1.274624731,12.09100535,0.712206288,0.022036202,0.007499142,0.282421594,50,147,138,254,299,0.012156477,0.000685949,0.015569823,0.001550568,0.015884067,0.001311237,0.07802591
3793,3793,3793,4.5,NGN016,120.5195647,122.6946025,23,138.2229,35.9133,138.408,34.84,2.487,1.5,2.920787486,18:11:00,18:11:41,355,236,155,96,-5.371627581,0.539545779,0.162008731,2.43504877,1.070820676,5.64E-05,0.000260911,1.543351534,0.094983699,0.176416884,0.023143423,0.009970282,0.269512651,289,199,249,294,299,0.007012883,0.000348389,0.007901195,0.000372499,0.010796494,0.000352503,0.085871378
3794,3794,3794,4.5,NGN017,136.7813688,138.7016325,23,137.8255,35.9748,138.408,34.84,2.618,0.010204082,0.666091824,18:11:00,18:11:44,990,660,330,236,-6.437601258,0.143783703,0.040170997,0.548691795,0.06078013,1.81E-07,1.61E-05,0.038627126,14.57084145,14.59509026,0.006849335,0.000528847,0.299308202,69,43,52,68,107,0.007534434,0.000330982,0.007476987,0.000524968,0.008870886,0.000597873,0.022883887
3795,3795,3795,4.5,NGN018,134.3942263,136.3481135,23,137.5295,35.8132,138.408,34.84,2.775,0.01,1.201934975,18:11:00,18:11:43,585,390,274,184,-7.260902898,0.111373235,0.034287444,0.464479696,0.095964192,4.30E-07,1.18E-05,0.031977087,2.287616723,1.498251213,0.005707885,0.000719297,0.322013645,18,170,230,57,278,0.004637254,0.000239349,0.006059285,0.000306892,0.007494242,0.000401536,0.017725601
3796,3796,3796,4.5,NGN019,129.6180566,131.6428524,23,137.7078,35.8562,138.408,34.84,3.881,1.5,2.467743631,18:11:00,18:11:41,579,386,194,130,-6.450814764,0.117814697,0.052347334,0.757343637,0.297233983,4.21E-06,2.73E-05,0.128723134,0.170133515,0.848856049,0.007549161,0.002462845,0.402604902,167,132,145,291,299,0.00599165,0.000187019,0.016116286,0.000348498,0.010429863,0.000284886,0.018750791
3797,3797,3797,4.5,NGN020,117.3719433,119.6042351,23,137.9532,35.8282,138.408,34.84,1.233,1.5,2.960728458,18:11:00,18:11:40,736,491,379,261,-6.187375606,0.323656156,0.103462346,1.535384822,0.679879979,2.36E-05,0.000106231,0.627088313,0.038280492,0.131252549,0.012799426,0.005923099,0.248477175,100,181,184,298,299,0.006229976,0.000329203,0.004311575,0.000148633,0.002327047,8.45E-05,0.051511477
3798,3798,3798,4.5,NGN021,107.9477823,110.3708463,23,137.9341,35.7304,138.408,34.84,1.414,0.75,0.772656645,18:11:00,18:11:37,678,452,331,216,-7.303447788,0.205415789,0.027640357,0.359524282,0.044796027,1.15E-07,7.63E-06,0.016240599,0.016213916,0.010713545,0.006324034,0.00050472,0.193437296,166,137,178,163,255,0.002983657,0.000148334,0.002709652,7.28E-05,0.002299117,0.000116233,0.032692938
3799,3799,3799,4.5,NGN023,88.89695738,91.82412009,23,138.0338,35.5787,138.408,34.84,3.637,1.5,1.705674837,18:11:00,18:11:31,711,474,281,183,-6.55644127,0.103136162,0.035980016,0.488442465,0.144265434,9.54E-07,1.29E-05,0.063098824,0.034320413,0.040811951,0.006459989,0.001004381,0.393550668,253,263,270,251,254,9.28E-05,3.49E-06,0.000376815,2.56E-05,0.000165685,1.09E-05,0.01641463
3800,3800,3800,4.5,NGN024,91.98010358,94.81212714,23,137.8374,35.5232,138.408,34.84,21.204,0.010344828,1.033969652,18:11:00,18:11:30,476,317,159,108,-4.23231664,0.13977771,0.113814085,1.581651818,0.27470807,3.50E-06,0.00012941,0.401648581,0.386380775,0.300598483,0.022269753,0.002367173,1.001053631,230,243,262,232,276,0.000308351,7.67E-06,0.000733756,4.25E-05,0.000498539,1.91E-05,0.022246314
3801,3801,3801,4.5,NGN025,70.1369232,73.81184184,23,137.8567,35.2807,138.408,34.84,16.59,0.010273973,1.215979539,18:11:00,18:11:25,584,389,210,111,-5.641560748,0.103849682,0.066529662,0.915011007,0.2007336,1.66E-06,4.43E-05,0.138790242,0.286479281,0.271575238,0.01173147,0.001336506,0.709785519,73,219,146,13,281,8.68E-05,6.72E-06,0.000104575,6.25E-06,0.000134225,7.70E-06,0.01652819
3802,3802,3802,4.5,SIT014,133.3187882,135.2882083,23,138.801,35.9954,138.408,34.84,3.709,0.011627907,1.042487013,18:11:00,18:11:42,489,326,163,100,-6.242203378,0.108641545,0.034577106,0.474849464,0.08697244,3.29E-07,1.19E-05,0.026244675,2.736656063,2.238839077,0.0070818,0.000590867,0.409569508,190,246,224,199,215,0.005123631,0.000196991,0.014109584,0.000347038,0.013873852,0.000274174,0.017290839
3803,3803,3803,4.5,SZO001,69.803019,73.4946356,23,139.0795,35.1424,138.408,34.84,8.356,0.011406844,0.375698729,18:11:00,18:11:25,889,592,296,186,-5.376096488,0.057270075,0.043019994,0.590263361,0.037299847,6.60E-08,1.85E-05,0.041277254,0.188965676,0.230649542,0.008119923,0.000302114,0.890848883,167,209,195,166,257,0.000121399,4.16E-06,0.000686751,5.10E-05,0.001005417,7.01E-05,0.009114815
3804,3804,3804,4.5,SZO002,64.8994289,68.85445427,23,139.1031,34.9652,138.408,34.84,3.671,1.5,3.187504475,18:11:00,18:11:25,541,361,204,151,-7.884353357,0.686926379,0.080811637,1.250065983,0.587314711,1.67E-05,6.50E-05,0.415345997,0.226195551,0.860109296,0.007648268,0.005015539,0.069957257,202,205,186,291,299,0.001058499,6.48E-05,0.001436888,4.84E-05,0.001681511,0.00010044,0.109327729
3805,3805,3805,4.5,SZO003,59.08073231,63.39978652,23,139.0546,34.8158,138.408,34.84,8.228,0.010600707,0.333247066,18:11:00,18:11:23,473,316,158,102,-4.487485316,0.114072577,0.114077314,1.518902707,0.085457148,3.63E-07,0.000129203,0.303810291,0.295525975,0.293953131,0.022572189,0.000895148,1.243289601,271,264,290,274,271,0.000235397,7.65E-06,0.000441827,1.56E-05,0.000421538,1.73E-05,0.018155214
3806,3806,3806,4.5,SZO004,43.28991172,49.02057177,23,138.8194,34.6469,138.408,34.84,11.009,0.011627907,0.25528531,18:11:00,18:11:18,733,488,244,168,-4.094777948,0.075359766,0.093966168,1.247318745,0.050660529,1.46E-07,8.83E-05,0.189837478,0.102287969,0.172907531,0.018855143,0.000589073,1.572063773,58,119,78,31,259,8.78E-05,4.52E-06,6.13E-05,4.12E-06,8.71E-05,5.56E-06,0.011993879
3807,3807,3807,4.5,SZO005,35.62167785,42.40169729,23,138.7841,34.7549,138.408,34.84,6.043,1.5,3.2033943,18:11:00,18:11:16,284,189,161,124,-5.732984526,1.024057803,0.29564653,4.578385162,2.161315178,0.000226279,0.000870527,5.504305558,2.835317131,1.802191007,0.027423185,0.01834205,0.168257056,6,27,10,294,299,0.003530736,0.000252669,0.002416791,0.000184982,0.002187117,0.000153231,0.162983861
3808,3808,3808,4.5,SZO006,36.10274145,42.8066343,23,138.7941,34.9113,138.408,34.84,5.044,0.5,0.4436614,18:11:00,18:11:17,859,573,286,167,-4.991059991,0.056666554,0.058979513,0.777972407,0.061986668,1.73E-07,3.47E-05,0.080724607,0.017212339,0.050658817,0.011748806,0.000469366,1.302707182,44,67,34,53,270,9.45E-05,5.78E-06,0.000101327,6.36E-06,0.0001209,6.87E-06,0.009018762
3809,3809,3809,4.5,SZO007,51.42495865,56.3340605,23,138.9466,34.9771,138.408,34.84,3.82,0.011904762,0.622072539,18:11:00,18:11:20,933,622,311,244,-5.285796441,0.066357998,0.041793717,0.561124964,0.061415306,1.71E-07,1.75E-05,0.048275097,0.062126043,0.036775727,0.008871422,0.000523684,0.840001019,42,245,155,23,289,9.31E-05,6.58E-06,0.000198635,1.01E-05,0.000166873,1.16E-05,0.010561203
3810,3810,3810,4.5,SZO008,50.49456049,55.48604004,23,138.8657,35.096,138.408,34.84,4.109,1.5,3.217248581,18:11:00,18:11:22,303,202,142,95,-6.180286101,0.732751294,0.229261369,3.557088124,1.686414915,0.00013726,0.000523522,3.311443172,0.489002081,8.645873735,0.021150416,0.01421635,0.181360281,2,11,2,296,299,0.003443954,0.000191989,0.002932424,7.96E-05,0.004603065,0.000308812,0.11662099
3811,3811,3811,4.5,SZO009,60.73750089,64.94647038,23,138.9127,35.1971,138.408,34.84,2.174,0.010135135,1.311901944,18:11:00,18:11:25,931,621,310,242,-5.250583259,0.178563357,0.084364764,1.072082125,0.260672273,3.10E-06,7.11E-05,0.284239207,0.037811417,0.050556507,0.016137581,0.0018721,0.567839956,53,109,120,38,77,0.000128246,9.71E-06,0.00018317,1.39E-05,0.000191697,1.28E-05,0.028419241
3812,3812,3812,4.5,SZO011,45.04609043,50.57815994,23,138.6016,35.2128,138.408,34.84,10.015,0.01,1.633592197,18:11:00,18:11:15,375,250,160,97,-3.405713508,0.194219359,0.245423579,3.143266849,0.926888283,4.07E-05,0.000602281,2.421758578,1.648140873,4.502764475,0.049052545,0.006718191,1.586897568,271,199,295,22,237,0.000140535,2.79E-06,0.000342836,1.86E-05,0.000455697,2.05E-05,0.030910971
3813,3813,3813,4.5,SZO012,37.37330554,43.88352729,23,138.6213,35.1271,138.408,34.84,6.031,3,2.600112469,18:11:00,18:11:19,486,324,272,206,-11.29504298,0.105318929,0.003898841,0.053040889,0.025000879,2.60E-08,1.52E-07,0.005076457,1.121775085,0.045808932,0.000593896,0.000147663,0.035431045,277,0,249,41,97,0.000423412,1.18E-05,0.001064121,9.33E-05,0.000598754,3.51E-05,0.016762028
3816,3816,3816,4.5,SZO015,45.28355412,50.78976545,23,138.3407,35.2435,138.408,34.84,25.492,0.428571429,1.263015892,18:11:00,18:11:17,1000,667,333,208,-3.183175413,0.20966186,0.266037091,3.459583385,0.798589243,2.86E-05,0.000707722,2.321242437,1.705260046,0.765327394,0.049952491,0.00668807,1.496985466,199,53,54,25,48,6.75E-05,3.29E-06,6.61E-05,3.14E-06,0.000107575,7.05E-06,0.033368721
3818,3818,3818,4.5,SZO017,34.08290349,41.11744532,23,138.1281,34.6374,138.408,34.84,3.216,3,2.283520172,18:11:00,18:11:12,435,290,219,147,-9.374142558,0.13865784,0.007576548,0.101748376,0.041977621,7.58E-08,5.74E-07,0.023399669,0.012744727,0.10846554,0.001541582,0.000258535,0.069855744,2,4,299,4,75,0.000928969,2.10E-05,0.00101135,1.98E-05,0.000762806,4.64E-05,0.022068081
3820,3820,3820,4.5,SZO019,38.22784032,44.61353803,23,137.9981,34.7699,138.408,34.84,8.661,0.01,1.500843861,18:11:00,18:11:18,2056,1370,685,680,-4.316656467,0.098113422,0.102958416,1.413978216,0.387796548,6.03E-06,0.000105713,0.504545471,0.075607964,0.058556593,0.019528545,0.002477597,1.250608391,22,181,76,20,287,0.000275558,5.26E-06,0.000450618,2.66E-05,0.000516922,3.00E-05,0.015615236
3821,3821,3821,4.5,SZO021,37.98699076,44.40733573,23,138.1332,35.0969,138.408,34.84,16.76,0.010909091,1.325551955,18:11:00,18:11:15,1239,826,413,268,-3.793605206,0.087743691,0.173556093,2.33542788,0.547827823,1.34E-05,0.000301034,1.035191198,0.896815104,0.554815123,0.028784094,0.004057123,2.061182921,277,282,281,279,45,7.87E-05,5.77E-06,8.70E-05,5.15E-06,0.000107664,7.85E-06,0.013964842
3822,3822,3822,4.5,SZO022,60.96226055,65.15671271,23,137.8136,35.0916,138.408,34.84,9.688,0.12,0.951986387,18:11:00,18:11:20,466,311,214,131,-5.454666833,0.12522351,0.096788856,1.36474144,0.225905908,2.14E-06,9.32E-05,0.262140223,0.317038532,0.362734412,0.014032969,0.00150867,0.704114963,160,67,96,13,299,0.000265707,1.84E-05,0.000378305,2.57E-05,0.00015753,1.15E-05,0.019929941
3823,3823,3823,4.5,SZO023,54.11088215,58.79615265,23,137.8164,34.8738,138.408,34.84,1.914,1.5,2.2191517,18:11:00,18:11:22,367,244,239,229,-4.182353685,0.266666617,0.207815654,2.89162866,1.128805494,5.38E-05,0.000431491,3.027917849,0.489726126,0.598118904,0.032190975,0.007445799,0.758482124,270,228,281,273,279,0.000549995,2.52E-05,0.000238002,1.76E-05,0.000198517,1.26E-05,0.04244131
3824,3824,3824,4.5,SZO024,64.50140123,68.47941852,23,137.7197,34.7102,138.408,34.84,1.984,0.166666667,0.509021461,18:11:00,18:11:27,566,377,330,264,-4.097609578,0.095786868,0.124246287,1.775629427,0.150948365,1.01E-06,0.00015436,0.345548728,0.048441565,0.102332721,0.021542899,0.001331317,1.413116763,143,150,186,146,88,0.000675972,1.48E-05,0.000512364,2.37E-05,0.000491598,2.74E-05,0.015244954
3825,3825,3825,4.5,SZO025,81.17501623,84.37051179,23,137.5314,34.7194,138.408,34.84,2.604,1.5,3.202892162,18:11:00,18:11:28,250,167,142,118,-9.601016454,0.688930606,0.040885456,0.635765113,0.29938792,4.33E-06,1.67E-05,0.096900687,0.000615587,0.021946097,0.003815188,0.002492594,0.034795282,15,138,142,286,299,0.000910286,5.54E-05,0.000662139,3.37E-05,0.00093283,5.67E-05,0.109646711
3826,3826,3826,4.5,SZO026,49.14049725,54.25669055,23,137.8975,34.9816,138.408,34.84,11.825,0.2,0.649250908,18:11:00,18:11:20,802,535,279,176,-4.333813417,0.11180832,0.117589546,1.518263664,0.181808743,1.48E-06,0.000138272,0.340716215,0.549126084,0.62487823,0.025257638,0.001306629,1.419379335,35,256,26,21,89,0.000203167,1.44E-05,6.92E-05,2.52E-06,0.000127128,8.59E-06,0.017794847
3827,3827,3827,4.5,TKY010,93.17499164,95.97176182,23,139.2573,34.3779,138.408,34.84,2.946,1.5,3.219022453,18:11:00,18:11:33,381,254,195,147,-2.94555036,0.426563737,0.601870173,9.333478624,4.422563912,0.000946209,0.003604945,22.89646593,1.821524787,19.70244882,0.062456373,0.037135688,0.919967948,272,277,271,278,299,0.010486645,0.000513508,0.005566692,0.000167199,0.009227207,0.000479659,0.067889727
3828,3828,3828,4.5,YMN002,98.93797542,101.576193,23,138.947,35.6132,138.408,34.84,2.056,1.5,2.804932637,18:11:00,18:11:36,362,242,158,98,-5.684417711,0.144399565,0.104629511,1.596358497,0.669080521,2.18E-05,0.000109238,0.569275755,0.05720503,0.265576245,0.013664093,0.005758941,0.594558781,158,178,236,295,299,0.01266503,0.000278203,0.007881924,0.000239788,0.005719806,0.000190563,0.022981905
3829,3829,3829,4.5,YMN003,78.6285927,81.92347398,23,138.813,35.4648,138.408,34.84,2.713,0.5,1.213412892,18:11:00,18:11:29,491,327,199,115,-5.6260977,0.102788305,0.055769592,0.761359485,0.159393256,1.16E-06,3.11E-05,0.09717765,0.251737094,0.096730527,0.01066467,0.001229122,0.651903882,222,223,183,224,294,0.000173221,1.33E-05,0.000316981,2.02E-05,0.000193555,8.47E-06,0.016359267
3830,3830,3830,4.5,YMN004,100.1186886,102.7265877,23,138.7266,35.702,138.408,34.84,4.794,1.5,3.003948742,18:11:00,18:11:34,630,420,210,131,-6.976698654,0.438544715,0.061828423,0.929878478,0.419976411,8.68E-06,3.80E-05,0.206304473,0.058289534,3.567909586,0.008400682,0.003921099,0.120359549,292,123,2,297,299,0.00114732,5.49E-05,0.000757999,2.72E-05,0.002913832,0.000196636,0.069796559
3831,3831,3831,4.5,YMN005,91.75489599,94.59366225,23,138.5677,35.6548,138.408,34.84,2.222,1.5,3.198142537,18:11:00,18:11:32,258,172,128,92,-7.707279129,0.646709091,0.087919233,1.359055492,0.64243352,1.99E-05,7.69E-05,0.502454314,0.399272016,1.384412503,0.008553772,0.00545738,0.083105268,35,33,54,299,299,0.001735981,8.18E-05,0.001626551,7.16E-05,0.002240419,0.000132807,0.102926949
3832,3832,3832,4.5,YMN006,72.17670436,75.75273363,23,138.6069,35.4684,138.408,34.84,2.332,0.428571429,1.444051062,18:11:00,18:11:28,730,487,243,149,-4.968061622,0.167246101,0.099114523,1.351709922,0.351175437,5.18E-06,9.81E-05,0.410357627,0.172129434,0.150909673,0.01810387,0.002294209,0.680135247,53,237,57,25,224,7.53E-05,4.10E-06,8.73E-05,4.27E-06,0.000139859,1.05E-05,0.026618044
3833,3833,3833,4.5,YMN007,49.09959137,54.21964472,23,138.4649,35.2791,138.408,34.84,6.705,0.010204082,0.774696946,18:11:00,18:11:22,547,365,266,186,-3.55990523,0.179929167,0.253975048,3.63245247,0.442187379,9.71E-06,0.000638869,1.683091054,1.458002168,0.500221738,0.040843863,0.004510155,1.426281031,211,157,147,154,299,0.000420824,1.31E-05,0.000609066,3.96E-05,0.00059142,4.05E-05,0.028636616
3834,3834,3834,4.5,YMN008,66.18822463,70.0705436,23,138.3321,35.432,138.408,34.84,2.937,0.010909091,0.415793485,18:11:00,18:11:26,683,455,228,138,-6.124271289,0.074991353,0.048543429,0.691316305,0.046166617,1.03E-07,2.35E-05,0.055097707,0.06720489,0.048852431,0.006977609,0.000503837,0.584622245,62,126,234,169,146,6.95E-05,3.38E-06,0.000159509,1.07E-05,0.000166678,1.39E-05,0.011935244
3835,3835,3835,4.5,YMN009,73.16859821,76.69839479,23,138.4627,35.4965,138.408,34.84,3.647,0.01010101,0.968995042,18:11:00,18:11:28,374,249,139,78,-5.026395355,0.308264325,0.104625407,1.348254293,0.215747162,2.60E-06,0.000109143,0.265048419,0.317639098,0.114324157,0.022703075,0.002421484,0.462744511,57,227,158,273,284,0.00023604,7.56E-06,0.000219546,8.45E-06,0.000172484,7.48E-06,0.049061791
3836,3836,3836,4.5,YMN010,105.8354307,108.3057635,23,138.4096,35.7918,138.408,34.84,2.001,0.6,0.767141205,18:11:00,18:11:36,971,647,363,273,-5.535025369,0.225160413,0.06123821,0.802562206,0.101925075,5.56E-07,3.73E-05,0.112368896,0.047397632,0.030527616,0.014492684,0.001001978,0.404423751,292,299,179,295,140,0.003954392,0.000154972,0.00139851,4.87E-05,0.00317068,7.96E-05,0.035835393
3929,3929,3929,4.5,AIC002,88.13949574,88.41702726,7,136.9153,35.2979,137.595,35.866,6.1,1.5,2.27160578,03:23:00,03:23:52,607,405,294,338,-3.421304513,0.095498986,0.188947264,2.650532607,1.032866391,4.66E-05,0.000356342,3.215460961,0.74471378,0.837570088,0.031704417,0.006924211,2.08593549,93,180,55,26,280,0.000507204,3.16E-05,0.00094934,4.89E-05,0.00066697,3.21E-05,0.015199136
3930,3930,3930,4.5,AIC004,105.5067208,105.7386785,7,136.9736,35.0634,137.595,35.866,3.821,0.010067114,1.102569354,03:23:00,03:23:58,456,304,249,194,-2.822467012,0.16146696,0.243592802,3.108545199,0.589450716,1.83E-05,0.000593241,1.456403469,1.470535609,0.532339128,0.044836037,0.00438446,1.744710676,99,218,259,159,168,0.04457681,0.00217334,0.054059269,0.002588268,0.024386415,0.001364763,0.025698265
3931,3931,3931,4.5,AIC008,85.46176925,85.74796793,7,137.5697,35.0977,137.595,35.866,4.011,1.5,3.146890339,03:23:00,03:23:51,1067,711,356,226,-9.312683317,1.219124992,0.046863698,0.727726106,0.337813124,5.49E-06,2.19E-05,0.156188535,0.0027605,0.004957982,0.004646442,0.002944365,0.023947057,24,216,45,285,299,0.000731408,5.32E-05,0.000401596,2.87E-05,0.000522148,3.62E-05,0.194029769
3932,3932,3932,4.5,AIC009,96.25738142,96.51157173,7,137.1464,35.0812,137.595,35.866,4.622,1.5,2.225569796,03:23:00,03:23:54,353,235,198,150,-3.430376394,0.128679056,0.252027572,3.608235498,1.341445276,7.96E-05,0.000634533,3.760208638,3.379313614,2.72200303,0.031249765,0.008859006,1.525874322,30,121,120,154,291,0.016320202,0.000558382,0.003213385,4.45E-05,0.002440057,4.91E-05,0.020479908
3933,3933,3933,4.5,AIC010,100.1747518,100.4190265,7,137.4236,34.976,137.595,35.866,12.535,0.010452962,0.900202083,03:23:00,03:23:55,396,264,170,104,-3.490388998,0.126925051,0.180870483,2.503867539,0.394973679,6.69E-06,0.000326156,0.816121512,2.767985008,0.928790849,0.034661064,0.002689693,1.715830594,105,47,56,107,260,0.021478805,0.00069399,0.046510679,0.001577164,0.03470065,0.000840349,0.020200749
3934,3934,3934,4.5,AIC013,103.7034182,103.9394004,7,137.5761,34.9335,137.595,35.866,3.829,1.5,2.05994051,03:23:00,03:23:56,878,586,422,308,-6.221062845,0.085593323,0.056161784,0.793359296,0.281137429,3.39E-06,3.15E-05,0.346799369,0.10369851,0.032029653,0.007429313,0.001996577,0.54536671,138,125,67,77,299,0.004807416,0.000185339,0.0063715,0.000203312,0.005879899,0.000168299,0.0136226
3935,3935,3935,4.5,AIC014,120.5083321,120.7114663,7,137.22,34.8263,137.595,35.866,3.631,1.5,3.205282847,03:23:00,03:24:01,449,299,204,132,-3.486676107,0.444117726,0.621281994,9.675706283,4.560654635,0.001000992,0.003846427,23.97693241,2.92786165,45.03121611,0.059410336,0.038341041,0.840511708,27,181,123,287,299,0.012920806,0.000825621,0.022929768,0.00168298,0.020694914,0.001307273,0.070683531
3936,3936,3936,4.5,AIC016,135.9825468,136.1625978,7,136.9087,34.7788,137.595,35.866,2.605,1.5,3.031968645,03:23:00,03:24:09,259,173,121,76,-5.227642543,0.49093423,0.184840513,2.7857236,1.295201766,7.90E-05,0.000339277,2.235870655,2.746435978,9.023088023,0.024497671,0.010611203,0.313531628,179,136,177,265,299,0.01047022,0.000739223,0.015663102,0.00131895,0.014544312,0.001101153,0.078134609
3937,3937,3937,4.5,FKI009,171.462512,171.6053408,7,135.7519,35.4965,137.595,35.866,3.062,1.5,2.916367567,03:23:00,03:24:16,210,140,107,81,-6.988063343,0.500124303,0.099786333,1.532871698,0.665043449,2.13E-05,9.90E-05,0.587381695,5.076081064,1.63885747,0.010571399,0.005721378,0.132811101,12,23,175,297,299,0.007363515,0.000568894,0.010745534,0.000703215,0.015119605,0.001274219,0.079597255
3938,3938,3938,4.5,FKI011,83.39239347,83.68566955,7,136.6706,35.9053,137.595,35.866,4.909,1.5,1.841018942,03:23:00,03:23:51,714,476,287,164,-5.272711644,0.093778441,0.078817344,1.105989474,0.341712395,5.30E-06,6.17E-05,0.3985966,0.14857867,0.317641113,0.01286201,0.002267065,0.861758772,50,35,37,13,249,0.000510385,4.46E-05,0.000741285,5.27E-05,0.00052905,4.72E-05,0.014925302
3939,3939,3939,4.5,GIF001,77.37482716,77.69082236,7,136.8978,36.2742,137.595,35.866,3.72,0.75,1.653490531,03:23:00,03:23:49,1042,695,347,272,-3.863868288,0.189306825,0.160707161,2.149780688,0.597278093,1.79E-05,0.000258197,1.001355506,0.575671969,0.552526173,0.028829613,0.005285564,0.956868831,37,137,65,35,289,0.000488764,3.65E-05,0.000548222,4.61E-05,0.000478922,2.15E-05,0.030129117
3940,3940,3940,4.5,GIF002,68.36654559,68.72397366,7,137.0253,36.2734,137.595,35.866,7.186,0.010204082,0.902196933,03:23:00,03:23:46,974,649,325,224,-3.727700185,0.156832339,0.14386347,1.969759344,0.305325481,4.27E-06,0.000206946,0.501590127,0.629238319,0.512784075,0.029862289,0.002161776,1.19637505,8,32,58,6,256,0.000497742,4.02E-05,0.00045143,3.28E-05,0.000545699,2.62E-05,0.024960642
3941,3941,3941,4.5,GIF003,58.16451064,58.58421543,7,137.3014,36.3322,137.595,35.866,9.246,1.5,3.12606242,03:23:00,03:23:43,1027,684,342,235,-7.168408354,0.822234261,0.119686944,1.828264844,0.848189062,3.53E-05,0.000142569,0.972500416,0.714554615,0.207940329,0.011677841,0.007593393,0.089237388,8,265,18,298,299,0.001298946,0.000101867,0.001366863,9.58E-05,0.000984864,6.00E-05,0.130862647
3942,3942,3942,4.5,GIF004,43.17711108,43.74086101,7,137.5174,36.2492,137.595,35.866,14.368,1.5,1.867556669,03:23:00,03:23:39,627,418,246,150,-3.847170699,0.090084713,0.163081309,2.278839735,0.68559048,2.35E-05,0.00026568,0.748412195,2.266321607,0.969905729,0.023384253,0.005895757,1.630993672,173,232,218,277,298,0.000560155,5.08E-05,0.000657123,3.98E-05,0.000450658,2.97E-05,0.014337427
3943,3943,3943,4.5,GIF005,44.47323852,45.02076126,7,137.2514,36.1536,137.595,35.866,9.256,0.010135135,1.106424493,03:23:00,03:23:39,646,431,227,156,-2.951894195,0.117843474,0.242522416,3.314671965,0.607633677,1.82E-05,0.000588133,1.591735977,3.006153598,1.141727584,0.044552116,0.004962698,2.375432352,27,87,210,29,299,0.00034665,2.44E-05,0.00047212,3.69E-05,0.000421116,2.60E-05,0.018755371
3944,3944,3944,4.5,GIF006,60.72763603,61.12974544,7,136.9528,36.0333,137.595,35.866,3.183,0.5,0.795974053,03:23:00,03:23:44,688,459,333,215,-3.533056298,0.155227707,0.21894876,2.934386187,0.393781934,7.68E-06,0.000478388,1.082537219,1.540157746,2.06137911,0.035661534,0.003580053,1.443479601,52,31,64,16,290,0.000818668,7.26E-05,0.000387632,2.60E-05,0.000458854,3.34E-05,0.024705257
3946,3946,3946,4.5,GIF008,31.63339397,32.39863599,7,137.26,35.9515,137.595,35.866,13.094,0.010033445,1.260544757,03:23:00,03:23:32,775,517,326,216,-1.675817144,0.1310725,0.345127782,4.799165356,0.949196346,4.79E-05,0.001189895,2.962720415,2.028391772,6.229514608,0.070205338,0.008033646,3.365413389,31,200,74,30,292,0.000610285,3.95E-05,0.000686354,4.79E-05,0.000488039,3.38E-05,0.020860836
3947,3947,3947,4.5,GIF009,69.09164395,69.44534011,7,136.8311,35.9219,137.595,35.866,2.903,1.5,3.175664762,03:23:00,03:23:47,563,375,255,164,-10.28720902,0.097580462,0.008767534,0.135733667,0.066288286,1.96E-07,7.68E-07,0.003287611,4.167456387,56.50167058,0.00108139,0.000434872,0.069630491,268,2,3,201,268,0.000517343,2.45E-05,0.004302864,0.000235766,0.009507852,0.000766464,0.015530413
3948,3948,3948,4.5,GIF010,32.32218736,33.07149521,7,137.245,35.8029,137.595,35.866,60.813,0.5,1.190582768,03:23:00,03:23:32,734,489,245,153,-0.488925279,0.088701429,0.582225046,7.429421639,1.59859751,0.00012144,0.003382232,10.59281533,11.41721683,17.08160477,0.126425264,0.011870868,8.95536149,15,37,85,17,257,0.000382802,2.71E-05,0.000435067,3.90E-05,0.000686844,4.45E-05,0.014117271
3949,3949,3949,4.5,GIF011,56.63999934,57.07091663,7,136.9808,35.7593,137.595,35.866,28.251,1.5,1.797937888,03:23:00,03:23:43,1244,830,415,283,-4.257599226,0.070496613,0.10668248,1.454198095,0.475284162,9.32E-06,0.000113803,0.556541476,0.31521367,0.546535762,0.0167405,0.003059019,1.492038567,65,81,58,67,285,0.000277165,1.73E-05,0.000401937,2.25E-05,0.000450494,3.18E-05,0.011219884
3950,3950,3950,4.5,GIF012,103.0871605,103.3245501,7,136.4882,35.6365,137.595,35.866,11.153,0.055555556,1.308873557,03:23:00,03:23:56,832,555,277,195,-5.698874949,0.06438558,0.05066241,0.704727186,0.159311561,1.11E-06,2.56E-05,0.066426652,0.374969541,0.278780534,0.00796201,0.001042896,0.776987357,193,206,260,212,220,0.007273656,0.000126814,0.003524633,0.000108455,0.004087533,0.000142804,0.010247283
3951,3951,3951,4.5,GIF013,45.10456782,45.64451816,7,137.1617,35.6637,137.595,35.866,14.761,0.2,0.633157964,03:23:00,03:23:39,1111,741,370,235,-3.242690235,0.053173057,0.089157116,1.179648704,0.125882256,8.03E-07,7.91E-05,0.17829563,0.331927768,0.584229179,0.018275362,0.001357239,2.159504995,29,42,40,158,298,0.000422555,2.75E-05,0.000430745,2.46E-05,0.000547327,3.44E-05,0.008462755
3952,3952,3952,4.5,GIF014,27.75003697,28.61930384,7,137.4258,35.6576,137.595,35.866,6.676,0.01010101,0.869703405,03:23:00,03:23:31,1368,912,456,355,-1.143757741,0.158896243,0.465051959,5.594601768,0.965644692,4.14E-05,0.002161436,5.415913344,2.647273978,2.712502438,0.116873353,0.008017383,4.621487079,17,181,183,19,32,0.000463989,3.08E-05,0.000334023,2.82E-05,0.000401429,2.92E-05,0.025289123
3953,3953,3953,4.5,GIF015,71.60777832,71.94910643,7,136.9072,35.5454,137.595,35.866,8.188,0.01010101,0.493908657,03:23:00,03:23:47,920,613,322,217,-4.582133271,0.056921036,0.08829988,1.253668365,0.098309265,4.82E-07,7.80E-05,0.214545537,0.128806269,0.277212803,0.012806201,0.000917628,1.413602776,40,93,63,154,183,0.000476838,3.31E-05,0.000628805,2.22E-05,0.001002073,7.21E-05,0.009059264
3954,3954,3954,4.5,GIF016,56.04703112,56.48247248,7,137.1191,35.5424,137.595,35.866,11.688,0.333333333,0.527900925,03:23:00,03:23:42,1059,706,353,208,-3.917725333,0.061101822,0.096351929,1.248569308,0.113989367,6.53E-07,9.25E-05,0.198652632,0.539246592,0.496588283,0.017964145,0.00098568,1.847278037,18,58,113,23,166,0.000420867,2.50E-05,0.000542209,4.11E-05,0.000371646,2.85E-05,0.009724657
3955,3955,3955,4.5,GIF019,49.4262593,49.91948626,7,137.4039,35.4495,137.595,35.866,4.212,0.010273973,0.561376619,03:23:00,03:23:41,720,480,343,218,-2.533001536,0.146031137,0.346445551,4.656798871,0.452695115,9.58E-06,0.001200242,2.69450524,1.348504056,0.643197926,0.051976218,0.004260741,2.236346432,21,46,275,83,71,0.000423447,3.21E-05,0.000538033,2.80E-05,0.000544527,4.52E-05,0.023241577
3956,3956,3956,4.5,GIF020,90.38487369,90.6555315,7,136.7553,35.4243,137.595,35.866,9.084,1.5,1.874485426,03:23:00,03:23:52,572,381,284,200,-2.714403387,0.05904981,0.146269091,1.970098401,0.685393498,1.90E-05,0.000213914,1.201510167,0.309027152,8.809475697,0.028800759,0.003919424,3.064540044,68,93,93,70,246,0.001186484,2.88E-05,0.001494935,7.53E-05,0.001419614,0.000113873,0.009398069
3957,3957,3957,4.5,GIF021,71.45984851,71.80187984,7,137,35.4426,137.595,35.866,16.425,0.010273973,0.285737708,03:23:00,03:23:47,678,452,274,175,-3.212085403,0.053638405,0.134747294,1.868542356,0.086313343,3.75E-07,0.000181327,0.389563939,0.303582266,0.346355055,0.023272727,0.001005687,2.726159666,128,139,214,115,17,0.000358335,2.98E-05,0.00050094,3.87E-05,0.000401289,3.12E-05,0.008536817
3958,3958,3958,4.5,GIF023,63.22416488,63.61049461,7,137.2158,35.3882,137.595,35.866,5.186,1.5,3.196637345,03:23:00,03:23:38,769,513,350,275,-3.544627849,1.248429974,1.018895647,15.74949886,7.428261218,0.002675648,0.010337176,65.66429795,30.00689102,6.201241463,0.095006573,0.063324011,0.478155698,9,9,8,295,299,0.012021277,0.000860646,0.00783589,0.000569514,0.003744656,0.000276067,0.198693801
3959,3959,3959,4.5,GIF024,65.5911051,65.9635738,7,137.387,35.3009,137.595,35.866,4.574,0.25,0.353295776,03:23:00,03:23:45,1255,837,418,283,-3.10784042,0.077341596,0.146350262,1.859816718,0.104561996,6.77E-07,0.00021416,0.497454889,1.073619995,0.633001728,0.031595989,0.00162514,2.566839335,22,114,40,21,89,0.000666877,4.55E-05,0.000515257,3.58E-05,0.000608038,4.85E-05,0.012309297
3960,3960,3960,4.5,GIF026,82.88934847,83.18439811,7,136.7414,35.5912,137.595,35.866,11.71,0.012048193,0.741985115,03:23:00,03:23:49,639,426,213,121,-4.340621955,0.060368263,0.090296999,1.236945409,0.154136258,1.13E-06,8.13E-05,0.190768764,0.348989728,0.317899263,0.015530728,0.001157505,1.61645274,44,94,31,141,267,0.000438771,4.01E-05,0.00051305,2.16E-05,0.000455733,2.74E-05,0.009607908
3961,3961,3961,4.5,HYG015,233.8489534,233.9536984,7,135.2713,34.9515,137.595,35.866,3.974,1.5,2.883906208,03:23:00,03:24:33,702,468,234,147,-8.300125071,0.39162095,0.030608802,0.446965854,0.209694903,1.96E-06,9.31E-06,0.062945072,0.023679166,6.291749772,0.004596668,0.001748575,0.073749169,272,275,249,290,299,0.00183335,6.15E-05,0.005741466,0.000178943,0.006919991,0.000421755,0.06232841
3962,3962,3962,4.5,KYT007,181.2282092,181.3633475,7,135.713,35.3057,137.595,35.866,2.186,1.5,3.104411248,03:23:00,03:24:19,1370,914,457,396,-7.068828218,0.428607977,0.098914123,1.494077351,0.699263639,2.38E-05,9.75E-05,0.652113502,0.225419982,2.355071119,0.009719744,0.006015144,0.142486735,14,277,16,261,299,0.003375254,0.000202392,0.003788853,0.000215696,0.004369317,0.000235931,0.068215078
3963,3963,3963,4.5,MIE001,126.023265,126.2175238,7,136.4943,35.1718,137.595,35.866,3.071,1.5,3.18458811,03:23:00,03:24:03,689,460,395,308,-3.294241161,0.750074427,0.870282915,13.33964213,6.334040657,0.001937836,0.007543452,49.72419185,0.089526157,0.248575165,0.083462475,0.053266874,0.699144212,11,136,74,295,299,0.021304974,0.001331348,0.009862786,0.000596853,0.015124703,0.00078778,0.119378053
3964,3964,3964,4.5,MIE002,135.6185162,135.7990498,7,136.5073,35.0279,137.595,35.866,5.996,1.5,2.419732739,03:23:00,03:23:50,490,327,218,188,-1.685719503,0.175358865,0.408481309,5.559709427,2.381100632,0.000247373,0.001667925,12.33390861,1.389473214,1.175045671,0.090695257,0.015184379,3.249650988,36,137,123,38,284,0.000476478,2.34E-05,0.000731806,4.97E-05,0.000668118,3.98E-05,0.02790923
3965,3965,3965,4.5,MIE004,152.9164487,153.0765831,7,136.4493,34.8569,137.595,35.866,8.098,1.5,3.177439326,03:23:00,03:24:10,767,511,256,252,-2.80703282,0.888454746,1.162443387,17.94991092,8.421268259,0.003442153,0.013459699,86.20198456,25.29012419,21.53997167,0.111394799,0.071992763,0.7877882,74,168,132,295,299,0.016840088,0.001156894,0.022279151,0.00120667,0.026000415,0.000955493,0.141401965
3966,3966,3966,4.5,MIE007,176.7129389,176.8515275,7,136.3404,34.651,137.595,35.866,8.917,0.010909091,0.609342753,03:23:00,03:24:16,551,368,248,158,-5.859188338,0.110887012,0.063086006,0.877312207,0.088080691,3.74E-07,3.98E-05,0.101967866,90.77917022,30.6915514,0.009838837,0.000712321,0.55749754,61,287,261,286,128,0.009122108,0.000309937,0.028052439,0.00142766,0.021978108,0.000968746,0.017648216
3967,3967,3967,4.5,NGN011,74.37825796,74.70692911,7,138.2669,36.2564,137.595,35.866,2.744,0.375,0.940570755,03:23:00,03:23:48,695,463,353,239,-7.089020402,0.138958061,0.037993857,0.508324092,0.087960694,3.23E-07,1.44E-05,0.038896909,0.041819425,0.046004934,0.005888351,0.00067336,0.266250127,107,188,266,164,293,0.000519918,3.87E-05,0.000386529,2.67E-05,0.000455248,3.78E-05,0.022115862
3968,3968,3968,4.5,NGN012,55.43283486,55.8730631,7,137.9785,36.2564,137.595,35.866,2.534,0.75,1.712587808,03:23:00,03:23:43,668,446,353,249,-4.534106214,0.173388949,0.142092252,1.84375309,0.573948537,1.49E-05,0.000201108,0.939793486,0.159225432,0.190335488,0.025049165,0.004536685,0.907719584,205,177,39,35,299,0.000640785,4.94E-05,0.000464361,2.79E-05,0.000602636,4.30E-05,0.027595708
3969,3969,3969,4.5,NGN013,39.20971004,39.8296543,7,137.7852,36.1833,137.595,35.866,9.289,1.5,3.200398132,03:23:00,03:23:38,1508,1005,503,350,-4.972633404,1.82495226,0.591243809,9.130735333,4.31287434,0.000903303,0.00348165,22.36917964,35.74740573,0.004840799,0.05386622,0.036619689,0.185457696,3,230,283,285,299,0.005764258,0.000457449,0.007813941,0.000607725,0.000468799,3.47E-05,0.290450173
3970,3970,3970,4.5,NGN015,50.59700286,51.07892617,7,138.1116,36.0454,137.595,35.866,4.456,0.01010101,0.870011599,03:23:00,03:23:43,282,188,173,162,-2.595940805,0.301629939,0.375017251,5.111821849,0.728633725,2.70E-05,0.001406368,3.063250728,2.114742538,3.044289268,0.079008105,0.00676271,1.645800044,202,171,271,75,64,0.000417002,3.43E-05,0.000395461,3.41E-05,0.000562893,4.29E-05,0.048005896
3971,3971,3971,4.5,NGN016,58.54789193,58.96486792,7,138.2421,35.9151,137.595,35.866,2.591,0.6,1.307806627,03:23:00,03:23:37,355,236,155,96,-2.050985115,0.154383888,0.298861826,3.781879997,0.865965588,3.87E-05,0.000892818,3.146053044,2.000008942,3.468880868,0.07369061,0.007054855,2.999093768,19,97,79,16,240,0.000607945,2.96E-05,0.000451067,3.82E-05,0.000428143,3.69E-05,0.024570959
3974,3974,3974,4.5,NGN020,32.55795738,33.30196073,7,137.9532,35.8282,137.595,35.866,22.463,0.01010101,0.827343264,03:23:00,03:23:32,736,491,379,261,-0.612954284,0.143128736,0.753553091,10.53793876,1.338192961,9.84E-05,0.00567527,12.44456237,2.393366543,5.28264283,0.140954872,0.012154277,6.187755239,31,233,191,33,255,0.000407119,3.44E-05,0.000513702,3.61E-05,0.000503046,3.30E-05,0.022779646
3975,3975,3975,4.5,NGN021,34.09771718,34.80882527,7,137.9341,35.7304,137.595,35.866,4.823,0.5,1.058455872,03:23:00,03:23:37,678,452,331,216,-2.187507026,0.38082331,0.442383442,5.388957384,0.931519707,5.54E-05,0.001952928,6.109826184,1.525372117,1.143004048,0.092720459,0.011471995,1.529790344,52,253,55,44,65,0.00049358,4.31E-05,0.00056731,3.64E-05,0.000387114,1.63E-05,0.060609912
3976,3976,3976,4.5,NGN022,28.74284272,29.5829513,7,137.6125,35.6079,137.595,35.866,49.041,0.0125,0.243748229,03:23:00,03:23:31,927,618,309,186,-0.10269508,0.047663223,0.58332012,7.568591512,0.324645239,5.10E-06,0.003391421,7.27732352,29.08148387,17.58915665,0.109282644,0.003304154,14.40614074,53,57,73,49,204,0.000386558,2.42E-05,0.000442231,2.43E-05,0.000487371,3.68E-05,0.007585838
3977,3977,3977,4.5,NGN023,50.8890243,51.36820801,7,138.0338,35.5787,137.595,35.866,9.978,0.054545455,0.548563071,03:23:00,03:23:41,711,474,281,183,-3.384776694,0.063750365,0.146106615,2.012005144,0.177873065,1.63E-06,0.000213366,0.593501661,1.289109448,0.687386444,0.023852146,0.001705543,2.350848511,211,61,135,40,48,0.001458602,0.000128061,0.001434486,0.000112809,0.001382931,0.000128706,0.010146186
3978,3978,3978,4.5,NGN024,43.95594962,44.50983607,7,137.8374,35.5232,137.595,35.866,16.944,0.5,0.793540726,03:23:00,03:23:34,476,317,159,108,-1.792530918,0.113371645,0.454975506,6.169974715,0.814399661,3.30E-05,0.002066523,4.452621258,3.791721593,3.923268634,0.078411677,0.006561008,4.345664171,41,131,121,33,59,0.000581186,4.32E-05,0.00042961,2.51E-05,0.000713332,3.76E-05,0.018043658
3979,3979,3979,4.5,NGN025,69.25258491,69.60546327,7,137.8567,35.2807,137.595,35.866,5.719,0.010033445,1.481386726,03:23:00,03:23:47,584,389,210,111,-4.56208089,0.077905853,0.10304477,1.43075349,0.338631661,5.89E-06,0.000106033,0.577255636,0.496216957,0.267779565,0.015489756,0.002627266,1.249264349,136,157,299,21,299,0.000470014,3.25E-05,0.000409798,2.94E-05,0.000424841,2.87E-05,0.012399102
3980,3980,3980,4.5,SIG001,130.516326,130.7039072,7,136.2065,35.5398,137.595,35.866,4.849,1.5,3.23235196,03:23:00,03:24:04,406,271,195,125,-3.500584247,0.50686647,0.81828007,12.59054176,6.058031045,0.001765125,0.00666957,40.0451528,13.77521305,97.59470718,0.081017019,0.050443936,1.004297921,3,44,24,289,299,0.020334894,0.000965532,0.012680504,0.000910152,0.019195665,0.001439572,0.080670304
3981,3981,3981,4.5,SIG009,166.9362872,167.0829853,7,136.0854,35.0051,137.595,35.866,2.837,1.5,3.125950003,03:23:00,03:24:14,357,238,157,98,-5.336462049,0.460071415,0.182786239,2.826837609,1.329855194,8.25E-05,0.000333262,2.115491568,15.83411811,6.898335556,0.021410654,0.010553481,0.292404835,219,201,46,255,299,0.007591008,0.000658028,0.011389518,0.000701983,0.00999964,0.000518074,0.07322264
3982,3982,3982,4.5,SIG012,163.4962194,163.6460014,7,136.2307,34.9043,137.595,35.866,3.474,1.5,2.890656093,03:23:00,03:24:14,767,512,256,158,-5.978833409,0.2778512,0.118618284,1.787466312,0.791947137,2.97E-05,0.000140474,0.613015276,7.054462245,0.4979338,0.013762311,0.006515771,0.311213871,219,118,235,215,293,0.008467195,0.000529412,0.012112559,0.000798468,0.013955973,0.00088706,0.044221392
3983,3983,3983,4.5,SIT014,109.5337371,109.7571846,7,138.801,35.9954,137.595,35.866,4.027,1.5,3.133560426,03:23:00,03:23:59,489,326,163,100,-4.730010338,0.18388119,0.200048663,3.010453012,1.417746856,9.93E-05,0.00039915,2.436996686,0.131552679,8.071446609,0.021900803,0.011989241,0.748346279,68,111,123,267,299,0.009512485,0.00032976,0.01260328,0.000267542,0.023315419,0.000717336,0.0292656
3984,3984,3984,4.5,SZO021,98.42963643,98.67823128,7,138.1332,35.0969,137.595,35.866,13.668,0.5,1.386865907,03:23:00,03:23:55,1239,826,413,268,-4.992996069,0.217600372,0.111540283,1.515821622,0.340774337,6.06E-06,0.000124407,0.464733327,0.318935634,0.133400982,0.020765453,0.002693111,0.599600034,42,142,234,32,276,0.018395422,0.001000794,0.016935932,0.000929382,0.009744285,0.000435599,0.034632175
3985,3985,3985,4.5,SZO022,88.35503102,88.63188764,7,137.8136,35.0916,137.595,35.866,4.234,0.010869565,0.916307874,03:23:00,03:23:52,466,311,214,131,-4.278193805,0.109908957,0.107055845,1.50166601,0.248639482,2.43E-06,0.000114482,0.388391467,0.346604141,0.367058249,0.019551862,0.001556214,1.117724849,100,271,103,102,48,0.000430158,2.34E-05,0.000502821,4.37E-05,0.000411905,2.34E-05,0.017492554
3986,3986,3986,4.5,SZO023,112.1389815,112.357248,7,137.8164,34.8738,137.595,35.866,3.364,0.130434783,0.677574199,03:23:00,03:23:59,367,244,239,229,-5.068005983,0.162076353,0.073863053,0.950907558,0.111953424,6.34E-07,5.45E-05,0.171752692,0.218071802,0.200047871,0.016791547,0.001244605,0.650954941,122,188,135,119,122,0.018618114,0.000653112,0.010349101,0.000764282,0.008408092,0.000407503,0.025795253
3987,3987,3987,4.5,SZO026,102.0890653,102.3287704,7,137.8975,34.9816,137.595,35.866,4.886,0.01010101,1.401472249,03:23:00,03:23:56,802,535,279,176,-5.835619928,0.070561395,0.055387834,0.749485645,0.183978476,1.53E-06,3.07E-05,0.255208275,0.070596376,0.056475204,0.008577972,0.001346625,0.763831067,212,178,116,143,163,0.004484326,0.000150645,0.003797844,0.000103647,0.005123874,0.000133229,0.011230195
3988,3988,3988,4.5,TYM005,111.8457673,112.0646049,7,137.0803,36.7824,137.595,35.866,2.454,1.5,1.798558765,03:23:00,03:24:00,186,124,81,50,-5.843371236,0.229282321,0.091557521,1.295137331,0.366277458,6.87E-06,8.38E-05,0.237534658,0.033811445,0.025355576,0.014190331,0.003993176,0.388867658,133,186,264,203,297,0.009599573,0.000534086,0.003823809,0.000152309,0.005241939,0.000252625,0.036491415
3989,3989,3989,4.5,TYM011,81.3918389,81.69229731,7,137.385,36.5781,137.595,35.866,2.706,1.5,3.201854738,03:23:00,03:23:50,745,496,248,170,-9.195181231,1.372964863,0.06010592,0.921583731,0.436175865,9.35E-06,3.60E-05,0.218530681,0.080876686,0.446937636,0.005382492,0.003687518,0.024632237,50,10,4,284,299,0.000691763,4.19E-05,0.000808611,3.96E-05,0.001135104,8.12E-05,0.218514145
3990,3990,3990,4.5,YMN001,119.738507,119.942945,7,138.9198,35.7895,137.595,35.866,3.72,1.5,3.23603648,03:23:00,03:24:01,1215,810,405,235,-2.693014151,0.949506172,1.523722932,23.50703136,11.25246791,0.006133931,0.02312447,142.7257521,20.60369828,52.37233364,0.136268567,0.093788988,0.901732586,3,87,38,299,299,0.023101142,0.001784721,0.020936796,0.000769944,0.0212158,0.001136536,0.151118601
3991,3991,3991,4.5,YMN004,103.6907413,103.9267522,7,138.7266,35.702,137.595,35.866,3.13,0.01010101,1.75475893,03:23:00,03:23:57,630,420,210,131,-3.906922652,0.29355205,0.242930967,3.387674412,1.004817346,4.60E-05,0.000590054,2.669037584,0.612052741,2.880766117,0.043702132,0.006474659,0.935400011,3,232,93,9,282,0.025926865,0.001926679,0.016670377,0.000920644,0.028630656,0.001120688,0.04672026
3992,3992,3992,4.5,YMN008,82.24774564,82.54508866,7,138.3321,35.432,137.595,35.866,3.808,1.5,3.214975942,03:23:00,03:23:50,683,455,228,138,-9.43895174,1.301944153,0.049376893,0.761379812,0.362738099,6.36E-06,2.43E-05,0.163499664,0.366465661,0.000811975,0.004420873,0.003043977,0.021335141,13,197,20,294,299,0.00061702,3.93E-05,0.001120904,9.05E-05,0.000392066,2.03E-05,0.207210848
3993,3993,3993,4.5,YMN009,88.48772717,88.76416991,7,138.4627,35.4965,137.595,35.866,2.082,0.010033445,1.627079598,03:23:00,03:23:53,374,249,139,78,-3.496635894,0.277597992,0.310205114,3.930425791,1.18569119,6.45E-05,0.00096215,4.018244392,3.880124918,4.25163138,0.058414165,0.009072945,1.322153018,34,158,220,19,33,0.000530016,3.20E-05,0.000339882,1.71E-05,0.000299818,2.17E-05,0.044181093
3994,3994,3994,4.5,YMN010,73.90072148,74.23150703,7,138.4096,35.7918,137.595,35.866,3.419,0.01010101,1.825665965,03:23:00,03:23:49,971,647,363,273,-1.885615402,0.184901581,0.458480676,6.124614279,1.951116052,0.000177435,0.002101633,10.10910518,1.603924028,3.849979077,0.085786167,0.013135111,2.915120489,7,275,34,9,32,0.000491457,2.77E-05,0.00040558,2.57E-05,0.000476953,2.66E-05,0.029428001
4185,4185,4185,4.5,AIC001,61.16519161,62.53143741,13,136.75,35.2976,136.337,35.733,3.439,1.5,3.187209194,02:16:00,02:16:27,204,136,103,69,-9.128125926,1.452451522,0.054407418,0.839525249,0.39532777,7.58E-06,2.95E-05,0.187951365,0.000543836,0.042730822,0.005203457,0.003371081,0.022509727,52,103,21,299,299,0.000783834,4.68E-05,0.000788251,4.41E-05,0.000622539,4.38E-05,0.231164839
4186,4186,4186,4.5,AIC002,71.27576384,72.45160116,13,136.9153,35.2979,136.337,35.733,4.867,0.010238908,0.652651885,02:16:00,02:16:20,607,405,294,338,-2.392565224,0.092876689,0.196982051,2.328231539,0.305617515,4.19E-06,0.000388019,0.975611055,0.85248496,0.992984658,0.054385381,0.002615227,3.679216282,13,38,62,23,13,0.000332814,1.95E-05,0.000450491,1.51E-05,0.000852484,3.49E-05,0.014781784
4187,4187,4187,4.5,AIC003,72.17874367,73.34010525,13,136.7404,35.1732,136.337,35.733,2.891,1.5,3.170085606,02:16:00,02:16:30,190,127,124,118,-9.065488247,0.097446882,0.01422186,0.21796428,0.103922699,5.13E-07,2.02E-06,0.010436505,10.82504624,0.850761373,0.001641109,0.000816966,0.105815506,5,6,30,277,296,0.000717405,2.54E-05,0.004539995,0.000336729,0.001272396,9.52E-05,0.015509153
4188,4188,4188,4.5,AIC004,94.22014359,95.11275129,13,136.9737,35.0632,136.337,35.733,2.625,1.5,1.813963452,02:16:00,02:16:35,456,304,249,194,-3.814668854,0.141207185,0.172924516,2.373862528,0.75853482,2.49E-05,0.000299025,1.467685713,0.299901702,0.179727658,0.026816234,0.004459485,1.193220938,214,230,63,108,248,0.000372189,2.15E-05,0.000398408,2.69E-05,0.000337584,1.91E-05,0.022473821
4189,4189,4189,4.5,AIC009,103.1204175,103.9366178,13,137.1464,35.0812,136.337,35.733,2.688,1.5,2.007483218,02:16:00,02:16:37,353,235,198,150,-4.380262784,0.20272993,0.147707116,1.960753584,0.719235379,2.23E-05,0.000217975,1.305584118,0.573139324,0.333332583,0.026908472,0.004555947,0.833971154,4,91,291,14,240,0.000143056,8.13E-06,0.000183132,8.08E-06,0.000199002,1.16E-05,0.03226547
4190,4190,4190,4.5,AIC010,129.5978562,130.2482412,13,137.4236,34.976,136.337,35.733,2.549,1.5,3.146555043,02:16:00,02:16:45,396,264,170,104,-2.754263942,0.523459848,0.90134445,13.88447245,6.438878211,0.002028466,0.008088291,52.65818523,18.79639415,3.722454147,0.090851729,0.055191574,1.090510092,23,34,58,264,299,0.02307647,0.001260875,0.025084328,0.001734512,0.023586904,0.001271918,0.083311222
4191,4191,4191,4.5,AIC011,94.81277019,95.69985052,13,136.8639,34.9965,136.337,35.733,5.37,1.5,3.157398968,02:16:00,02:16:35,269,180,112,64,-8.098078403,0.871132387,0.063168846,0.974330416,0.453802277,1.00E-05,3.97E-05,0.254182306,0.271316667,0.065693084,0.006659931,0.003933158,0.048035842,298,89,105,299,299,0.001054828,6.58E-05,0.000992583,8.27E-05,0.001145581,5.30E-05,0.138645025
4192,4192,4192,4.5,AIC012,111.6168715,112.3713754,13,137.0447,34.9119,136.337,35.733,2.047,1.5,1.690993878,02:16:00,02:16:41,265,176,127,88,-4.762416838,0.25065474,0.120004106,1.569262684,0.480949781,1.04E-05,0.000143851,0.46031507,0.200245734,0.085523452,0.023881352,0.003612118,0.598636026,163,224,276,154,299,0.020570016,0.001394656,0.013953754,0.001076336,0.014194368,0.000712143,0.039892941
4193,4193,4193,4.5,AIC014,128.797674,129.4520793,13,137.22,34.8263,136.337,35.733,2.266,1.5,3.170924291,02:16:00,02:16:45,449,299,204,132,-4.292112794,1.098935465,0.599535829,9.222638511,4.340057881,0.000912046,0.003581005,22.74886503,2.309086847,11.37986167,0.058978648,0.037213742,0.33721159,176,231,16,293,299,0.009976645,0.000630369,0.012342218,0.000751592,0.018491411,0.001321968,0.174901011
4194,4194,4194,4.5,AIC016,118.1193739,118.8325986,13,136.9087,34.7788,136.337,35.733,2.746,0.333333333,0.361877527,02:16:00,02:16:42,259,173,121,76,-5.813107485,0.165703483,0.077759539,1.098798656,0.06471861,2.01E-07,6.05E-05,0.128375803,0.270538424,0.147345447,0.01156062,0.000714868,0.438358419,61,123,269,179,72,0.010392226,0.000513515,0.013427497,0.000608032,0.006486317,0.000310571,0.026372528
4195,4195,4195,4.5,FKI001,56.10458667,57.59101185,13,136.1571,36.2161,136.337,35.733,7.436,0.010989011,0.821033497,02:16:00,02:16:19,490,327,201,117,-3.441548403,0.096131336,0.154917531,2.080093337,0.293775737,4.09E-06,0.000239655,0.634556294,0.884670579,0.860941024,0.031745584,0.00228695,2.074904958,188,60,299,190,256,6.88E-05,3.99E-06,5.30E-05,3.53E-06,8.29E-05,5.16E-06,0.015299777
4196,4196,4196,4.5,FKI002,44.75509537,46.60491993,13,136.0137,36.0386,136.337,35.733,7.54,1.5,1.915714646,02:16:00,02:16:16,537,358,227,170,-1.85257971,0.09020992,0.355900441,4.709838823,1.689786724,0.000117393,0.001262818,6.643614836,2.943068664,4.917911332,0.066659791,0.009696042,4.642902005,26,147,39,21,299,8.04E-05,6.18E-06,5.48E-05,4.16E-06,4.44E-05,1.91E-06,0.014357355
4197,4197,4197,4.5,FKI003,35.99391562,38.26959579,13,136.2279,36.0444,136.337,35.733,12.92,0.010273973,0.505972366,02:16:00,02:16:19,377,251,168,101,-2.989874749,0.078847559,0.209630949,2.77140567,0.258915276,2.85E-06,0.000439433,1.012175002,0.627209473,0.326869319,0.037724726,0.002034569,3.006198908,46,61,74,43,30,0.00028185,1.34E-05,0.000269804,1.54E-05,0.000332287,1.88E-05,0.012548979
4198,4198,4198,4.5,FKI004,30.48213268,33.13850348,13,136.4865,35.9789,136.337,35.733,19.944,0.428571429,0.912998717,02:16:00,02:16:17,518,348,284,208,-1.83357351,0.083765212,0.246370928,3.26349671,0.528772772,1.28E-05,0.000605031,1.6422374,1.349472195,1.324754755,0.065819418,0.004356289,4.937080588,192,216,292,23,42,0.000129043,7.21E-06,0.000272049,1.67E-05,0.000180891,4.64E-06,0.013331647
4201,4201,4201,4.5,FKI007,27.08457169,30.04286976,13,136.0575,35.6447,136.337,35.733,34.095,0.157894737,0.721565227,02:16:00,02:16:14,244,163,105,63,-0.151032459,0.074595701,0.64849297,8.60931761,1.137835077,5.50E-05,0.004173127,10.86962718,6.384840519,13.32919891,0.135169398,0.008638025,11.38529915,288,213,233,290,288,0.000114645,6.41E-06,0.000394486,2.21E-05,0.000300808,1.70E-05,0.011872275
4202,4202,4202,4.5,FKI008,43.86037423,45.74639251,13,135.9084,35.5479,136.337,35.733,35.956,1.5,3.177037364,02:16:00,02:16:20,269,179,136,101,-7.139231648,0.679077333,0.115769879,1.78702709,0.838582465,3.41E-05,0.000133415,0.832477637,0.286969734,0.524974082,0.011064233,0.007197812,0.102372179,52,51,3,299,299,0.001799065,9.34E-05,0.001918753,5.99E-05,0.00110187,8.07E-05,0.108078514
4203,4203,4203,4.5,FKI009,59.0675236,60.48117347,13,135.7519,35.4965,136.337,35.733,17.158,1.5,3.182059906,02:16:00,02:16:25,210,140,107,81,-9.019349057,0.509910309,0.0444163,0.685469158,0.321984321,5.04E-06,1.96E-05,0.12574464,0.115213343,0.072373514,0.004141435,0.002752102,0.05103134,30,32,28,298,299,0.000768269,3.41E-05,0.000550003,3.54E-05,0.000481718,2.68E-05,0.081154746
4204,4204,4204,4.5,FKI010,76.00210529,77.10590126,13,135.551,35.4904,136.337,35.733,6.412,0.010638298,0.826605961,02:16:00,02:16:29,274,183,162,132,-3.55557094,0.131595669,0.189540222,2.467740962,0.379959551,6.21E-06,0.00035909,0.945147947,0.295374693,0.622467207,0.035631209,0.002649977,1.701252712,63,225,181,51,298,0.000232447,1.33E-05,0.000161545,1.05E-05,0.000171748,9.03E-06,0.020944101
4205,4205,4205,4.5,FKI011,35.66227523,37.95784338,13,136.6706,35.9053,136.337,35.733,11.587,0.010169492,0.261552651,02:16:00,02:16:18,714,476,287,164,-2.265858355,0.069394327,0.156237257,2.078628039,0.087782076,4.23E-07,0.000244012,0.521552231,0.463374369,0.852747296,0.038536179,0.001135139,3.489189474,24,137,39,23,29,5.07E-05,4.96E-06,7.88E-05,5.78E-06,8.11E-05,5.12E-06,0.01104445
4206,4206,4206,4.5,GIF006,64.75219232,66.04427613,13,136.9528,36.0333,136.337,35.733,1.803,0.111111111,0.796989502,02:16:00,02:16:27,688,459,333,215,-5.968461848,0.054662896,0.038613432,0.527642377,0.066953135,2.40E-07,1.49E-05,0.039913511,0.03605501,0.056292503,0.006156265,0.00075476,0.707627253,60,130,169,256,262,5.31E-05,2.55E-06,5.14E-05,4.06E-06,4.13E-05,2.97E-06,0.00869987
4207,4207,4207,4.5,GIF007,108.9274005,109.7004038,13,137.4861,36.0378,136.337,35.733,4.812,1.5,3.193305088,02:16:00,02:16:27,378,252,180,114,-10.09968408,1.33846571,0.046916884,0.724246471,0.341908849,5.66E-06,2.19E-05,0.14323003,0.009090342,1.48E-05,0.004369804,0.002925068,0.020513253,4,27,52,297,299,0.000536834,4.02E-05,0.000170019,1.15E-05,9.23E-05,3.52E-06,0.213023434
4208,4208,4208,4.5,GIF009,49.24935638,50.93622585,13,136.8311,35.9219,136.337,35.733,4.01,0.3,0.684073689,02:16:00,02:16:23,563,375,255,164,-3.918824547,0.117127191,0.114772158,1.53516638,0.168388336,1.56E-06,0.000131324,0.284080488,0.258272159,0.571588908,0.02458767,0.002192895,1.318983969,242,102,107,8,21,4.89E-05,3.39E-06,8.18E-05,5.69E-06,6.63E-05,5.73E-06,0.018641371
4209,4209,4209,4.5,GIF011,58.17464139,59.60946989,13,136.9808,35.7593,136.337,35.733,13.066,0.6,1.44485431,02:16:00,02:16:25,1244,830,415,283,-3.730023851,0.103577477,0.127110974,1.556212589,0.452397187,8.54E-06,0.000161446,0.574079047,0.276756198,2.118293787,0.030652039,0.003095867,1.859404654,21,196,25,23,297,6.66E-05,3.86E-06,5.35E-05,3.56E-06,5.69E-05,4.89E-06,0.016484867
4211,4211,4211,4.5,GIF013,74.86897625,75.98923348,13,137.1617,35.6637,136.337,35.733,5.242,0.010135135,0.400400991,02:16:00,02:16:30,1111,741,370,235,-4.738739597,0.074210776,0.080798627,1.083264054,0.06327923,2.65E-07,6.53E-05,0.140799333,0.148122398,0.420390052,0.016447471,0.001157155,1.392553932,87,252,166,14,18,6.06E-05,3.71E-06,9.85E-05,2.91E-06,0.000153962,1.01E-05,0.011811012
4212,4212,4212,4.5,GIF017,34.40853463,36.78243134,13,136.5679,35.487,136.337,35.733,15.649,0.3,1.082098094,02:16:00,02:16:18,614,409,289,195,-2.694394886,0.087917301,0.212354224,2.785347416,0.5359709,1.33E-05,0.000448838,1.31977959,1.809934867,0.904250526,0.04472689,0.00394751,3.196496426,35,245,78,23,285,0.000119782,8.20E-06,9.92E-05,7.15E-06,0.000138203,9.40E-06,0.013992473
4213,4213,4213,4.5,GIF021,68.09557565,69.32537358,13,137,35.4426,136.337,35.733,3.134,0.3,0.875186683,02:16:00,02:16:28,678,452,274,175,-3.918859856,0.162102924,0.140586768,1.783425954,0.28809911,3.83E-06,0.00019743,0.462501595,0.315511949,0.401812603,0.032921389,0.002188897,1.276048474,16,96,61,22,44,0.000212452,1.37E-05,0.000138474,8.32E-06,0.000188531,9.96E-06,0.025799482
4214,4214,4214,4.5,GIF022,51.45424143,53.07107462,13,136.4715,35.2834,136.337,35.733,3.906,1.5,2.234769221,02:16:00,02:16:23,1132,755,377,307,-5.623839339,0.203070398,0.079945381,1.046789598,0.426777275,8.08E-06,6.39E-05,0.400841227,0.270623362,0.181968613,0.015697959,0.002556481,0.485709336,75,183,54,20,37,4.71E-05,2.99E-06,5.84E-05,4.68E-06,3.83E-05,2.56E-06,0.032319658
4215,4215,4215,4.5,GIF023,88.25601513,89.20831915,13,137.2158,35.3882,136.337,35.733,3.146,1.5,3.164318892,02:16:00,02:16:35,769,513,350,275,-4.642890342,0.619015644,0.276147871,4.253530672,1.991071647,0.000192285,0.000758132,4.744598764,2.940832046,33.75411915,0.031799097,0.01721718,0.322769906,296,22,5,297,299,0.004884084,0.000227198,0.002561245,0.000177675,0.008049305,0.000598255,0.0985194
4216,4216,4216,4.5,GIF024,106.4865334,107.2771262,13,137.387,35.3009,136.337,35.733,3.917,0.01010101,0.701386762,02:16:00,02:16:40,1255,837,418,283,-4.493123852,0.14380556,0.097521532,1.174033602,0.142223599,1.18E-06,9.51E-05,0.232485409,0.336611409,0.199339411,0.021961482,0.001562943,0.959546071,73,100,101,64,113,0.02468424,0.001109585,0.018665344,0.000745138,0.012889914,0.000655663,0.022887366
4217,4217,4217,4.5,GIF026,39.79168097,41.86141271,13,136.7414,35.5912,136.337,35.733,29.847,0.073170732,0.490985067,02:16:00,02:16:15,639,426,213,121,-0.030035698,0.076178342,0.458678411,4.765356636,0.515366384,1.28E-05,0.002103799,4.656455296,7.392197878,10.80594261,0.160453335,0.003811308,13.23418193,21,36,28,23,41,7.37E-05,4.57E-06,0.000158953,1.17E-05,8.39E-05,4.59E-06,0.01212416
4218,4218,4218,4.5,HYG002,154.6468987,155.1923429,13,134.6284,35.6411,136.337,35.733,2.233,1.5,3.205180682,02:16:00,02:16:52,334,223,174,121,-4.205626041,0.880172243,0.552309148,8.505712645,4.050416403,0.000790884,0.003039257,18.86263955,16.8566039,0.326302006,0.05367736,0.034196061,0.383180451,11,15,151,276,299,0.013217921,0.000943687,0.009923312,0.000591892,0.018410769,0.001130863,0.140083763
4219,4219,4219,4.5,HYG003,135.5194285,136.1415275,13,134.8758,35.4615,136.337,35.733,3.767,1.5,3.210814045,02:16:00,02:16:46,639,426,213,144,-1.77543378,0.779219639,2.317688059,35.91427689,17.0103404,0.01397126,0.053501383,335.6006562,6.226932485,1696.229174,0.21288741,0.143546591,1.716603354,7,51,8,291,299,0.048128221,0.002181992,0.023564266,0.000935883,0.07436763,0.004664769,0.124016657
4220,4220,4220,4.5,HYG005,140.4185364,141.0190248,13,134.8619,35.3407,136.337,35.733,5.155,1.5,3.206148845,02:16:00,02:16:47,556,371,229,149,-2.137205121,0.918424485,1.662249436,25.78408981,12.17165363,0.00716345,0.027511523,172.8453398,17.21937544,20.8947535,0.154408063,0.10291012,1.056346478,58,97,80,299,299,0.022613958,0.001692038,0.020316094,0.000789805,0.020567301,0.001045866,0.146171797
4221,4221,4221,4.5,HYG008,154.6592929,155.2046935,13,134.788,35.1482,136.337,35.733,2.843,1.5,3.211527936,02:16:00,02:16:52,792,528,264,182,-3.403828715,0.896649042,0.951506801,14.7720043,6.98375608,0.00235494,0.009013973,56.74503701,4.151858624,0.482670884,0.089083565,0.058979748,0.62424485,3,285,289,299,299,0.012302059,0.000938749,0.007781416,0.000296157,0.008129401,0.000312248,0.142706127
4222,4222,4222,4.5,HYG009,128.0795205,128.7375763,13,135.1041,35.169,136.337,35.733,8.303,0.010169492,1.345150951,02:16:00,02:16:44,400,267,195,127,-4.81614108,0.102228354,0.089257246,1.23939491,0.290326556,3.65E-06,7.97E-05,0.289744786,1.576968932,4.97693056,0.017273824,0.001944581,1.061688192,30,99,170,23,299,0.016496033,0.000779403,0.026554465,0.001290004,0.026115363,0.001648764,0.016270148
4223,4223,4223,4.5,HYG010,129.0485818,129.7017212,13,135.1777,35.0593,136.337,35.733,11.556,0.010169492,0.652071015,02:16:00,02:16:44,483,322,222,163,-4.792674921,0.129434231,0.087566841,1.164203238,0.129823911,8.26E-07,7.67E-05,0.168253412,0.215300561,0.447853215,0.017587612,0.001420031,0.853763504,28,37,178,30,27,0.022674019,0.000857437,0.018770365,0.0007538,0.02418116,0.001083912,0.020600098
4224,4224,4224,4.5,HYG011,200.7051063,201.1256814,13,134.3228,34.9848,136.337,35.733,1.586,1.5,3.158167389,02:16:00,02:17:05,551,367,184,105,-7.511023013,0.755711188,0.093312939,1.437069599,0.672009876,2.19E-05,8.67E-05,0.551908126,0.497215321,0.00288,0.009265138,0.005774968,0.077032844,65,277,159,280,299,0.002079647,0.000115498,0.001705262,0.000117689,0.001788651,6.83E-05,0.120275171
4225,4225,4225,4.5,HYG012,181.4245413,181.8897033,13,134.552,34.9959,136.337,35.733,2.069,1.5,2.58322936,02:16:00,02:16:59,792,528,264,176,-7.166679426,0.274708121,0.06541094,0.945078592,0.385118211,7.20E-06,4.26E-05,0.244720843,0.043997724,40.28213372,0.008311634,0.003262057,0.190105545,14,11,7,89,299,0.006182912,0.000227216,0.004167859,0.000216081,0.013440681,0.000785888,0.043721155
4226,4226,4226,4.5,HYG013,164.9405612,165.4520739,13,134.7634,34.989,136.337,35.733,3.771,1.5,3.187750029,02:16:00,02:16:54,506,337,212,143,-4.435159223,1.063598707,0.618764308,9.572425665,4.499477399,0.000981601,0.003813523,24.46566712,111.2374099,18.36495356,0.058394717,0.038479472,0.344965473,2,9,51,283,299,0.006766405,0.000495441,0.0206152,0.001181637,0.014966512,0.000507841,0.169276992
4227,4227,4227,4.5,HYG014,145.9458355,146.5236735,13,134.9999,35.0023,136.337,35.733,3.431,1.5,3.227298911,02:16:00,02:16:49,964,643,321,195,-4.926901805,0.767281783,0.351297558,5.422765595,2.597351108,0.000323963,0.001227938,7.260248504,20.05135715,16.04439442,0.035104025,0.021406186,0.28746296,63,20,19,299,299,0.007679657,0.000558987,0.00863155,0.000696997,0.013650103,0.000588639,0.122116688
4228,4228,4228,4.5,HYG015,129.978932,130.6274197,13,135.2713,34.9515,136.337,35.733,11.82,0.010416667,0.511652176,02:16:00,02:16:30,702,468,234,147,-4.391196451,0.105855863,0.131159756,1.723983965,0.160815289,1.14E-06,0.000172013,0.395112988,2.524030702,7.643982377,0.021689317,0.001145595,1.287392032,75,221,121,114,52,4.58E-05,3.07E-06,9.57E-05,7.61E-06,3.81E-05,2.94E-06,0.016847484
4229,4229,4229,4.5,HYG016,207.5663714,207.9730717,13,134.39,34.7551,136.337,35.733,1.944,1.5,2.59104564,02:16:00,02:17:07,251,168,101,58,-7.638170109,0.391795174,0.04858273,0.663106396,0.285528243,3.99E-06,2.35E-05,0.135609869,1.60219227,2.762942753,0.006432284,0.002663317,0.103153977,282,167,13,286,299,0.004063561,0.000204402,0.007368897,0.000641155,0.006908177,0.000514032,0.062356139
4230,4230,4230,4.5,HYG017,189.4739211,189.9193691,13,134.5445,34.8593,136.337,35.733,2.279,1.5,3.190926286,02:16:00,02:17:01,926,617,309,216,-5.940388346,1.173596772,0.255852626,3.932502118,1.863776141,0.000168026,0.000651481,4.128142545,2.209938225,2.12022415,0.025139159,0.015836324,0.134589664,8,187,6,284,299,0.003687365,0.000267073,0.004527917,0.000288912,0.004510614,0.000367304,0.186783727
4231,4231,4231,4.5,HYG018,181.3007877,181.7662664,13,134.687,34.8143,136.337,35.733,3.545,1.5,3.191945413,02:16:00,02:16:59,414,276,199,128,-5.69357935,0.678927165,0.251617145,3.862569525,1.833706169,0.000162855,0.000631032,3.841014866,7.913058506,1.684169443,0.023897205,0.015461266,0.221158577,189,288,34,287,299,0.006515372,0.00031547,0.007321042,0.000454919,0.008310011,0.000532779,0.108054614
4232,4232,4232,4.5,HYG019,170.020271,170.5165463,13,134.8236,34.832,136.337,35.733,6.268,1.5,3.181212161,02:16:00,02:16:56,588,392,196,151,-5.933714247,0.398245924,0.143453272,2.207202118,1.048206171,5.26E-05,0.000205259,1.108727118,0.559536407,8.318177318,0.015866178,0.008509157,0.25032306,42,161,83,294,299,0.006355581,0.000202709,0.010424757,0.00039423,0.013299868,0.000746338,0.063382807
4233,4233,4233,4.5,HYG020,160.5466001,161.0720672,13,134.9899,34.7976,136.337,35.733,3.754,1.5,3.199280342,02:16:00,02:16:54,874,582,291,236,-5.498811292,0.578871174,0.242015683,3.716818748,1.768495728,0.000151191,0.000583151,3.550909731,1.097512842,4.389095685,0.023953976,0.014674466,0.260001319,157,104,186,260,299,0.005068759,0.000318668,0.006239372,0.000263604,0.005755989,0.000315941,0.092130209
4234,4234,4234,4.5,HYG021,157.8664476,158.4008058,13,135.1583,34.6898,136.337,35.733,2.701,1.5,2.144981662,02:16:00,02:16:53,938,626,313,203,-7.945561807,0.227743401,0.037350961,0.52543326,0.184290608,1.62E-06,1.39E-05,0.054290215,26.27787058,3.551206176,0.005825133,0.001603448,0.160708883,165,5,158,48,299,0.004752261,0.000225286,0.010043627,0.000669524,0.004386595,0.000269036,0.036246488
4235,4235,4235,4.5,HYG022,141.6810843,142.2762441,13,135.3499,34.7463,136.337,35.733,3.034,0.166666667,1.12562926,02:16:00,02:16:50,308,206,131,79,-5.899181993,0.19359744,0.080665477,1.090976259,0.21538332,2.09E-06,6.50E-05,0.18969126,7.532915321,2.107252101,0.013108208,0.001679519,0.42542555,81,125,110,50,299,0.012908219,0.000617464,0.017848327,0.000764828,0.011189109,0.000623458,0.03081199
4236,4236,4236,4.5,HYG024,181.1036081,181.5695923,13,134.9904,34.533,136.337,35.733,2.106,1.5,3.128200708,02:16:00,02:17:00,375,250,174,111,-7.207184458,0.488711194,0.084777589,1.316418398,0.608820661,1.78E-05,7.17E-05,0.42661054,0.365557333,2.277283822,0.009133946,0.00498289,0.117431887,52,36,7,252,299,0.004061389,0.000211442,0.004241465,0.000307598,0.004998297,0.000319578,0.077780802
4237,4237,4237,4.5,ISK012,73.48793836,74.62892927,13,136.6045,36.3575,136.337,35.733,3.858,0.010169492,1.138005368,02:16:00,02:16:29,613,409,204,115,-3.831353974,0.084899851,0.118189954,1.606735828,0.327445463,4.58E-06,0.000139689,0.449929113,0.334037642,0.615349656,0.021343931,0.00242287,1.579600788,88,120,230,94,48,7.49E-05,5.95E-06,6.02E-05,4.43E-06,9.99E-05,5.08E-06,0.013512231
4238,4238,4238,4.5,ISK013,56.09444284,57.58112988,13,136.6247,36.1805,136.337,35.733,6.727,0.375,1.822667734,02:16:00,02:16:24,579,386,241,143,-2.90722236,0.158566574,0.198413747,2.491612417,0.874208136,3.31E-05,0.000393399,1.855893016,0.255798989,0.307944306,0.045355205,0.005464887,1.797195647,13,58,52,26,270,0.000211709,1.22E-05,0.000211049,1.47E-05,0.00031997,2.25E-05,0.025236654
4239,4239,4239,4.5,ISK014,63.38864386,64.70796064,13,136.3154,36.3028,136.337,35.733,2.695,0.010791367,0.529792079,02:16:00,02:16:27,147,98,79,56,-4.164564946,0.087864743,0.13495521,1.837984743,0.165149289,1.29E-06,0.000181999,0.404293747,0.246745186,0.148924181,0.022066184,0.001274744,1.577947179,54,176,59,77,32,0.000248472,1.45E-05,0.000506106,2.75E-05,0.000385425,2.22E-05,0.013984108
4240,4240,4240,4.5,KGW001,228.7710682,229.1401354,13,134.2814,34.5466,136.337,35.733,1.417,1.5,3.141427712,02:16:00,02:17:13,431,287,179,106,-8.873763055,0.518381679,0.033146903,0.502864615,0.238321237,2.74E-06,1.10E-05,0.064755625,1.233268345,0.057548585,0.003915793,0.002004849,0.04746243,289,9,34,293,299,0.001307914,8.01E-05,0.002312313,0.00017771,0.002865438,0.000117688,0.082503007
4241,4241,4241,4.5,KGW002,231.3142852,231.6793011,13,134.3139,34.4727,136.337,35.733,3.579,1.5,1.961340836,02:16:00,02:17:12,491,328,164,114,-9.511787863,0.202272373,0.010309814,0.145983865,0.045308149,1.03E-07,1.06E-06,0.004613422,0.016706518,1.186395619,0.001816125,0.000402528,0.056414288,264,25,51,262,299,0.001044909,4.12E-05,0.002406421,9.16E-05,0.002856379,0.000146636,0.032192648
4242,4242,4242,4.5,KYT001,111.4528907,112.2084972,13,135.1022,35.7406,136.337,35.733,4.3,1.5,3.203669259,02:16:00,02:16:27,1018,679,339,207,-7.904714653,0.991678224,0.102050983,1.580752123,0.746412099,2.70E-05,0.000103718,0.654399631,1.374702261,20.7701265,0.009416635,0.006329275,0.059662964,18,179,3,296,299,0.001110689,8.36E-05,0.002023936,0.000124094,0.006518535,0.000472021,0.157830491
4243,4243,4243,4.5,KYT002,131.1342585,131.7770608,13,134.8941,35.6037,136.337,35.733,14.352,1.5,3.182633876,02:16:00,02:16:45,176,117,73,43,-1.456706433,1.079014041,2.639477936,40.69379721,19.14600233,0.017800279,0.069376627,442.4628997,0.294246924,19.73150762,0.248680177,0.163512556,1.448084617,18,182,107,276,299,0.041978604,0.00304012,0.01596072,0.000869827,0.020355959,0.001048311,0.171730418
4244,4244,4244,4.5,KYT003,94.57330955,95.46261509,13,135.2919,35.6767,136.337,35.733,11.412,0.010676157,0.669824649,02:16:00,02:16:24,608,405,203,111,-1.428843654,0.110609453,0.381530068,4.771042687,0.593936052,1.65E-05,0.00145534,3.506128969,2.055856676,5.255015686,0.098210846,0.00621992,5.578880725,60,73,73,28,32,5.30E-05,2.90E-06,9.84E-05,5.48E-06,8.91E-05,6.29E-06,0.017604041
4245,4245,4245,4.5,KYT004,105.430996,106.2294447,13,135.196,35.5354,136.337,35.733,11.888,0.142857143,0.279060353,02:16:00,02:16:26,184,123,126,132,-2.354646712,0.11197948,0.288398631,3.534972318,0.168551629,1.64E-06,0.000831738,1.776483279,2.210358998,3.856052802,0.058232874,0.002544208,3.267455207,88,146,56,90,96,0.000105926,5.99E-06,0.00010109,4.41E-06,0.000129317,7.62E-06,0.017822088
4246,4246,4246,4.5,KYT006,116.1931004,116.9180764,13,135.1827,35.2759,136.337,35.733,3.042,0.010791367,0.689642496,02:16:00,02:16:41,509,339,237,147,-4.406288653,0.107312861,0.100718838,1.057754302,0.153039946,1.22E-06,0.000101356,0.248174448,4.364836302,0.642367022,0.021042901,0.001565008,1.23206524,280,295,299,223,280,0.02094363,0.000647033,0.008136528,0.000240327,0.010685549,0.000528731,0.017079372
4247,4247,4247,4.5,KYT007,73.80271807,74.93891642,13,135.713,35.3057,136.337,35.733,7.097,1.5,2.096911953,02:16:00,02:16:29,1370,914,457,396,-4.173604728,0.110607182,0.137361111,1.851710488,0.714799065,2.10E-05,0.000188679,1.241548638,0.810037526,0.883763501,0.022151734,0.004375236,1.258358155,60,143,77,7,293,5.00E-05,3.04E-06,3.87E-05,2.87E-06,4.35E-05,2.70E-06,0.01760368
4248,4248,4248,4.5,KYT008,99.99875969,100.8402298,13,135.3966,35.2612,136.337,35.733,5.649,0.010204082,0.798533377,02:16:00,02:16:35,730,487,243,150,-4.946790443,0.086041051,0.060835181,0.792924557,0.10965293,5.98E-07,3.70E-05,0.094297089,0.116239639,0.17425395,0.01318784,0.000993712,0.963047783,41,152,39,30,41,5.50E-05,3.23E-06,4.58E-05,2.84E-06,0.000125034,9.34E-06,0.013693859
4249,4249,4249,4.5,KYT010,77.36761713,78.45220315,13,135.7738,35.2098,136.337,35.733,3.396,0.15,0.678832825,02:16:00,02:16:30,601,401,214,128,-4.654344889,0.074374215,0.070705282,0.966568618,0.120465451,5.83E-07,5.00E-05,0.115213135,0.358196481,0.402234584,0.015630568,0.000831935,1.320481244,113,140,131,123,31,6.19E-05,3.59E-06,5.45E-05,4.92E-06,4.90E-05,2.77E-06,0.011837024
4250,4250,4250,4.5,KYT011,106.0796652,106.8732678,13,135.5638,35.017,136.337,35.733,4.41,0.428571429,1.08924694,02:16:00,02:16:38,346,230,150,90,-4.604485448,0.083299674,0.103150868,1.460125272,0.266568934,3.19E-06,0.000106164,0.323766143,0.266589389,0.334599993,0.014640717,0.002199441,1.104330123,71,129,67,287,297,7.10E-05,4.64E-06,0.000124767,6.69E-06,9.17E-05,4.11E-06,0.013257555
4251,4251,4251,4.5,KYT012,94.44668271,95.33716943,13,135.8188,34.9962,136.337,35.733,4.298,0.010452962,0.430448681,02:16:00,02:16:35,598,399,252,155,-4.759129631,0.044598504,0.064574137,0.864577218,0.059367976,1.96E-07,4.17E-05,0.091657407,0.150290021,0.099511337,0.011835451,0.000818933,1.667417688,64,62,105,28,35,4.99E-05,2.31E-06,7.22E-05,5.35E-06,6.09E-05,4.87E-06,0.007098072
4252,4252,4252,4.5,KYT013,106.5984659,107.3882346,13,135.8047,34.8784,136.337,35.733,3.104,0.125,1.509883124,02:16:00,02:16:39,388,258,187,120,-3.851898215,0.192149839,0.178978265,2.403019846,0.654871206,1.85E-05,0.000320215,1.230156632,0.318941692,0.559212038,0.037603813,0.004038401,1.229622286,102,219,218,20,34,0.025163536,0.001369135,0.009227226,0.000300424,0.011794094,0.000330575,0.030581597
4253,4253,4253,4.5,KYT014,111.2248023,111.9819479,13,135.9921,34.7732,136.337,35.733,1.403,1.5,2.127551418,02:16:00,02:16:39,787,525,262,147,-4.589359318,0.264843707,0.114250472,1.448489819,0.596875947,1.50E-05,0.000130424,0.837009598,1.260505617,0.151012713,0.024798208,0.003569701,0.588315798,64,32,130,17,31,0.01480143,0.000510288,0.017701142,0.000603517,0.003076649,0.000103808,0.042151185
4254,4254,4254,4.5,MIE001,64.00849727,65.31529471,13,136.4943,35.1718,136.337,35.733,3.791,0.010169492,0.848151765,02:16:00,02:16:27,689,460,395,308,-4.850023253,0.104598991,0.114646441,1.522360627,0.207027835,2.39E-06,0.000131267,0.354855812,0.137839721,0.123062889,0.0197875,0.002577147,1.188620733,75,110,114,131,109,0.000152816,6.80E-06,0.000242654,8.79E-06,0.000227744,1.12E-05,0.016647447
4255,4255,4255,4.5,MIE002,79.90921829,80.95976265,13,136.5073,35.0279,136.337,35.733,3.377,0.010791367,0.248760908,02:16:00,02:16:23,490,327,218,188,-2.780588124,0.102065739,0.07541191,0.426644195,0.022301626,8.62E-08,5.50E-05,0.122742362,0.003521266,0.004562598,0.039836606,0.001132996,2.452348644,285,296,296,287,285,0.000205648,1.13E-05,0.000272978,1.58E-05,0.000217346,1.33E-05,0.016244267
4256,4256,4256,4.5,MIE003,89.01911852,89.9633451,13,136.6357,34.9704,136.337,35.733,4.706,1.5,3.05507351,02:16:00,02:16:35,280,186,142,97,-7.694795575,0.622221325,0.096191945,1.460441995,0.665679307,2.18E-05,9.22E-05,0.608414136,1.659735178,2.607830033,0.009688157,0.005879774,0.097830918,24,87,8,291,299,0.003215082,0.00020686,0.002739722,0.00019196,0.002928889,0.000217309,0.0990296
4257,4257,4257,4.5,MIE004,97.949539,98.80846214,13,136.4493,34.8569,136.337,35.733,6.315,0.010600707,0.404651608,02:16:00,02:16:26,767,511,256,252,-3.845827478,0.131490729,0.171753117,2.324689497,0.148154017,1.22E-06,0.000294891,0.641942985,2.213172932,1.459324354,0.031320666,0.001613867,1.496634385,101,273,32,94,101,0.00027005,2.03E-05,0.000379993,1.07E-05,0.000342187,1.22E-05,0.0209274
4258,4258,4258,4.5,MIE005,109.2113026,109.9823105,13,136.1151,34.7677,136.337,35.733,2.441,0.010169492,1.216416128,02:16:00,02:16:28,738,492,335,225,-4.114925621,0.158842471,0.15590043,2.095700802,0.460213638,9.10E-06,0.000242835,0.729582415,1.766612192,1.708737734,0.02487798,0.003320097,0.984075347,234,92,192,27,295,0.000364039,2.10E-05,0.000539286,2.03E-05,0.000805375,5.96E-05,0.025280564
4259,4259,4259,4.5,MIE007,121.1468811,121.8423851,13,136.3365,34.6435,136.337,35.733,2,1.5,3.234966549,02:16:00,02:16:44,551,368,248,158,-3.728148588,0.379872724,0.459887087,7.13307146,3.411380217,0.000558295,0.002106124,12.69523446,105.7317826,15.27306575,0.045762885,0.028168152,0.756929013,50,11,70,283,299,0.014271535,0.000617364,0.032424051,0.001627359,0.012191388,0.000716276,0.060458622
4260,4260,4260,4.5,MIE008,124.5762782,125.2527409,13,136.1073,34.6285,136.337,35.733,4.029,0.428571429,0.41254452,02:16:00,02:16:43,489,326,242,234,-5.892846066,0.173862069,0.063166283,0.859088733,0.059984677,1.72E-07,3.99E-05,0.101474852,0.191430491,0.116603441,0.012112972,0.000620168,0.437749563,30,297,164,166,149,0.011567487,0.000528565,0.011028646,0.000672564,0.011313088,0.000354672,0.027671008
4261,4261,4261,4.5,MIE009,129.5055431,130.1563893,13,136.5276,34.5788,136.337,35.733,1.666,1.5,3.218847975,02:16:00,02:16:46,299,199,149,99,-5.038251976,0.806693244,0.415128762,6.426022578,3.054129978,0.000450481,0.001716467,10.47455734,36.508913,39.62228342,0.038670912,0.025606486,0.301200621,11,10,38,294,299,0.007862173,0.000541612,0.01423744,0.000724127,0.011217654,0.000708774,0.128389217
4262,4262,4262,4.5,MIE010,142.7545262,143.3452292,13,136.7334,34.4908,136.337,35.733,2.195,1.5,3.130136552,02:16:00,02:16:49,308,206,149,96,-5.326997015,0.653690094,0.260456495,3.978850346,1.848265959,0.000167503,0.000674925,4.376647093,30.14708892,0.065788016,0.02627035,0.016100897,0.252507234,17,8,130,299,299,0.004755207,0.000365194,0.011009152,0.000610542,0.005403802,0.000251486,0.10403801
4263,4263,4263,4.5,NAR001,125.9815743,126.6505312,13,135.7272,34.7154,136.337,35.733,3.838,0.010344828,0.451195179,02:16:00,02:16:29,731,487,244,169,-2.930702836,0.205659559,0.231346196,3.024123274,0.231477646,2.76E-06,0.000534826,1.137175339,0.821556263,1.257898012,0.055545906,0.00330416,1.69700461,10,51,132,6,10,0.000148494,1.07E-05,7.71E-05,4.16E-06,0.000103469,4.31E-06,0.032731735
4264,4264,4264,4.5,NAR002,126.864908,127.5292315,13,135.8352,34.6683,136.337,35.733,3.74,0.01056338,0.684401085,02:16:00,02:16:29,684,456,243,184,-2.037566868,0.213494439,0.324553723,3.76311106,0.533710385,1.25E-05,0.001053302,2.644659057,1.823315592,1.181564956,0.088474768,0.006012072,2.603830639,12,136,227,7,13,0.000135055,6.58E-06,0.000201324,1.27E-05,0.000115781,5.76E-06,0.033978695
4265,4265,4265,4.5,NAR003,146.435041,147.0109562,13,135.7191,34.5169,136.337,35.733,1.715,1.5,3.180426496,02:16:00,02:16:49,557,371,189,156,-4.339747664,0.936390642,0.49765086,7.674256181,3.606300991,0.000631604,0.002465095,15.93440231,98.40967076,16.01355498,0.047893704,0.030549814,0.321366966,64,17,232,299,299,0.010933161,0.000773428,0.020424247,0.001180369,0.007524098,0.000483802,0.149031199
4266,4266,4266,4.5,NAR004,138.506713,139.115454,13,135.9512,34.528,136.337,35.733,3.915,1.5,3.226880565,02:16:00,02:16:47,814,543,271,191,-4.177873849,0.725069558,0.500417363,7.689467966,3.697079393,0.000657952,0.002494525,15.00498752,2.409964478,57.24520617,0.049305462,0.030574402,0.427262941,2,60,2,268,299,0.012982182,0.000882601,0.012922201,0.000596461,0.012838162,0.000910047,0.115398404
4267,4267,4267,4.5,NAR006,158.9530842,159.4838016,13,135.9541,34.3383,136.337,35.733,1.267,1.5,2.442986463,02:16:00,02:16:53,1019,679,358,244,-6.381437256,0.234354512,0.074650369,1.055320326,0.415277119,8.41E-06,5.56E-05,0.270453321,5.038658089,2.517385523,0.010650089,0.003583867,0.285535277,90,219,210,69,291,0.007158514,0.00025388,0.006037711,0.000381522,0.00537759,0.000275637,0.037298679
4268,4268,4268,4.5,NGN019,124.3912004,125.0686641,13,137.7078,35.8562,136.337,35.733,2.39,0.375,0.750924614,02:16:00,02:16:43,579,386,194,130,-5.488937628,0.144247386,0.069586538,0.912650026,0.127457569,6.92E-07,4.84E-05,0.113165651,0.341480373,0.429451214,0.012018564,0.000829801,0.523509438,69,94,93,22,253,0.011840664,0.000692198,0.017040721,0.000544751,0.02413898,0.00092404,0.022957684
4269,4269,4269,4.5,NGN022,116.0555764,116.7814061,13,137.6125,35.6079,136.337,35.733,3.216,1.5,3.193675346,02:16:00,02:16:43,927,618,309,186,-2.484178382,0.810369698,1.257106929,19.48604368,9.150884714,0.004064986,0.01573393,100.9404322,31.21881325,0.850186412,0.118089105,0.078248053,0.915601523,52,221,100,298,299,0.023693067,0.001373917,0.020172222,0.001031582,0.019339378,0.001099315,0.128974343
4270,4270,4270,4.5,NGN023,154.2602013,154.8070079,13,138.0338,35.5787,136.337,35.733,1.676,1.5,2.918848929,02:16:00,02:16:52,711,474,281,183,-7.570600973,0.366767259,0.05309225,0.775351331,0.350265492,6.06E-06,2.81E-05,0.169914875,32.15241198,5.742454943,0.006397572,0.003101098,0.109598474,115,2,70,284,299,0.002378798,0.000141937,0.009251503,0.000595453,0.00585025,0.000251978,0.058372822
4271,4271,4271,4.5,NGN024,137.5980497,138.2107929,13,137.8374,35.5232,136.337,35.733,3.181,0.010416667,0.442719209,02:16:00,02:16:32,476,317,159,108,-3.320186912,0.148200989,0.288766719,4.061003718,0.279502251,4.14E-06,0.000833728,1.781373709,1.751193086,1.54846762,0.045935629,0.002917946,1.947504319,83,136,124,30,83,9.47E-05,4.75E-06,0.000239263,1.58E-05,0.000156787,7.02E-06,0.02358692
4272,4272,4272,4.5,OKY001,243.4493305,243.7961782,13,133.7314,35.1945,136.337,35.733,1.629,1.5,3.213879342,02:16:00,02:17:17,344,229,128,69,-6.79035154,0.744193383,0.139853197,2.174738718,1.028659601,5.09E-05,0.000194722,1.223151286,0.605529361,1.875599413,0.013425837,0.008644334,0.113353633,159,161,69,278,299,0.001974308,0.00013009,0.002870461,0.000130275,0.003278224,0.000189234,0.118442056
4273,4273,4273,4.5,OKY003,191.3923693,191.8333626,13,134.3386,35.1737,136.337,35.733,2.206,1.5,3.177145463,02:16:00,02:17:02,948,632,316,188,-7.064201068,0.577442423,0.08754632,1.344595886,0.636370909,1.95E-05,7.64E-05,0.471975509,0.772418708,1.239495372,0.009847429,0.005250237,0.10715046,284,115,228,287,299,0.003084584,0.000138083,0.003116463,0.000184051,0.005381988,0.000238342,0.091902816
4274,4274,4274,4.5,OKY005,249.5256257,249.8640388,13,133.7317,35.0098,136.337,35.733,1.749,1.5,3.117226411,02:16:00,02:17:18,464,309,155,92,-8.281756847,0.439279505,0.043357623,0.663522322,0.309839852,4.61E-06,1.87E-05,0.105504227,4.550727019,5.879686146,0.005205064,0.002566331,0.074450045,192,193,194,287,292,0.002039192,6.60E-05,0.005622881,0.000310596,0.00438276,0.000280707,0.069913505
4275,4275,4275,4.5,OKY009,222.9079307,223.2866892,13,134.0923,34.9176,136.337,35.733,1.423,1.5,3.149833358,02:16:00,02:17:10,602,401,201,119,-8.458958009,0.538570625,0.041449249,0.629385977,0.298780867,4.30E-06,1.71E-05,0.102962502,0.661623813,0.026308982,0.005181365,0.002505289,0.06044792,11,66,287,288,299,0.00142109,9.79E-05,0.00184435,0.000113066,0.002444158,7.53E-05,0.085716177
4276,4276,4276,4.5,OKY010,223.902825,224.2799034,13,134.1884,34.7454,136.337,35.733,1.669,1.5,3.228226772,02:16:00,02:17:11,486,324,187,104,-7.414078329,0.668112627,0.092086453,1.422917366,0.681279142,2.23E-05,8.44E-05,0.512301177,0.014885097,0.707529436,0.008695008,0.005604583,0.081771159,252,115,45,298,299,0.002275028,0.000105057,0.002550907,9.03E-05,0.002843924,0.000175326,0.106333427
4277,4277,4277,4.5,OKY015,224.0239945,224.4008692,13,133.9256,35.2793,136.337,35.733,1.436,1.5,2.937566041,02:16:00,02:17:12,439,293,162,94,-8.526879777,0.234750238,0.025215541,0.380532237,0.17692525,1.38E-06,6.33E-06,0.021458768,0.136086568,0.051664694,0.003804859,0.001246248,0.101838603,123,196,141,280,285,0.002420669,0.0001,0.003277351,0.0001431,0.004311681,0.000155767,0.037361661
4278,4278,4278,4.5,OSK001,120.668577,121.366822,13,135.39,34.9707,136.337,35.733,5.71,0.157894737,0.557762089,02:16:00,02:16:28,433,289,190,118,-2.365499449,0.133268498,0.343260451,4.362316842,0.458302189,9.28E-06,0.00117825,2.842117739,1.835900183,2.088993029,0.057789068,0.003240588,2.724570517,62,151,144,73,78,4.84E-05,2.75E-06,4.81E-05,1.88E-06,5.40E-05,2.26E-06,0.02121034
4279,4279,4279,4.5,OSK002,118.348415,119.0602676,13,135.5958,34.8573,136.337,35.733,2.412,0.166666667,0.624147223,02:16:00,02:16:43,428,285,251,203,-5.145472942,0.166325876,0.103933814,1.363865116,0.135337804,1.06E-06,0.000107173,0.237287294,0.247190263,0.186531374,0.018133485,0.001526325,0.685016977,120,233,163,124,69,0.017058463,0.000702194,0.015280834,0.000772541,0.014571844,0.000875671,0.026471585
4280,4280,4280,4.5,OSK003,133.2847565,133.9172368,13,135.4683,34.7668,136.337,35.733,1.561,1.5,3.193686714,02:16:00,02:16:48,282,188,133,84,-3.681849283,0.928169639,0.783907442,12.00394156,5.698514795,0.001581202,0.006120156,38.20581868,12.03480176,3.833950142,0.075274349,0.048536953,0.509564914,23,27,81,285,299,0.013394966,0.000871718,0.008378905,0.000567525,0.009155004,0.000703072,0.147722786
4281,4281,4281,4.5,OSK004,127.2531786,127.9154857,13,135.6394,34.7405,136.337,35.733,3.088,1.5,2.602693483,02:16:00,02:16:46,312,208,159,108,-4.969551232,0.325195676,0.179838923,2.619204296,1.076880934,5.53E-05,0.000322135,1.438853918,1.519053809,6.716604599,0.028112668,0.009879842,0.543171743,116,43,189,289,299,0.015945037,0.000736797,0.035441789,0.001630522,0.02978628,0.001613553,0.051756499
4282,4282,4282,4.5,OSK005,134.884656,135.5096691,13,135.5099,34.7255,136.337,35.733,3.167,1.5,3.094710713,02:16:00,02:16:48,286,191,127,76,-5.383251481,0.288264051,0.170845102,2.553889494,1.189968213,7.06E-05,0.000291087,1.797585749,44.71121111,81.72379106,0.018517349,0.010420374,0.40361583,105,284,67,256,299,0.005857432,0.000265073,0.013969074,0.000819782,0.020721403,0.001723592,0.045878649
4283,4283,4283,4.5,OSK007,146.6247288,147.1999019,13,135.6058,34.5577,136.337,35.733,1.094,1.5,3.160503825,02:16:00,02:16:33,530,353,310,250,-8.470065802,0.782572821,0.076578493,1.178563407,0.551112475,1.48E-05,5.84E-05,0.379507225,0.056592006,0.002431854,0.00717405,0.004746291,0.057599606,21,221,23,294,299,0.001505115,7.69E-05,0.000626528,3.23E-05,0.000566959,2.81E-05,0.124550333
4285,4285,4285,4.5,SIG002,44.71570435,46.5670937,13,136.0243,35.4215,136.337,35.733,13.838,1.5,1.771438359,02:16:00,02:16:16,447,298,189,112,-2.0068418,0.13197143,0.38999738,5.253430446,1.693910535,0.000120877,0.001520724,7.303253589,5.260113681,4.933726914,0.074957494,0.01015774,3.568740779,43,75,117,10,299,8.54E-05,6.23E-06,7.32E-05,3.69E-06,0.000108625,6.81E-06,0.021003905
4286,4286,4286,4.5,SIG003,40.13245177,42.1854677,13,136.264,35.377,136.337,35.733,5.042,1.5,2.221642357,02:16:00,02:16:20,326,218,145,90,-1.911172237,0.169348361,0.475702839,6.380059793,2.510207394,0.00028259,0.002260313,16.70882057,3.025504455,2.674952749,0.084111185,0.015479704,3.120704312,58,204,210,42,260,0.000394481,2.27E-05,0.000218058,7.04E-06,0.000236545,1.54E-05,0.026952629
4287,4287,4287,4.5,SIG004,57.19271819,58.65157299,13,135.9184,35.3476,136.337,35.733,15.766,1.5,2.270233554,02:16:00,02:16:18,618,412,256,184,-1.717238759,0.103994473,0.340036901,4.541684264,1.887823929,0.000150669,0.001154096,8.621605082,2.32063003,3.264881729,0.071151661,0.011514501,4.298873363,126,139,126,5,283,6.57E-05,5.00E-06,6.30E-05,3.35E-06,6.65E-05,4.92E-06,0.016551234
4288,4288,4288,4.5,SIG005,54.46689767,55.99681189,13,136.2421,35.2493,136.337,35.733,2.342,0.5,1.912487774,02:16:00,02:16:26,337,225,156,97,-4.167599172,0.216737588,0.209404529,3.00383602,0.943976961,4.06E-05,0.000438484,2.422241214,0.846636379,0.644288739,0.030608878,0.006747344,0.887346087,296,226,106,51,297,9.04E-05,5.55E-06,0.000168591,1.25E-05,0.000174473,1.16E-05,0.034494858
4289,4289,4289,4.5,SIG006,70.21802663,71.41128247,13,135.921,35.2001,136.337,35.733,2.941,1.5,3.189950665,02:16:00,02:16:29,371,247,145,81,-6.637913495,0.880171081,0.177776299,2.748066847,1.293370444,8.11E-05,0.000314801,2.027265412,6.051823755,0.328542757,0.016812684,0.011045699,0.120018951,37,12,3,297,299,0.00237158,0.000148066,0.004760628,0.000263332,0.001698286,6.37E-05,0.140083578
4290,4290,4290,4.5,SIG007,70.11233694,71.30736141,13,136.0957,35.1339,136.337,35.733,3.384,1.5,1.962580594,02:16:00,02:16:20,281,188,158,121,-3.100672338,0.160598254,0.282081727,3.771211097,1.36065791,7.76E-05,0.000795681,4.519024651,1.908552851,3.943657743,0.053741405,0.008035899,2.102558398,88,214,84,7,291,0.00054872,1.67E-05,0.000424452,9.76E-06,0.000323731,1.71E-05,0.025560006
4291,4291,4291,4.5,SIG008,73.81122432,74.94729372,13,136.2946,35.0701,136.337,35.733,7.054,0.142857143,1.247524656,02:16:00,02:16:21,531,354,247,164,-2.561063966,0.10343755,0.2914537,3.807469787,0.92144871,3.35E-05,0.000849452,2.835427425,2.176573819,1.302744438,0.05022847,0.005299275,3.051065969,14,228,109,6,299,0.000132237,3.47E-06,0.000101058,4.53E-06,0.000262578,1.11E-05,0.016462597
4292,4292,4292,4.5,SIG009,84.09230424,85.09121948,13,136.0854,35.0051,136.337,35.733,5.693,1.5,3.2049011,02:16:00,02:16:24,357,238,157,98,-8.785986552,0.588583579,0.045015474,0.697485829,0.330016436,5.25E-06,2.02E-05,0.124603758,0.107711388,0.21690489,0.004274953,0.002770239,0.045635529,66,65,58,281,299,0.00103867,5.06E-05,0.000978418,5.04E-05,0.001124748,5.95E-05,0.093675986
4293,4293,4293,4.5,SIG010,93.59544975,94.49395861,13,135.8965,34.9718,136.337,35.733,2.146,0.157894737,0.436429572,02:16:00,02:16:36,610,407,363,315,-4.168222029,0.112154528,0.116175601,1.601086469,0.123809705,6.51E-07,0.000134955,0.305847897,0.523081324,0.291822286,0.021767228,0.000939377,1.21945613,8,155,101,10,250,0.000510599,3.46E-05,0.000638455,4.32E-05,0.000495937,2.72E-05,0.017849948
4294,4294,4294,4.5,SIG011,98.37924628,99.23445016,13,136.0587,34.8779,136.337,35.733,5.639,0.010676157,1.369307031,02:16:00,02:16:36,372,248,176,116,-3.134957231,0.092994001,0.205811633,2.865298362,0.683160783,2.01E-05,0.000422763,1.725258783,1.413380792,1.004972844,0.033646869,0.004555075,2.273367192,126,98,233,137,271,0.00013152,9.50E-06,9.24E-05,2.99E-06,0.000114262,6.19E-06,0.014800455
4295,4295,4295,4.5,SIG012,92.65055918,93.55814297,13,136.2307,34.9043,136.337,35.733,5.185,0.15,0.979686729,02:16:00,02:16:26,767,512,256,158,-2.970159509,0.075867778,0.174580334,2.359895402,0.416866489,7.41E-06,0.000304764,0.901219715,1.039976551,0.824410488,0.032073074,0.003090888,2.656214158,71,81,148,69,72,6.90E-05,5.49E-06,0.000100234,6.54E-06,0.000106539,9.41E-06,0.012074732
4296,4296,4296,4.5,TTR002,193.3674102,193.8039095,13,134.2198,35.4853,136.337,35.733,2.159,1.5,3.098037257,02:16:00,02:17:03,315,210,144,88,-5.996457335,0.788678484,0.273534702,4.146473554,1.925684073,0.000181231,0.000745452,4.766543083,5.566604276,0.496520791,0.027602108,0.016858462,0.21989843,15,84,167,279,299,0.006914661,0.000470547,0.009200546,0.00059101,0.009006561,0.000786234,0.125522079
4297,4297,4297,4.5,TTR003,197.492946,197.9203469,13,134.2075,35.3432,136.337,35.733,2.396,1.5,3.06910584,02:16:00,02:17:04,830,553,277,175,-7.238648762,0.580336263,0.105929726,1.611099455,0.735963166,2.67E-05,0.000111841,0.744075936,2.642444484,6.480608778,0.011044136,0.006532083,0.119572663,45,281,282,293,299,0.003985877,0.000173686,0.005653975,0.000279747,0.007387871,0.000541675,0.092363385
4298,4298,4298,4.5,TYM010,104.3880327,105.194398,13,136.8872,36.56,136.337,35.733,2.019,0.010033445,1.765969958,02:16:00,02:16:38,680,453,227,160,-4.786426816,0.351858999,0.160103414,2.131765731,0.665873017,2.02E-05,0.000255818,1.484647263,0.20753411,0.1397422,0.026344732,0.004151855,0.470440816,127,193,207,120,89,0.000543399,1.57E-05,0.000256934,1.82E-05,7.79E-05,5.28E-06,0.056000099
4402,4402,4402,4.4,EHM001,91.3089016,105.5761124,53,133.549,33.981,134.539,33.965,2.99,1.5,3.160496989,19:45:00,19:45:54,708,472,375,297,-8.984230931,1.053837037,0.053276109,0.821195464,0.383599369,7.15E-06,2.83E-05,0.179911876,0.073587701,0.211893568,0.005344524,0.00331326,0.031865111,40,212,2,293,299,0.000959569,5.04E-05,0.000636659,3.99E-05,0.001229785,7.31E-05,0.167723374
4403,4403,4403,4.4,EHM002,113.7122542,125.4570713,53,133.3074,33.9216,134.539,33.965,4.175,1.5,3.070486223,19:45:00,19:45:58,1179,786,393,248,-6.314211278,0.12480727,0.052300429,0.776317294,0.364654418,6.49E-06,2.72E-05,0.179079542,0.003222775,0.052257882,0.007643646,0.003103181,0.384804854,228,226,213,210,299,0.004063726,0.000127145,0.003413673,3.61E-05,0.003656353,0.000120499,0.019863694
4404,4404,4404,4.4,EHM003,134.2534815,144.3364032,53,133.0843,33.9266,134.539,33.965,2.987,1.5,1.780246424,19:45:00,19:46:04,342,228,156,105,-7.639272586,0.145393506,0.027380708,0.377625483,0.111685486,6.02E-07,7.50E-06,0.023611719,4.47293618,0.235587255,0.004243902,0.000873188,0.183400381,241,11,120,67,281,0.003533578,0.000186225,0.004345056,0.000332981,0.003488083,0.000224388,0.023140095
4405,4405,4405,4.4,EHM004,142.426384,151.968006,53,132.9982,34.0624,134.539,33.965,3.864,1.5,3.071812514,19:45:00,19:46:05,368,245,186,125,-6.339043017,0.501157582,0.145471253,2.222321872,1.014157445,5.04E-05,0.000210806,1.404062715,3.042771495,14.80870333,0.014846198,0.008858532,0.186131902,150,11,44,262,299,0.004504822,0.000273525,0.006577757,0.000474027,0.011287311,0.000657279,0.079761706
4406,4406,4406,4.4,HRS005,146.5908805,155.8777927,53,133.2807,34.777,134.539,33.965,4.21,1.5,3.212926828,19:45:00,19:46:06,730,487,266,172,-4.871554078,0.464574998,0.220209398,3.382895722,1.61613654,0.000126354,0.000483223,2.991480458,5.156688024,176.8272859,0.025143516,0.013491876,0.340055688,293,46,7,291,299,0.00662897,0.000202184,0.006686201,0.000250011,0.021782652,0.001411704,0.073939407
4407,4407,4407,4.4,HRS009,215.8571871,222.268588,53,132.2794,34.4926,134.539,33.965,3.143,1.5,1.876188383,19:45:00,19:46:21,583,389,249,163,-9.01494186,0.126698053,0.016350933,0.234494382,0.068896961,2.38E-07,2.67E-06,0.006347285,2.241943256,2.012043634,0.002578977,0.00056885,0.127896138,83,239,276,241,264,0.002080198,9.31E-05,0.004610268,0.000193365,0.004584903,0.00018816,0.020164621
4408,4408,4408,4.4,HRS012,173.0714362,181.0047569,53,132.7422,34.4276,134.539,33.965,3.196,1.5,3.202080255,19:45:00,19:46:12,506,337,176,111,-6.017714636,0.906215158,0.236336524,3.656369327,1.729999762,0.000144506,0.000556394,3.54131665,4.145366756,0.304190995,0.022647537,0.014662718,0.157025259,225,204,259,288,299,0.003311636,0.000235398,0.003853864,0.000292611,0.005175884,0.000220664,0.144228622
4409,4409,4409,4.4,HYG008,133.5270738,143.6609879,53,134.788,35.1482,134.539,33.965,4.037,1.5,3.17303857,19:45:00,19:46:03,792,528,264,182,-5.991917991,0.71686823,0.247781798,3.812597188,1.786199644,0.000155955,0.000611516,4.005466087,1.40406716,1.27701559,0.022917417,0.015324923,0.200865896,24,8,14,272,299,0.003972446,0.000221797,0.005708485,0.000145601,0.004060945,0.000187374,0.114093122
4410,4410,4410,4.4,HYG009,143.5292035,153.0020662,53,135.1041,35.169,134.539,33.965,4.563,1.5,1.726783929,19:45:00,19:46:05,400,267,195,127,-8.197237086,0.213158919,0.025151715,0.331480885,0.093054559,4.78E-07,6.33E-06,0.019221139,5.329607783,0.83808608,0.003925638,0.000927509,0.115714185,285,154,18,269,298,0.002916337,0.000165632,0.009927164,0.000741193,0.006796343,0.000373555,0.033925296
4411,4411,4411,4.4,HYG010,135.0208261,145.050417,53,135.1777,35.0593,134.539,33.965,2.39,1.5,3.097830658,19:45:00,19:46:04,483,322,222,163,-7.325276555,0.441953191,0.063772007,0.953218348,0.44449553,9.85E-06,4.05E-05,0.256379886,0.498568139,0.271531968,0.007397943,0.003815176,0.105175491,265,275,7,258,299,0.002783685,0.000145736,0.003412067,0.000194262,0.00422387,0.000227088,0.070339035
4412,4412,4412,4.4,HYG011,115.1152605,126.7301195,53,134.3228,34.9848,134.539,33.965,3.125,1.5,2.421647624,19:45:00,19:45:59,551,367,184,105,-7.760167519,0.192981002,0.019004625,0.235656857,0.108758026,5.35E-07,3.60E-06,0.018559033,0.017417191,0.009913328,0.005188456,0.000812469,0.168928698,126,77,45,11,289,0.00344767,0.000116479,0.002897647,8.98E-05,0.001575462,6.01E-05,0.03071388
4413,4413,4413,4.4,HYG016,88.91329988,103.5112308,53,134.39,34.7551,134.539,33.965,4.636,0.010204082,1.124053633,19:45:00,19:45:53,251,168,101,58,-7.231248338,0.097523022,0.025205859,0.364166234,0.067063438,2.03E-07,6.35E-06,0.015767514,0.194259193,0.026341964,0.004587542,0.000502726,0.295564823,12,53,116,7,251,0.000915341,5.55E-05,0.000853317,5.23E-05,0.000762403,3.98E-05,0.015521271
4414,4414,4414,4.4,HYG017,99.44290279,112.6849188,53,134.5445,34.8593,134.539,33.965,4.715,0.010238908,0.941276053,19:45:00,19:45:55,926,617,309,216,-7.285578297,0.063658203,0.026319328,0.360775227,0.058184353,1.54E-07,6.86E-06,0.01489086,0.056076982,0.417391082,0.004478055,0.000484612,0.441992505,16,95,35,12,191,0.000751853,5.46E-05,0.00050042,3.17E-05,0.000527735,2.42E-05,0.010131518
4415,4415,4415,4.4,HYG018,95.40926654,109.14178,53,134.687,34.8143,134.539,33.965,2.929,0.010273973,0.460282818,19:45:00,19:45:55,414,276,199,128,-5.624873077,0.136158165,0.060292383,0.690980064,0.064192425,1.94E-07,3.61E-05,0.10313541,0.061608177,0.980318965,0.012105395,0.000592055,0.55861829,174,156,155,137,193,0.012475457,0.000468351,0.00531129,0.000116771,0.008563853,0.000146123,0.021670245
4416,4416,4416,4.4,HYG019,99.87955591,113.0704457,53,134.8236,34.832,134.539,33.965,6.089,0.010909091,0.890936368,19:45:00,19:45:56,588,392,196,151,-4.841052121,0.067263598,0.055077142,0.751842428,0.111846422,6.10E-07,3.03E-05,0.07615318,0.198541184,0.059933324,0.012147612,0.000781262,1.134725128,8,20,13,7,276,0.01284506,0.000293288,0.012948664,0.000443542,0.006880742,0.000197547,0.010705334
4417,4417,4417,4.4,HYG023,86.59889101,101.5301331,53,134.9999,34.6444,134.539,33.965,3.225,1.5,3.198631658,19:45:00,19:45:54,429,286,200,133,-4.540152329,0.446127286,0.297420624,4.59732153,2.174973121,0.000228563,0.000881935,5.434583881,9.920457725,0.241236153,0.034183,0.018326213,0.481427908,152,269,157,284,299,0.00907721,0.000360211,0.004883828,0.000349348,0.003544037,8.87E-05,0.071003363
4418,4418,4418,4.4,HYG024,75.56714598,92.30056095,53,134.9904,34.533,134.539,33.965,7.147,1.5,3.19270966,19:45:00,19:45:52,375,250,174,111,-6.493342481,0.766511023,0.199440867,3.083673844,1.451094091,0.000102286,0.000396147,2.491047869,0.02323479,0.492835975,0.018771738,0.012392435,0.153874248,21,12,29,287,299,0.003243116,0.000184616,0.001541971,8.55E-05,0.001650468,9.56E-05,0.121994018
4419,4419,4419,4.4,HYG025,53.43613643,75.26234567,53,134.9014,34.3405,134.539,33.965,13.81,0.01,1.269680444,19:45:00,19:45:46,528,352,196,115,-1.746459479,0.127453819,0.26480887,3.402955125,0.798288144,2.86E-05,0.000700904,1.756599459,1.843741463,1.714136542,0.063655961,0.005905967,3.138095028,55,92,73,54,87,0.00036694,3.10E-05,0.00037896,3.09E-05,0.000477492,3.38E-05,0.020284905
4420,4420,4420,4.4,HYG026,55.19339254,76.52000117,53,134.7925,34.4149,134.539,33.965,14.28,0.010791367,0.93526701,19:45:00,19:45:39,645,430,215,131,-0.986413366,0.11315526,0.320214701,3.353648288,0.721089331,2.27E-05,0.001025205,2.553924154,21.19077764,2.189918486,0.109127651,0.005904361,6.059543795,28,40,66,26,45,0.00041405,2.26E-05,0.000484919,4.13E-05,0.000373776,1.66E-05,0.018009219
4421,4421,4421,4.4,HYG027,36.19712421,64.18124182,53,134.7292,34.2499,134.539,33.965,8.979,0.428571429,0.575836773,19:45:00,19:45:37,1639,1093,546,403,-0.398163271,0.109879301,0.475793952,4.571225529,0.633300667,1.90E-05,0.002263797,4.887091078,2.846565868,1.667282152,0.146038382,0.007710544,8.350855938,20,21,45,23,20,0.000549621,4.90E-05,0.001104214,6.48E-05,0.000354254,2.16E-05,0.017487834
4422,4422,4422,4.4,KGW001,68.86821089,86.90126853,53,134.2814,34.5466,134.539,33.965,4.974,1.5,2.552310624,19:45:00,19:45:48,431,287,179,106,-7.221011155,0.171639358,0.033592409,0.452508091,0.215271121,1.86E-06,1.13E-05,0.131091819,0.061203996,0.068706644,0.006505115,0.001131609,0.238132119,71,34,99,17,261,0.000438239,3.20E-05,0.000384723,3.22E-05,0.000509944,3.21E-05,0.027317252
4423,4423,4423,4.4,KGW002,60.12805131,80.15224609,53,134.3139,34.4727,134.539,33.965,5.37,0.090909091,0.507437728,19:45:00,19:45:47,491,328,164,114,-5.432776619,0.099923156,0.054290914,0.731214143,0.057911499,1.92E-07,2.94E-05,0.081658363,0.258580762,0.123105454,0.011272788,0.000721001,0.70883484,295,69,285,267,289,0.000375119,2.97E-05,0.000615975,4.37E-05,0.000498967,3.18E-05,0.015903264
4424,4424,4424,4.4,KGW003,76.64058344,93.18143071,53,133.7896,34.2652,134.539,33.965,5.953,1.5,2.114400898,19:45:00,19:45:51,737,491,246,169,-5.445812042,0.069684763,0.049765827,0.690020192,0.266387819,2.80E-06,2.48E-05,0.142163244,0.032591325,0.106505622,0.009387287,0.001735439,0.846412655,10,32,85,5,297,0.00055333,3.76E-05,0.000595454,4.97E-05,0.001315753,9.12E-05,0.011090675
4425,4425,4425,4.4,KGW004,61.90789067,81.49593197,53,134.0456,34.3435,134.539,33.965,5.947,1.5,3.046686536,19:45:00,19:45:48,214,142,98,60,-8.164563955,0.664998764,0.052562768,0.792338919,0.358172052,6.47E-06,2.75E-05,0.165587364,0.72623242,0.954062841,0.005853636,0.003336549,0.055307589,282,3,45,280,299,0.000927348,5.01E-05,0.001462304,0.000121423,0.002055176,0.000110729,0.10583784
4426,4426,4426,4.4,KGW005,84.88730421,100.0742445,53,133.6354,34.1138,134.539,33.965,18.092,1.5,3.166219594,19:45:00,19:45:53,272,181,115,67,-9.247849584,0.310255931,0.026956621,0.411317674,0.191444105,1.84E-06,7.25E-06,0.03208451,0.009468412,0.540680136,0.002889145,0.001618409,0.058509874,28,133,179,250,299,0.000791826,2.99E-05,0.000681042,2.87E-05,0.001264931,8.09E-05,0.049378765
4427,4427,4427,4.4,KGW006,45.38851264,69.77905903,53,134.1856,34.2496,134.539,33.965,5.596,1.5,3.151487735,19:45:00,19:45:45,1005,670,335,321,-8.89890201,1.64480305,0.068227039,1.044176649,0.488386191,1.17E-05,4.63E-05,0.317826888,0.044839765,0.019026322,0.006337225,0.004255298,0.024208346,16,92,152,299,299,0.000811288,6.03E-05,0.000528508,3.43E-05,0.000511841,2.37E-05,0.261778536
4428,4428,4428,4.4,KGW007,31.79760243,61.80685658,53,134.4009,34.2271,134.539,33.965,12.898,0.01,1.735193443,19:45:00,19:45:42,541,361,256,173,-3.575631639,0.099571013,0.177244318,2.349943536,0.746898168,2.39E-05,0.000313709,1.32493742,0.395267049,0.281732539,0.031412403,0.005392567,1.982202868,27,277,291,253,275,0.000448209,1.67E-05,0.000754298,5.13E-05,0.000769066,6.85E-05,0.015847219
4429,4429,4429,4.4,KGW008,60.80897659,80.6643145,53,133.9243,34.1644,134.539,33.965,10.029,1.5,2.519301711,19:45:00,19:45:47,769,513,274,212,-10.68764212,0.162111249,0.006597137,0.084959633,0.037806512,6.99E-08,4.35E-07,0.00146531,12.81534682,56.29315551,0.001078683,0.000303555,0.041808127,235,2,6,196,218,0.000665266,3.60E-05,0.004952602,0.000346081,0.010504663,0.000774983,0.025800807
4430,4430,4430,4.4,KOC001,54.16523961,75.78174703,53,134.2814,33.5275,134.539,33.965,24.235,0.010600707,0.758377816,19:45:00,19:45:38,501,334,181,115,-1.263601927,0.097521942,0.424193651,5.738850275,0.78735492,2.62E-05,0.001799086,4.243994478,7.103536987,1.732689855,0.086415592,0.005073081,5.567620624,71,54,44,26,40,0.000901421,6.50E-05,0.000939686,6.85E-05,0.00079675,6.24E-05,0.015521099
4431,4431,4431,4.4,KOC003,77.94297195,94.2555403,53,133.9068,33.5014,134.539,33.965,10.12,1.5,3.050537402,19:45:00,19:45:51,327,218,153,96,-9.459283186,0.225649804,0.023704723,0.351508033,0.164550186,1.32E-06,5.59E-06,0.04598297,0.009446095,0.042189082,0.002433166,0.001432882,0.067751138,127,141,111,292,299,0.001000518,4.46E-05,0.000668956,3.43E-05,0.000975609,4.71E-05,0.035913282
4432,4432,4432,4.4,KOC004,67.98953111,86.20659105,53,133.8771,33.6975,134.539,33.965,11.72,0.25,0.530608812,19:45:00,19:45:49,450,300,215,137,-3.686008169,0.109994198,0.165762295,2.276399267,0.20020786,1.94E-06,0.000272566,0.590636453,0.526832934,0.780103214,0.027175056,0.002036726,1.552317467,294,71,270,297,30,0.000402789,2.53E-05,0.00078003,6.38E-05,0.000397924,2.01E-05,0.01750612
4433,4433,4433,4.4,KOC007,103.763441,116.5154569,53,133.5271,33.5611,134.539,33.965,10.829,1.5,3.041888595,19:45:00,19:45:56,242,161,212,581,-7.357133638,0.716512234,0.065705499,0.996108472,0.454338899,1.00E-05,4.28E-05,0.240185246,0.004826697,0.089842745,0.008951983,0.004112453,0.078501055,296,287,193,298,299,0.000912234,5.19E-05,0.00063926,6.21E-05,0.000673224,4.23E-05,0.114036464
4434,4434,4434,4.4,KOC008,112.0890727,123.9877422,53,133.3465,33.7758,134.539,33.965,3.124,0.01,1.478423469,19:45:00,19:45:58,1376,917,459,264,-7.569070173,0.07159937,0.018018103,0.239205182,0.065825025,1.80E-07,3.25E-06,0.016168902,0.138509287,0.16043458,0.002854879,0.00041208,0.250529234,186,2,188,64,195,0.004455126,0.00019664,0.003758998,0.00013224,0.006140482,0.000213848,0.011395394
4435,4435,4435,4.4,MIE016,127.6947946,138.2568644,53,135.9188,33.8764,134.539,33.965,5.443,1.5,3.156839966,19:45:00,19:46:01,844,562,281,162,-3.255566221,0.471873996,0.771461065,11.84549482,5.544256675,0.00149597,0.005926217,38.73071212,4.170783927,6.419014126,0.07445788,0.047974992,0.991435562,12,73,35,292,299,0.016068211,0.000784363,0.026056462,0.000692877,0.019204259,0.000510806,0.075101079
4436,4436,4436,4.4,NAR007,113.9281876,125.652823,53,135.7369,34.2213,134.539,33.965,2.816,0.010204082,1.550674608,19:45:00,19:45:59,1155,770,385,273,-3.43955564,0.129704559,0.106536356,1.136316355,0.402258047,6.91E-06,0.000113438,0.761041699,0.221690052,1.212902383,0.031531135,0.002502606,1.527440263,21,25,30,18,29,0.026060778,0.000688572,0.030412117,0.000596642,0.050360227,0.00134662,0.020643122
4437,4437,4437,4.4,NAR008,136.3448522,146.2836926,53,136.0046,34.1352,134.539,33.965,3.095,1.5,1.702601405,19:45:00,19:45:48,721,481,240,141,-3.577042131,0.096360302,0.078504878,0.824436367,0.32473107,4.52E-06,6.16E-05,0.484682624,0.498778835,1.130967773,0.027881755,0.001947706,1.818033241,7,17,34,6,293,0.000328136,2.69E-05,0.000526811,3.71E-05,0.000509562,2.80E-05,0.015336218
4438,4438,4438,4.4,NAR009,112.2186016,124.1048531,53,135.7552,33.938,134.539,33.965,7.397,0.01119403,0.519734165,19:45:00,19:45:57,726,484,242,159,-3.729294636,0.076783737,0.094788546,1.115906073,0.115538208,6.15E-07,8.98E-05,0.214507566,0.701580538,0.137084591,0.025317728,0.000878117,2.071740465,19,31,55,21,167,0.023753693,0.000573876,0.032930868,0.000509511,0.01650503,0.00034981,0.012220511
4439,4439,4439,4.4,OKY003,135.6479652,145.6343725,53,134.3386,35.1737,134.539,33.965,3.492,1.5,3.204118522,19:45:00,19:46:04,948,632,316,188,-6.7941727,0.672049106,0.167941896,2.597561505,1.22833759,7.30E-05,0.000280889,1.792000912,0.964624635,0.063721518,0.016564134,0.010436183,0.154862977,8,232,296,280,299,0.002982438,0.000157329,0.002543721,0.000119549,0.002435087,6.54E-05,0.106959937
4440,4440,4440,4.4,OKY007,124.3512146,135.1747927,53,133.6121,34.7807,134.539,33.965,7.175,1.5,3.206018417,19:45:00,19:46:01,512,342,183,104,-6.86605572,0.248196083,0.067834274,1.062733589,0.504041561,1.19E-05,4.59E-05,0.330960233,0.007860114,0.462636693,0.007331903,0.004036941,0.185610127,60,62,135,45,299,0.002151233,6.45E-05,0.003629654,5.63E-05,0.002554147,0.000136655,0.039501634
4441,4441,4441,4.4,OKY008,116.3006728,127.8078499,53,133.9036,34.8701,134.539,33.965,3.035,1.5,3.043751781,19:45:00,19:46:00,707,471,266,170,-8.143943589,0.264833717,0.039760049,0.60509358,0.273816962,3.70E-06,1.57E-05,0.106610098,0.063868547,0.001942677,0.004361986,0.002416375,0.10348821,214,173,173,280,299,0.001965529,7.06E-05,0.001653089,6.53E-05,0.001482009,5.48E-05,0.042149595
4442,4442,4442,4.4,OKY009,113.5688803,125.3271342,53,134.0923,34.9176,134.539,33.965,5.88,1.5,3.154952259,19:45:00,19:45:58,602,401,201,119,-6.635196445,0.596909397,0.119014953,1.815170139,0.853421237,3.56E-05,0.00014107,0.829349636,0.372494516,1.03394074,0.012151466,0.007412517,0.12790871,262,282,202,284,299,0.001722511,0.000104002,0.001725026,6.89E-05,0.001942134,0.000147106,0.095001081
4443,4443,4443,4.4,OKY011,96.1364631,109.7780467,53,133.9067,34.654,134.539,33.965,5.316,1.5,3.166314059,19:45:00,19:45:55,259,172,113,67,-4.742447695,0.388544364,0.251422698,3.876979377,1.813233269,0.00015975,0.000629061,4.027501253,3.403777853,4.94706883,0.026385774,0.015603605,0.426686682,282,292,299,290,299,0.004028793,0.000220689,0.004280272,0.000203808,0.006457387,0.000270838,0.061838756
4444,4444,4444,4.4,OKY013,112.3164926,124.1933755,53,133.5099,34.5095,134.539,33.965,4.921,3,1.73813296,19:45:00,19:45:58,678,452,226,133,-7.198823156,0.099058589,0.021926995,0.297404302,0.085373012,3.68E-07,4.81E-06,0.030089524,0.018579875,0.039624049,0.003957248,0.000603015,0.251004234,31,66,120,144,210,0.002848772,0.000100825,0.002889581,6.98E-05,0.004812781,8.38E-05,0.015765664
4445,4445,4445,4.4,OKY014,87.39368541,102.2088854,53,133.7876,34.4462,134.539,33.965,7.277,1.5,2.933014631,19:45:00,19:45:53,611,407,204,131,-8.595127754,0.341763267,0.027379129,0.406946771,0.181658275,1.62E-06,7.45E-06,0.062018179,0.658826384,0.577082239,0.003544166,0.001766264,0.065158116,283,11,4,285,299,0.00064921,3.19E-05,0.001524211,9.42E-05,0.001700006,9.44E-05,0.054393313
4446,4446,4446,4.4,OSK008,94.45447545,108.3081157,53,135.3874,34.4438,134.539,33.965,3.201,0.010169492,0.75103996,19:45:00,19:45:56,443,296,251,210,-3.771647349,0.294343898,0.17186471,1.67496582,0.285143474,4.22E-06,0.000295075,0.673085636,0.139829212,0.333838277,0.045595669,0.003482508,0.973303819,204,292,290,210,203,0.038676742,0.002247801,0.00745002,0.000291391,0.029927215,0.001178715,0.046846286
4447,4447,4447,4.4,OSK010,80.13315374,96.0745665,53,135.2549,34.3755,134.539,33.965,5.372,1.5,2.982206902,19:45:00,19:45:52,270,180,135,90,-7.403684742,1.23615515,0.102708702,1.541083995,0.673592203,2.37E-05,0.000105142,0.532482729,0.06578716,0.781019191,0.011308944,0.006462577,0.057481614,256,37,67,259,299,0.001264327,9.32E-05,0.000937473,7.16E-05,0.001543531,9.10E-05,0.196740203
4448,4448,4448,4.4,TKS001,27.25577378,59.59762751,53,134.6098,34.203,134.539,33.965,25.737,0.010273973,0.479980666,19:45:00,19:45:36,216,144,125,99,0.645841506,0.116974019,0.784668763,9.495426875,0.843876038,3.59E-05,0.006151602,14.28820745,16.82742496,9.932530471,0.228531477,0.009627637,12.27542347,17,47,68,22,42,0.000592449,4.93E-05,0.000517344,3.86E-05,0.000611869,3.37E-05,0.018616993
4453,4453,4453,4.4,TKS006,34.70354563,63.35089643,53,134.4192,33.6692,134.539,33.965,28.938,0.136363636,0.447183942,19:45:00,19:45:36,292,195,124,72,2.61365949,0.116850629,1.673600042,13.76326898,1.798377876,0.000141878,0.028009368,63.63714381,62.84058565,30.14568342,0.76575422,0.017440066,41.17543651,20,35,61,22,42,0.000366188,1.96E-05,0.000455822,3.20E-05,0.000522312,3.74E-05,0.018597355
4454,4454,4454,4.4,TKS007,27.25143962,59.59564549,53,134.285,34.0905,134.539,33.965,12.838,1.5,2.239416716,19:45:00,19:45:38,439,293,205,134,-1.823454568,0.084919656,0.373310766,4.937782059,2.056053675,0.000176798,0.001391773,9.305424453,1.468331009,0.554850675,0.080108803,0.011478396,5.927231388,229,268,289,20,40,0.000415387,2.23E-05,0.000439048,3.89E-05,0.000363695,2.53E-05,0.013515383
4455,4455,4455,4.4,TKS008,30.35355808,61.07649702,53,134.212,33.9344,134.539,33.965,60.255,1.5,3.170989119,19:45:00,19:45:36,726,484,242,140,-9.337966809,0.253863454,0.029938406,0.465612831,0.213312978,2.28E-06,8.95E-06,0.037418135,1.151624552,0.211172709,0.002609947,0.001627657,0.064596867,4,4,4,235,288,0.000648596,3.91E-05,0.001412829,0.00011178,0.001361364,6.27E-05,0.040403624
4456,4456,4456,4.4,TKS009,37.99406297,65.21156969,53,134.1995,33.7719,134.539,33.965,31.38,1.5,3.146948295,19:45:00,19:45:37,904,603,414,344,-9.304446514,0.979985402,0.04245692,0.652739968,0.304125757,4.50E-06,1.80E-05,0.097842827,0.029496267,0.007065907,0.004162426,0.002633957,0.026687433,233,81,297,271,299,0.000497535,4.36E-05,0.000538647,4.33E-05,0.000337654,2.36E-05,0.155969521
4457,4457,4457,4.4,TKS010,44.76866012,69.37746701,53,134.0614,34.038,134.539,33.965,13.032,0.010238908,1.005460296,19:45:00,19:45:44,389,259,148,82,-3.372237081,0.156909115,0.257145908,3.564518559,0.602141999,1.69E-05,0.000659193,1.761440742,1.461964724,9.042987008,0.047227617,0.004926001,1.891157625,226,62,289,92,267,0.000673202,3.22E-05,0.000912666,4.26E-05,0.000591204,4.20E-05,0.024972861
4458,4458,4458,4.4,TKS011,57.83032198,78.44326701,53,133.9218,33.8746,134.539,33.965,12.626,1.5,2.095255541,19:45:00,19:45:46,1553,1035,518,366,-4.320388475,0.125442563,0.084255785,1.019629761,0.431659683,7.89E-06,7.10E-05,0.485781363,0.044001331,0.672135459,0.021007601,0.002708373,1.052231772,15,28,18,26,289,0.000552454,3.34E-05,0.000465387,1.94E-05,0.000707002,4.94E-05,0.019964804
4459,4459,4459,4.4,TKS012,67.70586453,85.98304537,53,133.809,34.0319,134.539,33.965,6.437,3,2.165084556,19:45:00,19:45:49,891,594,297,181,-9.777738826,0.283910581,0.013031523,0.193641102,0.065924209,2.02E-07,1.70E-06,0.028325984,0.022318575,0.001801997,0.001828672,0.000447245,0.040470078,161,98,98,268,102,0.000699928,4.95E-05,0.000572829,4.18E-05,0.000468758,2.67E-05,0.045185772
4460,4460,4460,4.4,TTR003,156.2194652,164.9652124,53,134.2075,35.3432,134.539,33.965,3.376,1.5,3.054679617,19:45:00,19:46:09,830,553,277,175,-8.642066508,0.172404747,0.020004302,0.29883566,0.139658236,9.45E-07,4.00E-06,0.019399425,0.01616603,0.027115187,0.002627689,0.001037342,0.095764512,180,258,201,277,280,0.001517784,6.04E-05,0.002888622,0.000108878,0.002438466,0.000104411,0.027439068
4461,4461,4461,4.4,WKY001,65.03734489,83.89789169,53,135.1694,34.2288,134.539,33.965,7.613,1.5,3.157833417,19:45:00,19:45:40,300,200,163,129,-7.311507574,0.59723547,0.08228475,1.269606953,0.591872931,1.70E-05,6.74E-05,0.373869004,4.118311869,0.018158257,0.008500576,0.005072246,0.089429874,269,3,299,271,299,0.001920073,0.000111728,0.003167594,0.000205065,0.001771752,5.87E-05,0.095052977
4462,4462,4462,4.4,WKY002,89.03272501,103.6138317,53,135.4305,34.2755,134.539,33.965,2.242,0.010135135,0.640200411,19:45:00,19:45:55,383,255,164,96,-4.000695963,0.139522962,0.104266985,0.973809,0.132574774,1.13E-06,0.000108541,0.237515707,0.135469831,0.13424945,0.025660375,0.001956553,1.155572442,219,243,252,217,220,0.026199025,0.001227614,0.01616668,0.000607865,0.018955761,0.00060816,0.022205769
4463,4463,4463,4.4,WKY003,55.23662639,76.55119134,53,135.116,34.0996,134.539,33.965,5.858,1.5,3.111906958,19:45:00,19:45:47,188,125,103,76,-6.573916323,1.261079915,0.18397267,2.812762653,1.300888906,8.25E-05,0.000336493,1.976448905,0.175997879,0.430470924,0.019830627,0.011591083,0.098803814,38,249,295,299,299,0.002276916,0.000146582,0.001525872,6.46E-05,0.00109368,7.57E-05,0.200707102
4464,4464,4464,4.4,WKY004,83.28681702,98.72028104,53,135.4313,34.0838,134.539,33.965,3.569,1.5,3.224741864,19:45:00,19:45:53,970,647,323,200,-3.439129174,0.146224864,0.196089927,2.807100404,1.547730635,0.000101186,0.00038414,4.598250807,0.615480638,1.16475628,0.035686022,0.009432157,1.533404678,0,38,39,18,297,0.000347268,2.05E-05,0.000626715,4.14E-05,0.000497343,4.41E-05,0.02327241
4465,4465,4465,4.4,WKY005,87.94044874,102.6767867,53,135.4883,33.8938,134.539,33.965,13.482,1.5,2.085808703,19:45:00,19:45:43,470,313,157,85,-2.886063499,0.066927811,0.142343864,1.755784481,0.732019068,2.22E-05,0.000201746,0.989269763,0.540522625,1.669533721,0.036164421,0.003957779,3.395117165,38,59,57,20,38,0.000408004,2.50E-05,0.00073597,5.49E-05,0.000463303,2.89E-05,0.010651892
4466,4466,4466,4.4,WKY006,57.1922539,77.97405919,53,135.1524,33.8908,134.539,33.965,11.696,1.5,3.190572899,19:45:00,19:45:47,420,280,156,84,-7.665944894,1.014422302,0.12102675,1.87889136,0.880878872,3.76E-05,0.000145854,0.933320843,0.024111002,1.043360001,0.011244488,0.007532704,0.069646736,16,160,262,297,299,0.001390788,0.000107174,0.000738937,4.79E-05,0.001163552,9.82E-05,0.161450324
4467,4467,4467,4.4,WKY014,105.6853084,118.2302179,53,135.6397,33.7053,134.539,33.965,2.688,1.5,2.751303953,19:45:00,19:45:57,376,251,144,78,-3.844466269,0.137800158,0.14983897,1.973006665,1.000150795,4.30E-05,0.000224325,2.869373468,0.194946868,0.651456806,0.027300028,0.006463864,1.244781846,9,50,27,55,286,0.026590796,0.000964011,0.014148494,0.000663023,0.022816261,0.000789261,0.021931576
4552,4552,4552,4.4,CHB001,46.57255459,69.06520716,51,139.8733,35.9595,139.894,35.541,5.997,0.01,2.043823616,01:49:00,01:49:56,296,197,138,86,-6.76144218,0.128055244,0.037566495,0.522898589,0.174586081,1.48E-06,1.40E-05,0.064253799,10.59434013,5.131951486,0.006309018,0.001484602,0.309559575,275,246,218,287,299,0.005093991,0.000127108,0.006538537,0.000330087,0.005056603,0.000251433,0.020380625
4553,4553,4553,4.4,CHB002,27.34407388,57.8679391,51,139.9031,35.7868,139.894,35.541,20.301,1.5,3.139735486,01:49:00,01:49:46,448,299,201,128,-9.884161274,0.306698366,0.018766401,0.282822234,0.132629688,8.77E-07,3.51E-06,0.019886422,0.002206719,0.034262419,0.002200143,0.001041727,0.045073291,127,273,19,228,299,0.000690679,3.39E-05,0.000685077,3.37E-05,0.000861433,5.82E-05,0.048812561
4554,4554,4554,4.4,CHB003,31.75737277,60.07937021,51,140.0564,35.7943,139.894,35.541,10.835,1.5,3.255914111,01:49:00,01:49:49,237,158,102,59,-7.890210801,0.365451642,0.05695009,0.884316837,0.432591027,8.69E-06,3.24E-05,0.173435071,0.044653857,0.035695176,0.006145743,0.00330477,0.105663343,5,13,38,293,298,0.002750404,0.000120094,0.002871964,0.000107437,0.002385989,0.000120689,0.058163435
4555,4555,4555,4.4,CHB007,36.26914647,62.58155468,51,140.2267,35.7234,139.894,35.541,10.396,0.115384615,0.794837496,01:49:00,01:49:50,296,198,140,89,-2.253424702,0.11119858,0.266965866,3.461034436,0.510923504,1.13E-05,0.000708352,1.948681857,3.232333768,0.96709539,0.059110251,0.003905377,3.339976672,273,282,267,275,278,0.0003981,2.32E-05,0.000695451,2.80E-05,0.00078988,5.01E-05,0.017697804
4558,4558,4558,4.4,CHB011,55.35460095,75.26707013,51,140.5014,35.6021,139.894,35.541,2.159,1.5,3.153559924,01:49:00,01:49:58,287,191,123,75,-8.674593261,1.00137926,0.065451482,0.972969089,0.458131871,1.08E-05,4.27E-05,0.207976134,0.109353292,0.031533481,0.0062861,0.003991175,0.039442329,18,185,191,257,299,0.000830923,6.10E-05,0.000653737,5.04E-05,0.001140875,9.41E-05,0.159374459
4559,4559,4559,4.4,CHB012,39.89568053,64.75079401,51,140.3333,35.5727,139.894,35.541,5.133,0.111111111,1.778364972,01:49:00,01:49:48,332,221,145,86,-2.144224171,0.117739815,0.359321341,4.872444203,1.569619389,0.000103152,0.001287642,7.055626977,1.20127468,0.604610007,0.064702113,0.009854865,3.452828316,225,241,235,206,280,0.0007055,4.97E-05,0.000944151,4.95E-05,0.000542689,4.17E-05,0.018738874
4562,4562,4562,4.4,CHB017,31.55622569,59.97328889,51,140.0755,35.2988,139.894,35.541,4.861,1.5,2.639522226,01:49:00,01:49:45,318,212,154,99,-10.97026011,0.237231864,0.011023743,0.154727152,0.05820108,2.14E-07,1.21E-06,0.004370892,0.025886476,0.06179037,0.001374272,0.000560651,0.036398182,144,216,168,261,276,0.000720485,2.55E-05,0.003015115,0.000165726,0.002716524,0.000133408,0.037756624
4563,4563,4563,4.4,CHB018,57.66053791,76.97881288,51,140.3222,35.1577,139.894,35.541,4.105,1.5,3.336308308,01:49:00,01:49:48,399,266,148,80,-8.485022013,0.31554498,0.03394765,0.5285044,0.257634878,3.24E-06,1.15E-05,0.05233325,1.09594676,0.466409935,0.003454304,0.00193201,0.068782683,246,19,13,238,283,0.000916031,3.79E-05,0.001630782,0.000108254,0.001163031,8.21E-05,0.050220543
4564,4564,4564,4.4,CHB019,48.16672689,70.15007897,51,139.8351,35.1105,139.894,35.541,7.588,0.176470588,1.346816111,01:49:00,01:49:55,205,136,103,76,-5.441679512,0.142160123,0.100456119,1.449990512,0.333569794,4.64E-06,0.000100879,0.478380828,0.215761252,0.188831319,0.014035895,0.002582786,0.620357721,154,215,225,270,291,0.000475926,3.63E-05,0.000438842,3.45E-05,0.000449946,3.45E-05,0.022625486
4565,4565,4565,4.4,CHB020,50.94408621,72.08536551,51,140.1022,35.1155,139.894,35.541,2.305,1.5,3.10915238,01:49:00,01:49:56,230,154,137,112,-9.598684673,0.907615626,0.040403615,0.613045217,0.284798876,3.98E-06,1.62E-05,0.110982796,0.093715788,0.042803816,0.004160567,0.002547306,0.028802513,15,18,168,299,299,0.000768348,4.86E-05,0.000539965,3.03E-05,0.000573597,5.17E-05,0.144451513
4566,4566,4566,4.4,CHB021,70.35392197,86.89461627,51,139.8979,34.9083,139.894,35.541,3.635,0.010830325,1.323833066,01:49:00,01:49:58,1208,805,403,280,-3.755992604,0.165236532,0.120895012,1.403841479,0.411461022,6.49E-06,0.000146137,0.459817724,0.256347703,0.164495708,0.034789736,0.00229451,1.322893639,25,169,146,5,20,0.00054569,3.51E-05,0.000502258,2.94E-05,0.000459433,2.41E-05,0.026298211
4567,4567,4567,4.4,CHB022,26.05996332,57.27234663,51,139.8598,35.3083,139.894,35.541,66.374,1.5,2.767271247,01:49:00,01:49:45,404,269,198,130,-0.646165255,0.162998613,0.614725285,8.157733174,4.203698624,0.000732213,0.003774799,38.60698299,3.556024219,1.593440454,0.127710711,0.025343533,4.922925731,13,34,49,6,299,0.000892547,5.04E-05,0.000635095,2.84E-05,0.001099716,4.30E-05,0.025942035
4569,4569,4569,4.4,IBR004,119.0610223,129.5242334,51,140.4094,36.5273,139.894,35.541,5.442,1.5,3.209139176,01:49:00,01:50:10,433,289,205,139,-2.204913818,0.558810829,1.214159344,18.79930258,8.902536918,0.003829058,0.014678258,92.34847366,76.79884671,1.103488795,0.115424664,0.075047986,1.297817645,215,82,203,288,299,0.022398793,0.001117963,0.021759656,0.001094108,0.015867586,0.000470275,0.088937506
4570,4570,4570,4.4,IBR005,98.8112838,111.1965368,51,140.2372,36.3851,139.894,35.541,3.81,1.5,1.6674164,01:49:00,01:50:05,437,291,158,92,-4.171393973,0.093654531,0.106539201,1.306405954,0.402636394,7.99E-06,0.000113503,0.330705358,0.231803138,0.074470847,0.020883067,0.003876114,1.401023276,205,299,265,292,298,0.0202363,0.000558598,0.020668455,0.001123043,0.013557175,0.000468475,0.014905582
4571,4571,4571,4.4,IBR010,71.81967457,88.08555872,51,139.9653,36.1843,139.894,35.541,2.776,0.010238908,1.309246874,01:49:00,01:50:01,269,179,156,124,-3.93512007,0.098616255,0.100455848,1.344395352,0.320486242,4.38E-06,0.000100911,0.27044168,0.372039018,0.29843497,0.021528444,0.002292642,1.371652185,38,276,298,53,229,0.000984411,4.59E-05,0.000818471,4.54E-05,0.00065678,3.50E-05,0.015695265
4572,4572,4572,4.4,IBR014,65.06441479,82.6702974,51,140.1947,36.0729,139.894,35.541,3.524,0.115384615,1.479119366,01:49:00,01:49:58,303,202,133,79,-3.790665771,0.127151426,0.155750016,2.0604036,0.550189736,1.34E-05,0.000242565,1.017405369,0.334159378,0.251140413,0.029557136,0.004079185,1.460565331,264,278,171,255,271,0.000914879,4.45E-05,0.000591725,3.73E-05,0.000595509,3.55E-05,0.020236778
4573,4573,4573,4.4,IBR016,43.48892396,67.02452169,51,140.0494,35.9112,139.894,35.541,5.828,1.5,3.279057414,01:49:00,01:49:56,319,213,137,80,-7.819919057,0.708457283,0.089147296,1.386260052,0.675469632,2.16E-05,7.92E-05,0.549147363,0.253704197,1.11014676,0.008194715,0.005443604,0.072677509,72,280,13,295,299,0.001352674,8.86E-05,0.001498617,8.17E-05,0.00207213,0.000120032,0.112754479
4574,4574,4574,4.4,IBR017,59.83081153,78.61759351,51,140.3194,35.9537,139.894,35.541,4.694,1.5,3.195263333,01:49:00,01:49:58,329,219,172,121,-7.37065797,0.742292433,0.105422704,1.625958305,0.769332404,2.86E-05,0.000110613,0.71408594,1.617228017,1.021738648,0.010264563,0.006539447,0.086885095,51,2,51,299,299,0.001242198,7.89E-05,0.001688408,0.000122751,0.001715857,0.000107705,0.11813951
4576,4576,4576,4.4,KNG002,26.22210522,57.34630592,51,139.634,35.4371,139.894,35.541,5.546,1.5,2.878604625,01:49:00,01:49:52,149,100,56,30,-6.30793789,0.500309856,0.126236631,1.895021177,0.82795592,3.33E-05,0.000158873,0.914454665,0.052829584,0.227223667,0.015217897,0.007231387,0.191115295,248,134,161,254,299,0.006843617,0.000388283,0.006261491,0.000329076,0.006099394,0.000339805,0.079626787
4577,4577,4577,4.4,KNG003,36.71387312,62.84034118,51,139.6579,35.2727,139.894,35.541,9.099,1.5,3.20043627,01:49:00,01:49:51,734,490,245,146,-8.347443076,1.002394482,0.072090648,1.118954944,0.527502738,1.34E-05,5.18E-05,0.321882878,1.934281408,0.032015667,0.006804562,0.004466284,0.042652196,6,15,165,297,299,0.000815647,5.58E-05,0.001934609,0.000141518,0.000336768,1.81E-05,0.159536037
4578,4578,4578,4.4,KNG004,50.56973281,71.82129125,51,139.6218,35.1441,139.894,35.541,6.413,0.010638298,1.6525237,01:49:00,01:49:46,406,271,135,84,-2.472576449,0.168817078,0.399814157,5.016782617,1.617946273,0.00011053,0.001597878,7.30105826,1.654151006,4.15016863,0.070191569,0.009537701,2.612452707,38,71,210,17,39,0.000316194,2.08E-05,0.00093644,6.96E-05,0.000301601,1.31E-05,0.026868072
4579,4579,4579,4.4,KNG005,40.01595523,64.82496952,51,139.5462,35.3192,139.894,35.541,5.027,1.5,1.786734822,01:49:00,01:49:45,512,341,211,124,-3.813896163,0.163333833,0.150723523,1.971878448,0.639025586,1.84E-05,0.000227087,0.829622489,0.479809613,0.580548202,0.036140483,0.004168928,1.390265235,54,254,61,39,76,9.04E-05,8.20E-06,0.000100893,5.95E-06,7.16E-05,3.93E-06,0.025995387
4580,4580,4580,4.4,KNG006,33.57512659,61.0597177,51,139.5387,35.4544,139.894,35.541,4.323,1.5,3.178486279,01:49:00,01:49:44,483,322,184,107,-0.828619671,0.229408664,0.786097104,10.92951808,6.165350415,0.001579494,0.00617216,71.1323016,2.170363249,2.635436839,0.172657154,0.035846133,4.728840125,31,52,169,15,283,0.000306295,1.86E-05,0.000495899,2.89E-05,0.000503684,2.11E-05,0.036511523
4581,4581,4581,4.4,KNG008,51.4758455,72.46214646,51,139.3265,35.5751,139.894,35.541,7.116,1.5,3.17374268,01:49:00,01:49:54,388,259,168,99,-7.295136987,0.248235322,0.076074926,1.177932026,0.551540655,1.47E-05,5.76E-05,0.36638583,0.578226129,0.067878294,0.007197058,0.004681394,0.182167669,176,231,188,298,299,0.002370683,7.35E-05,0.001139581,8.93E-05,0.000851147,3.64E-05,0.039507879
4582,4582,4582,4.4,KNG009,49.41423579,71.01244045,51,139.3618,35.4424,139.894,35.541,3.609,1.5,3.184624594,01:49:00,01:49:46,182,122,107,87,-7.729718024,0.835433014,0.104809373,1.613601246,0.762664197,2.81E-05,0.000109433,0.692982566,0.139503057,0.266552419,0.010172712,0.006502128,0.076507675,6,23,159,289,299,0.002082863,8.32E-05,0.001605953,8.23E-05,0.001226478,7.37E-05,0.132963294
4583,4583,4583,4.4,KNG010,54.29041105,74.48790997,51,139.3504,35.3355,139.894,35.541,1.559,1.5,3.144915954,01:49:00,01:49:47,297,198,140,95,-4.866521778,0.156160731,0.159387582,2.442624293,1.138666665,6.33E-05,0.000252788,1.607947997,0.068978697,0.744401639,0.016453892,0.009891256,0.662028479,245,250,241,296,299,0.002983463,0.000154981,0.000778215,4.16E-05,0.001701996,9.49E-05,0.024853752
4584,4584,4584,4.4,KNG011,67.36103008,84.48969389,51,139.1548,35.6154,139.894,35.541,2.848,0.010344828,1.158227951,01:49:00,01:49:58,1302,868,434,270,-4.395156933,0.097306424,0.082841671,1.040092057,0.233720359,2.33E-06,6.86E-05,0.222455931,0.098652283,0.098495022,0.018082674,0.001743054,1.167618614,31,184,168,29,19,8.50E-05,2.81E-06,0.000120291,4.56E-06,0.000108691,4.14E-06,0.015486798
4585,4585,4585,4.4,KNG012,64.95581485,82.58485263,51,139.2048,35.3794,139.894,35.541,3.786,0.428571429,0.40988627,01:49:00,01:49:57,556,371,263,166,-4.373033709,0.087928542,0.108895332,1.112273822,0.083694203,5.04E-07,0.000118491,0.252607758,0.123546562,0.292368776,0.021408466,0.001602262,1.529803157,224,298,279,177,173,0.000365122,1.82E-05,0.000873095,3.98E-05,0.001294077,6.21E-05,0.013994262
4586,4586,4586,4.4,KNG014,76.17940817,91.67498148,51,139.0826,35.3608,139.894,35.541,3.338,1.5,3.204983754,01:49:00,01:50:00,507,338,273,197,-6.95256718,0.521500146,0.102028093,1.580408725,0.746732388,2.70E-05,0.000103667,0.658693393,0.194481216,4.15895811,0.009614473,0.006317984,0.115837967,266,47,3,276,299,0.001311238,8.33E-05,0.001131674,6.04E-05,0.00278238,0.000221501,0.082999326
4587,4587,4587,4.4,NGN019,200.4988141,206.8834804,51,137.7078,35.8562,139.894,35.541,1.537,1.5,3.181962648,01:49:00,01:50:28,579,386,194,130,-6.266466762,0.761936278,0.174791155,2.694065925,1.266712379,7.81E-05,0.000304401,1.91057583,0.556817964,6.664066347,0.016702937,0.010827803,0.137738094,249,139,285,292,299,0.002837029,0.00017719,0.00483374,0.000162037,0.005044488,0.000272504,0.121265925
4588,4588,4588,4.4,SIT003,61.66435047,80.02182277,51,139.6968,36.072,139.894,35.541,2.605,0.136363636,0.896747004,01:49:00,01:50:00,131,87,87,86,-2.352568012,0.137676483,0.273435385,3.693001045,0.586320897,1.52E-05,0.000747485,2.22872473,0.235748003,0.206549599,0.057530177,0.004930403,2.625522916,114,165,114,112,294,0.001034893,6.75E-05,0.000539268,3.30E-05,0.000759497,4.44E-05,0.021911893
4589,4589,4589,4.4,SIT009,54.71728307,74.79960606,51,139.4837,35.9032,139.894,35.541,9.2,1.5,3.119184915,01:49:00,01:49:48,393,262,190,122,-8.863263559,0.623877444,0.039835066,0.605595292,0.281086771,3.90E-06,1.58E-05,0.079109277,0.231449318,0.602186337,0.004307982,0.00247284,0.043386486,87,7,131,268,299,0.000878405,4.19E-05,0.000952056,5.29E-05,0.00121245,8.56E-05,0.099293179
4590,4590,4590,4.4,SIT010,46.30874979,68.88759183,51,139.6481,35.9065,139.894,35.541,2.973,1.5,2.857080053,01:49:00,01:49:47,199,133,113,88,-1.764509067,0.158587035,0.344992969,4.532029071,2.423202456,0.000246091,0.001190176,11.45371868,0.299292003,0.119066113,0.078072068,0.014385847,3.093199103,5,245,36,16,276,0.000455817,2.71E-05,0.000576232,5.04E-05,0.000596206,3.27E-05,0.02523991
4591,4591,4591,4.4,SIT012,61.47568746,79.87653065,51,139.3215,35.8401,139.894,35.541,3.344,1.5,2.306483467,01:49:00,01:49:58,875,585,420,268,-4.121196263,0.169410842,0.11690153,1.538093167,0.659790897,1.84E-05,0.000136499,0.90863895,0.208791541,0.092573089,0.026066752,0.004153284,0.966775394,2,10,24,4,291,0.000336738,2.24E-05,0.00046814,3.18E-05,0.00060085,2.96E-05,0.026962573
4592,4592,4592,4.4,SIT013,47.98635672,70.02635526,51,139.4659,35.7965,139.894,35.541,4.704,1.5,3.194030827,01:49:00,01:49:56,314,209,120,64,-8.76133507,1.372873996,0.083809196,1.294073796,0.612310548,1.81E-05,7.00E-05,0.452282586,0.036742045,0.010766217,0.007655514,0.005141664,0.03503673,31,9,37,287,299,0.000937938,7.56E-05,0.000637714,2.85E-05,0.000602124,4.88E-05,0.218499683
4593,4593,4593,4.4,SZO001,86.1530475,100.1166699,51,139.0795,35.1424,139.894,35.541,12.411,0.01171875,0.907061823,01:49:00,01:49:59,889,592,296,186,-2.917615078,0.049513251,0.129927669,1.652832018,0.284466986,3.52E-06,0.00016875,0.410000834,0.406126507,0.551868218,0.029167379,0.001798033,3.70131311,50,84,99,51,30,0.000251513,1.85E-05,0.000143177,5.25E-06,0.000242813,1.08E-05,0.007880279
4594,4594,4594,4.4,SZO003,111.0069195,122.1619261,51,139.0546,34.8158,139.894,35.541,4.27,0.010638298,0.826255923,01:49:00,01:49:53,473,316,158,102,-3.786847452,0.103979943,0.152138886,2.097163908,0.310851514,4.00E-06,0.000231452,0.659440488,0.666894072,0.642800882,0.025104223,0.001885892,1.516970319,100,138,160,19,288,0.000179132,8.71E-06,0.000342852,2.62E-05,0.00020894,1.39E-05,0.016548922
4595,4595,4595,4.4,SZO007,106.4469035,118.0336531,51,138.9466,34.9771,139.894,35.541,2.307,0.06122449,0.426745065,01:49:00,01:50:04,933,622,311,244,-4.023835695,0.066121888,0.063700258,0.739852886,0.058025212,1.87E-07,4.05E-05,0.087641642,0.133987629,0.095122742,0.017106023,0.000712476,1.625487652,18,94,100,5,19,0.012638528,0.000342822,0.00360659,4.42E-05,0.003692017,5.60E-05,0.010523625
4596,4596,4596,4.4,TCG014,114.4467164,125.2958534,51,140.1742,36.545,139.894,35.541,4.949,1.5,2.790253955,01:49:00,01:49:56,577,384,250,167,-8.318979151,1.100135278,0.062175375,0.964443469,0.39755266,7.57E-06,3.84E-05,0.105692328,0.153928092,0.201560086,0.007928606,0.003514907,0.045282524,274,127,127,291,299,0.001695624,0.000160581,0.001835309,0.000154739,0.001846571,0.000149315,0.175091968
4597,4597,4597,4.4,TKY002,70.85475106,87.30060566,51,139.1454,35.7304,139.894,35.541,4.468,0.166666667,0.292127856,01:49:00,01:49:59,870,580,290,168,-5.054809407,0.053465989,0.065247427,0.901792506,0.040783792,9.20E-08,4.26E-05,0.093644332,0.209176365,0.091284715,0.010941932,0.000437611,1.285867627,97,99,102,66,279,0.000376964,3.04E-05,0.000587073,3.72E-05,0.000450772,3.21E-05,0.008509376
4598,4598,4598,4.4,TKY003,61.43481665,79.84507935,51,139.2912,35.7968,139.894,35.541,4.924,0.010676157,0.659230337,01:49:00,01:49:58,276,184,111,62,-3.755630657,0.121717674,0.169826181,2.360362771,0.269406237,3.14E-06,0.000285417,0.819902721,0.200687079,0.193140717,0.026807102,0.001983525,1.383808789,140,162,184,255,258,0.000396311,2.91E-05,0.000370929,2.66E-05,0.000442508,3.04E-05,0.019371969
4599,4599,4599,4.4,TKY004,45.41215629,68.28809515,51,139.4034,35.6282,139.894,35.541,20.424,1.5,2.990197667,01:49:00,01:49:47,380,253,177,110,-8.075851371,0.215370707,0.03678,0.547124544,0.248190828,3.04E-06,1.34E-05,0.089581371,0.228188615,0.837993301,0.004307517,0.002226541,0.125666715,135,202,3,270,299,0.001821167,8.37E-05,0.000768787,5.26E-05,0.001183033,9.10E-05,0.034277313
4600,4600,4600,4.4,TKY005,43.4724469,67.0138317,51,139.4156,35.5782,139.894,35.541,7.843,1.5,2.86947934,01:49:00,01:49:48,371,247,170,113,-2.100659727,0.188120651,0.545406828,7.517128471,3.866074464,0.000620355,0.00297436,29.11544031,0.8182812,1.161204438,0.092891444,0.022670364,3.102552288,113,130,218,13,288,0.000397506,2.69E-05,0.000740855,5.06E-05,0.000470209,2.86E-05,0.029940331
4601,4601,4601,4.4,TKY006,39.47647165,64.49334705,51,139.5029,35.699,139.894,35.541,7.074,0.115384615,0.395142993,01:49:00,01:49:54,326,217,134,76,-2.556141795,0.112831206,0.318990696,4.535592097,0.295518216,4.02E-06,0.001016708,2.254604035,0.259536291,0.156142068,0.051614328,0.002537004,2.874226047,211,73,108,208,249,0.000606316,4.44E-05,0.000577529,3.32E-05,0.000476285,2.74E-05,0.017957644
4602,4602,4602,4.4,TKY007,26.64279841,57.53988797,51,139.6859,35.7107,139.894,35.541,11.055,1.5,3.153652968,01:49:00,01:49:46,330,220,142,83,-7.305139275,0.616411792,0.08090951,1.257945457,0.57944413,1.64E-05,6.52E-05,0.385278234,0.476223875,0.226107834,0.008655258,0.005042465,0.088224449,290,239,244,292,299,0.001234156,7.23E-05,0.002066838,9.07E-05,0.002151323,7.51E-05,0.098104984
4603,4603,4603,4.4,TKY008,95.67859951,108.4222966,51,139.3909,34.7852,139.894,35.541,12.208,0.157894737,1.219527467,01:49:00,01:49:52,506,337,246,160,-2.227843982,0.133805999,0.234110016,2.848180592,0.685120902,2.06E-05,0.000548041,1.885377825,1.121173191,1.249471761,0.05920864,0.00445495,2.780285321,98,98,101,21,291,0.000469335,3.26E-05,0.000422013,2.19E-05,0.000533243,3.71E-05,0.021295886
4604,4604,4604,4.4,TKY009,103.4661402,115.352686,51,139.4412,34.6874,139.894,35.541,4.927,0.01,1.968880999,01:49:00,01:50:04,403,269,232,182,-4.543337015,0.085547026,0.063172391,0.767266783,0.28875057,3.90E-06,3.97E-05,0.181828897,0.105819061,0.079488029,0.016693173,0.002534505,1.226066024,295,289,292,262,284,0.013323752,0.000305795,0.008614637,0.000111487,0.010324676,9.60E-05,0.013615232
4605,4605,4605,4.4,YMN001,92.24351618,105.4033504,51,138.9198,35.7895,139.894,35.541,2.338,0.011278195,0.252143384,01:49:00,01:50:03,1215,810,405,235,-6.657118827,0.102039191,0.029811988,0.419173391,0.015157548,1.43E-08,8.89E-06,0.019864772,0.084848398,0.12102079,0.00590177,0.000255254,0.363408561,47,155,185,49,60,0.000192503,4.18E-06,0.000111985,5.67E-06,0.000359071,2.75E-05,0.016240042
4606,4606,4606,4.4,YMN002,86.02041432,100.0025584,51,138.947,35.6132,139.894,35.541,2.991,0.010948905,0.479728436,01:49:00,01:50:02,362,242,158,98,-4.823720899,0.096537465,0.101744939,1.362884877,0.120598394,6.03E-07,0.000103519,0.232620021,0.106168218,0.109724219,0.015987148,0.000836463,1.040530869,61,283,226,64,68,0.000198182,7.72E-06,0.000321563,1.63E-05,0.000422047,2.62E-05,0.015364415
4607,4607,4607,4.4,YMN004,107.0265839,118.5566939,51,138.7266,35.702,139.894,35.541,3.04,0.103448276,0.904764278,01:49:00,01:50:06,630,420,210,131,-4.162574116,0.080514602,0.07566023,0.992867192,0.159887598,1.18E-06,5.71E-05,0.228701397,0.143680338,0.259133501,0.01720467,0.001058827,1.342615252,100,144,232,98,92,0.008096781,0.00022248,0.007585511,0.000180168,0.006931283,0.000214976,0.012814297
4608,4608,4608,4.4,YMN010,136.9647801,146.151808,51,138.4096,35.7918,139.894,35.541,2.144,1.5,3.168688297,01:49:00,01:50:13,971,647,363,273,-4.931658195,0.429051452,0.281496372,4.333057925,2.034498793,0.000200567,0.000788607,4.939242145,0.137331038,0.575535726,0.028158073,0.01739812,0.412357043,196,260,224,273,299,0.005635154,0.00036894,0.00481559,0.000139871,0.003534088,0.000126997,0.068285659
4609,4609,4609,4.4,HRS005,222.1344835,225.5321014,39,133.2807,34.777,135.267,33.64,3.036,1.5,3.137712797,21:27:00,21:28:27,730,487,266,172,-4.835374067,0.635287316,0.33732467,5.174612048,2.406113154,0.000282591,0.001133163,7.397690504,2.908236692,4.786567968,0.033497314,0.020825431,0.331298651,218,114,239,290,299,0.007276821,0.00031188,0.005947883,0.000270037,0.006730559,0.0002899,0.101109117
4610,4610,4610,4.4,HRS009,291.053486,293.6547832,39,132.2794,34.4926,135.267,33.64,1.488,1.5,1.56499289,21:27:00,21:28:44,583,389,249,163,-10.01960848,0.136127077,0.007697638,0.105692474,0.028215998,3.67E-08,5.91E-07,0.002273951,1.346830285,1.428599358,0.001263848,0.000202805,0.058335116,154,191,57,89,139,0.001162763,3.58E-05,0.002695336,0.000149148,0.002654635,0.000144553,0.021665297
4611,4611,4611,4.4,HRS010,229.7317061,233.0185761,39,133.0501,34.5887,135.267,33.64,1.56,1.5,3.184793411,21:27:00,21:28:29,388,258,146,80,-6.392248049,0.457771483,0.13804418,2.124895213,1.007108727,4.88E-05,0.000189831,1.181515369,0.009656474,0.621413105,0.013508401,0.008475287,0.185410817,70,249,107,272,299,0.003754303,0.000181351,0.002351556,8.83E-05,0.004168973,0.000123078,0.072856594
4612,4612,4612,4.4,HRS020,206.9957866,210.6377357,39,133.1693,34.3027,135.267,33.64,3.417,1.5,3.154125025,21:27:00,21:28:25,649,433,331,247,-6.656928894,0.372339531,0.095534043,1.469512965,0.687352351,2.29E-05,9.10E-05,0.566087918,6.266568469,5.584350786,0.010378696,0.005829391,0.17513926,155,111,7,282,299,0.003072429,9.52E-05,0.00468964,0.000312919,0.004734239,0.000309796,0.059259677
4613,4613,4613,4.4,HRS021,245.5823181,248.6597575,39,133.1171,34.9529,135.267,33.64,2.417,1.5,0.971317288,21:27:00,21:28:34,690,460,230,141,-8.272538504,0.087688981,0.01115639,0.153149686,0.023675706,2.97E-08,1.24E-06,0.003475288,0.321869672,0.149589098,0.00220886,0.000253012,0.158271641,203,26,94,263,296,0.001655799,4.97E-05,0.00284628,9.20E-05,0.00238984,6.12E-05,0.013956135
4614,4614,4614,4.4,HYG024,102.5120247,109.6800583,39,134.9904,34.533,135.267,33.64,2.077,1.5,2.889196667,21:27:00,21:28:03,375,250,174,111,-5.524353447,0.170179923,0.099211125,1.439368829,0.647182677,2.08E-05,9.83E-05,0.492319961,0.528047776,0.004057983,0.018178698,0.006289797,0.671172759,298,18,159,282,297,0.015021243,0.0003133,0.001356462,7.78E-05,0.001440093,3.51E-05,0.027084976
4615,4615,4615,4.4,HYG025,84.87209472,93.40381396,39,134.9014,34.3405,135.267,33.64,3.728,0.010676157,1.404463691,21:27:00,21:27:59,528,352,196,115,-5.325824899,0.097398668,0.083798132,1.165016809,0.290795085,3.51E-06,7.02E-05,0.258603057,0.198133786,0.148021629,0.012751179,0.001838833,0.822578212,69,51,77,66,40,0.000151792,1.02E-05,7.12E-05,4.68E-06,0.00012843,9.62E-06,0.015501479
4616,4616,4616,4.4,HYG026,96.62516848,104.1989596,39,134.7925,34.4149,135.267,33.64,3.872,0.125,0.318658386,21:27:00,21:27:50,645,430,215,131,-4.218970177,0.142081739,0.119939237,1.390915677,0.094635001,3.70E-07,0.000143844,0.313867651,1.648043328,2.713675602,0.025158867,0.000757792,1.112583689,53,41,40,50,293,6.36E-05,3.90E-06,4.99E-05,3.48E-06,8.20E-05,5.26E-06,0.022613011
4617,4617,4617,4.4,HYG027,84.0253064,92.63504799,39,134.7292,34.2499,135.267,33.64,2.659,1.5,2.471084797,21:27:00,21:27:59,1639,1093,546,403,-4.01047964,0.262029368,0.129273568,1.553792694,0.790141325,2.58E-05,0.000167054,1.284396221,0.513818178,0.267809144,0.035108308,0.004596652,0.841859842,5,27,23,8,281,6.22E-05,3.99E-06,0.000194682,1.28E-05,0.000257369,1.89E-05,0.041703269
4618,4618,4618,4.4,KGW003,152.9757669,157.8688863,39,133.7896,34.2652,135.267,33.64,1.774,1.5,3.16615347,21:27:00,21:28:14,737,491,246,169,-5.102054743,0.676777282,0.270442855,4.163492443,1.954621721,0.000184824,0.000727872,4.592289514,23.86890227,0.359424524,0.028284906,0.016747063,0.262596443,220,217,237,294,299,0.004986269,0.000298172,0.009593438,0.000491516,0.006476626,0.000265523,0.10771245
4619,4619,4619,4.4,KGW005,159.5716796,164.2684416,39,133.6354,34.1138,135.267,33.64,4.017,1.5,3.182457934,21:27:00,21:28:14,272,181,115,67,-2.564185783,0.776468948,1.553557386,23.96783817,11.25957872,0.00616496,0.024030601,154.9498314,47.20236705,286.475908,0.146214445,0.096404361,1.18316702,21,26,3,291,299,0.021734648,0.001322932,0.014961024,0.000842839,0.030776349,0.002002225,0.123578871
4620,4620,4620,4.4,KGW006,120.603256,126.7522992,39,134.1856,34.2496,135.267,33.64,1.922,0.115384615,0.2234518,21:27:00,21:28:07,1005,670,335,321,-6.36373535,0.125799379,0.046691676,0.627060868,0.022130205,2.75E-08,2.18E-05,0.046393398,0.021545307,0.061852767,0.008267982,0.000247572,0.412953243,112,150,190,286,289,0.006147455,0.000163355,0.002700388,8.04E-05,0.002744741,0.00011093,0.020021593
4621,4621,4621,4.4,KOC001,92.15276011,100.0656344,39,134.2814,33.5275,135.267,33.64,3.528,0.096774194,0.584669906,21:27:00,21:27:48,501,334,181,115,-1.06826087,0.081755576,0.45989034,5.418612638,0.647421163,1.83E-05,0.002114986,5.024932999,1.198936293,2.14914915,0.090859155,0.005221893,6.982825353,36,61,41,16,30,9.33E-05,4.47E-06,8.42E-05,3.39E-06,0.000100921,4.66E-06,0.013011804
4622,4622,4622,4.4,KOC002,109.0993124,115.8605195,39,134.1681,33.2903,135.267,33.64,1.197,1.5,3.21726988,21:27:00,21:28:06,374,249,185,181,-1.854106977,0.903563738,2.539951098,39.42620425,18.68397166,0.016844741,0.064246443,400.9643818,2.326207647,4.616925114,0.231115782,0.157252756,1.607128779,5,15,272,299,299,0.039363907,0.002298034,0.020117255,0.001026863,0.019019764,0.000961981,0.143806635
4623,4623,4623,4.4,KOC003,126.9578232,132.8129846,39,133.9068,33.5014,135.267,33.64,1.49,0.136363636,0.810216435,21:27:00,21:28:07,327,218,153,96,-2.715937672,0.09445332,0.123786988,1.362359827,0.222508868,2.55E-06,0.000153222,0.36073425,0.324180214,1.035315617,0.037425048,0.001890239,2.489573779,153,218,182,152,278,0.034394216,0.001154165,0.025667551,0.000842052,0.026976734,0.000991659,0.015032713
4624,4624,4624,4.4,KOC004,128.7829485,134.5587152,39,133.8771,33.6975,135.267,33.64,1.642,0.09375,1.344684778,21:27:00,21:27:53,450,300,215,137,-2.746794293,0.128814265,0.14754088,1.649128316,0.487653256,9.97E-06,0.000217645,0.803252893,0.340729514,0.227173087,0.046783858,0.003043665,2.281980558,20,78,51,18,275,0.00019768,1.33E-05,0.000156065,5.92E-06,0.000171512,1.02E-05,0.020501427
4625,4625,4625,4.4,MIE007,149.6491901,154.6475997,39,136.3404,34.651,135.267,33.64,2.162,1.5,1.688752952,21:27:00,21:28:12,551,368,248,158,-5.773001525,0.128722178,0.064259987,0.895740849,0.255302246,2.98E-06,4.13E-05,0.162801707,2.380122594,5.57186989,0.010575174,0.001823084,0.516195266,197,297,243,264,299,0.008523494,0.000202771,0.009932426,0.000258844,0.013061197,0.000292152,0.020486771
4626,4626,4626,4.4,MIE008,134.3975132,139.9417434,39,136.1073,34.6285,135.267,33.64,3.95,0.111111111,1.119865652,21:27:00,21:28:08,489,326,242,234,-6.805790078,0.111713538,0.040080389,0.550939086,0.108449462,5.10E-07,1.60E-05,0.043018099,0.056596704,0.086538937,0.006085632,0.00068533,0.342278599,116,241,158,148,222,0.005814927,0.000131897,0.006024254,0.000171381,0.004550393,0.000185476,0.017779762
4627,4627,4627,4.4,MIE014,95.67702837,103.3203453,39,136.1687,34.0638,135.267,33.64,3.797,0.010135135,1.694745244,21:27:00,21:28:01,2580,1720,929,840,-3.474921397,0.085728407,0.113138572,1.39384607,0.461102354,9.31E-06,0.000127996,0.589783724,0.301097017,0.522352324,0.027037265,0.003315948,1.981608601,40,57,60,17,38,4.81E-05,3.89E-06,6.93E-05,5.71E-06,9.93E-05,5.65E-06,0.0136441
4628,4628,4628,4.4,MIE016,65.74043847,76.43824468,39,135.9188,33.8764,135.267,33.64,6.468,1.5,1.484029394,21:27:00,21:27:54,844,562,281,162,-3.231464006,0.101322847,0.164770033,2.069374439,0.583391987,1.51E-05,0.000271434,1.06851427,0.364548958,0.403178911,0.03917559,0.003921443,2.42933847,46,74,75,20,46,5.90E-05,3.95E-06,9.00E-05,5.35E-06,7.39E-05,5.02E-06,0.016126032
4629,4629,4629,4.4,MIE017,127.0481244,132.8993074,39,136.3348,34.3624,135.267,33.64,2.203,0.375,0.810003416,21:27:00,21:28:07,1068,712,356,214,-7.737857802,0.128294029,0.019564856,0.252632659,0.033490578,6.36E-08,3.83E-06,0.01427062,0.009087912,0.015496012,0.004538213,0.000466015,0.22225845,113,220,86,85,93,0.003698333,0.000146021,0.004147613,0.000105251,0.004862985,0.000165456,0.020418629
4630,4630,4630,4.4,NAR001,126.8511837,132.71105,39,135.7272,34.7154,135.267,33.64,1.642,1.5,3.18306208,21:27:00,21:28:09,731,487,244,169,-3.97677654,0.795043143,0.616221307,9.493392119,4.472349099,0.000970353,0.003780937,23.92554093,41.10916582,7.863699632,0.061039462,0.038160444,0.482391749,7,8,33,295,299,0.01141517,0.000648247,0.014190983,0.000693662,0.010060308,0.000420709,0.126535046
4631,4631,4631,4.4,NAR002,125.7278179,131.6377005,39,135.8352,34.6683,135.267,33.64,2.255,1.5,3.133386901,21:27:00,21:28:09,684,456,243,184,-6.422418703,0.389445145,0.113774371,1.732366417,0.816948749,3.21E-05,0.000129151,0.748959985,0.340720759,0.179882047,0.011735429,0.006684539,0.189335715,176,262,268,290,299,0.004724291,0.00026242,0.005238351,0.00023643,0.005852168,0.00024048,0.06198212
4632,4632,4632,4.4,NAR003,106.0247103,112.970081,39,135.7191,34.5169,135.267,33.64,3.092,1.5,1.585724354,21:27:00,21:28:03,557,371,189,156,-5.968050224,0.094213335,0.036860908,0.505034172,0.140056837,8.65E-07,1.36E-05,0.090987558,0.082564024,0.116723305,0.007937568,0.001029579,0.529364671,7,169,122,13,292,0.001405844,3.88E-05,0.000581033,3.61E-05,0.000660473,4.33E-05,0.014994518
4633,4633,4633,4.4,NAR004,117.1320134,123.4540747,39,135.9512,34.528,135.267,33.64,1.548,1.5,2.997170895,21:27:00,21:28:05,814,543,271,191,-6.85123498,0.201401307,0.040476066,0.581395678,0.277296054,3.72E-06,1.64E-05,0.094789627,0.011306439,0.618296657,0.006700828,0.002316478,0.209048011,236,292,226,221,297,0.003325393,0.00014337,0.003194217,0.000121067,0.002586965,8.42E-05,0.032054014
4634,4634,4634,4.4,NAR005,87.06899618,95.40445532,39,135.6883,34.3408,135.267,33.64,4.393,3,2.194880486,21:27:00,21:27:58,468,312,186,122,-8.685908035,0.077718688,0.010873811,0.138365744,0.058868181,1.44E-07,1.18E-06,0.026517239,0.001800497,0.059181238,0.002275197,0.000377085,0.183938847,27,7,284,29,298,0.001564149,1.96E-05,0.001551443,2.07E-05,0.001249552,2.17E-05,0.012369313
4635,4635,4635,4.4,NAR006,100.2097264,107.5313408,39,135.9541,34.3383,135.267,33.64,3.147,0.230769231,0.441686258,21:27:00,21:28:01,1019,679,358,244,-4.676758692,0.119396392,0.101709706,1.34057787,0.111518816,5.11E-07,0.000103431,0.234003185,0.38455956,0.437579964,0.019113918,0.000810154,1.005861964,108,187,184,146,149,0.000145743,9.29E-06,6.92E-05,3.37E-06,0.000188344,1.25E-05,0.019002526
4636,4636,4636,4.4,NAR007,77.82967555,87.05434163,39,135.7369,34.2213,135.267,33.64,10.448,0.011363636,1.129602012,21:27:00,21:27:47,1155,770,385,273,-3.488201446,0.083370081,0.124029015,1.583292654,0.335522268,4.97E-06,0.000153802,0.533897484,0.470941332,0.725050492,0.026578214,0.002334597,2.003066849,34,43,39,32,30,5.71E-05,3.72E-06,5.29E-05,3.52E-06,5.32E-05,3.79E-06,0.01326876
4637,4637,4637,4.4,NAR008,87.56448151,95.85686424,39,136.0046,34.1352,135.267,33.64,10.174,0.0625,0.346515811,21:27:00,21:27:58,721,481,240,141,-3.046460911,0.070121862,0.13770453,1.878573847,0.115386854,5.77E-07,0.000189614,0.418035313,0.301264898,0.314031856,0.030397394,0.000964749,2.723722041,41,96,48,43,45,5.01E-05,2.69E-06,6.74E-05,5.38E-06,0.000117523,7.64E-06,0.011160241
